sample	core	age_kyr	d18O	sst	MEbrown	MEgreen	MEblue	MEturquoise	MEyellow	analysis_partition	harmonization_mode
LV3003046953	ST8	1.5215	3.203925	7.82527505425364	-0.342579145272631	2.30068301295544	0.180624368958546	0.941577173184105	0.476178448409442	training	corewise_z
LV3003046939	ST8	2.42	3.2262	6.89400787736814	-0.364432806474982	2.63010098127691	-0.0102210672161023	0.897312756892698	0.359172760049384	training	corewise_z
LV3003047045	ST8	3.5865	3.295865	6.70676913757569	-0.364432806474986	2.71875717188697	-0.123586926428022	0.750504885798425	0.163743484340181	training	corewise_z
LV3003047028	ST8	4.753	3.26988	6.51953039778323	-0.364432806474985	-0.614707852719389	-0.418620362653777	-2.00660823866309	-1.72659459411794	training	corewise_z
LV3003047013	ST8	5.885	3.32195	6.33782936611152	-0.364432806474985	2.40702094061877	-0.172717987040996	0.412506582006964	-0.206233331332555	training	corewise_z
LV3003046995	ST8	6.9705	3.36882	6.16359220190688	-0.364432806474985	2.45772040319733	-0.0942563560438744	0.513504927540271	0.0234662458675944	training	corewise_z
LV3003046980	ST8	8.056	3.41776	6.25245183951933	-0.364432806474985	2.41313185082944	-0.165929899690062	0.502663794775125	-0.0918267420386535	training	corewise_z
LV3003046952	ST8	10.26	3.5408	6.52726089941695	-0.364432806474985	2.71153603100041	-0.00924005447094089	0.407504897027276	0.16960784919752	training	corewise_z
LV3003046938	ST8	11.169	3.65408	6.64060093364877	-0.364432806474985	2.78935070522362	0.120139431168823	0.53758512868446	0.561679337121776	training	corewise_z
LV3003047044	ST8	12.078	3.93092	6.75394096788059	-0.311560387157241	-0.477202589530717	-0.316450730288868	0.313120211641443	0.712285604077609	training	corewise_z
LV3003047027	ST8	12.877	4.04278	6.85356548641879	-0.311508097221176	2.37612760048934	0.145791671631761	0.731352456868784	0.78829736401048	training	corewise_z
LV3003047010	ST8	13.676	4.20872	6.95319000495699	-0.336848501845075	2.64650511344281	0.187743687934107	0.596408407779108	0.13721039801473	training	corewise_z
LV3003046994	ST8	15.549	4.63274	7.18672783126745	3.60693919181802	-0.567944762942052	-0.398248076207231	0.0657888651808145	-0.0930654006292903	training	corewise_z
LV3003046979	ST8	16.461	4.80993	7.29869936048704	1.43175055122371	1.42935504462521	-0.202353972168181	0.695967284423325	0.836575642901756	training	corewise_z
LV3003046966	ST8	17.373	4.93222	7.34478712009314	0.715824749348318	-0.335746487740132	0.584930042008041	0.927362656591077	1.15814072548416	training	corewise_z
LV3003046950	ST8	18.099	5.01406	7.38147540241116	0.494604158691147	0.0245876315080202	1.45515405881254	1.0288085181466	1.32161696055347	training	corewise_z
LV3003046937	ST8	18.598	4.98412	7.40669227965178	0.187926611769193	-0.25164315320406	0.178776223623527	0.770974026707266	1.01639654301552	training	corewise_z
LV3003047041	ST8	19.097	4.96291	7.4319091568924	2.36131146367916	0.298694964087475	2.89958512750891	1.27557321457403	1.39410987220796	training	corewise_z
LV3003047026	ST8	19.565	4.97695	7.455559454585	4.85048715314788	-0.057083503010366	0.949231991273084	0.941406363501066	0.980772242603574	training	corewise_z
LV3003047009	ST8	20.142	4.97864	7.48471804810772	4.27949123808966	-0.638575228927402	0.208815261052128	0.39555601380149	0.364852524013948	training	corewise_z
LV3003046993	ST8	20.719	4.93248	7.51387664163044	4.93917506421301	2.25601693738254	1.20978452931465	1.00101373098717	0.991951270955964	training	corewise_z
LV3003046978	ST8	21.296	4.90112	7.54303523515316	1.52306535543	0.0818199841260727	3.13087633768193	1.19718347918113	1.36561406733025	training	corewise_z
LV3003046965	ST8	21.8323333333333	4.88503	7.57013874582794	1.80036293276544	0.484363006246993	4.65844302525657	1.43033169290212	1.65379399873185	training	corewise_z
LV3003046949	ST8	22.3686666666667	4.87262666666667	7.59724225650273	0.424427705958023	0.121672281424352	3.28063936408031	1.15268220986351	1.39239568543942	training	corewise_z
LV3003046936	ST8	22.905	4.8619	7.62434576717752	1.25898800170643	0.336643880496797	4.08754897004119	1.38253142687544	1.56479560250094	training	corewise_z
LV3003047145	ST8	23.446	4.8377	7.65168510703157	2.82215556921194	-0.364637449327731	0.279036981808316	0.768774594949811	0.947206496725257	training	corewise_z
LV3003047132	ST8	23.987	4.81065	7.67902444688563	0.591744120906958	0.451474689651594	4.48887443624254	1.45413251727058	1.69875393730019	training	corewise_z
LV3003047118	ST8	24.528	4.81528	7.70636378673969	0.351484663720645	0.232785506299419	2.9484703816964	1.19473280222515	1.43675419335568	training	corewise_z
LV3003047099	ST8	25.058	4.8113	7.73314724352832	-0.198923949986044	-0.537488064771707	0.348446900314651	0.694345474119794	0.996861342294295	training	corewise_z
LV3003047071	ST8	26.141	4.68128	7.78787645806057	-0.315639975763658	-0.678165910110315	-0.198572091862136	0.57737720693968	0.87697292460783	training	corewise_z
LV3003047169	ST8	26.6703333333333	4.72362666666667	7.81462622496645	-0.181938827856419	-0.714249901799111	0.249271120023635	0.650558559392018	0.948593854426157	training	corewise_z
LV3003047156	ST8	27.1996666666667	4.75	7.84137599187233	-0.277741575781988	-0.385657863231075	0.252420720491757	0.689082597283993	0.944007337218958	training	corewise_z
LV3003047144	ST8	27.729	4.75	7.87282431997209	-0.315349442151769	-0.277613683336172	0.369880262775474	0.885760553347263	1.16905983801112	training	corewise_z
LV3003047131	ST8	28.2453333333333	4.74509333333333	7.95468779538517	-0.296489882010979	0.0583461696261995	-0.376123012469564	0.698745187045759	0.681973022536439	training	corewise_z
LV3003047117	ST8	28.7616666666667	4.73476666666667	8.03655127079825	-0.316648786723266	-0.344223164252047	-0.370225176877384	0.546355438900902	0.683300239098947	training	corewise_z
LV3003047098	ST8	29.278	4.69942	8.11841474621133	-0.341814299464908	-0.741685855264688	-0.364644544994566	0.0752000370212911	0.133621594003026	training	corewise_z
LV3003047085	ST8	29.703	4.65267	8.18579752939511	-0.0843981830410055	-0.677210596602407	-0.115444749907267	0.443291440087776	0.858979055731706	training	corewise_z
LV3003047070	ST8	30.128	4.62	8.25318031257889	-0.263900766185729	-0.74168585526469	-0.326624667322895	0.380158766236413	0.590061889021797	training	corewise_z
LV3003047168	ST8	30.497	4.62	8.31168442315493	0.0165153726083567	-0.567425165860315	-0.0497584051705424	0.495239285859132	0.830764094643897	training	corewise_z
LV3003047155	ST8	30.9475	4.62	8.38311017332974	-0.340067002912688	-0.741685855264688	-0.393893850885131	-0.0830700256233774	-0.175251749264325	training	corewise_z
LV3003047143	ST8	31.398	4.61204	8.45453592350455	-0.309928141786734	0.0367392708705101	-0.397918608773105	0.577530420155801	0.746183370516394	training	corewise_z
LV3003047130	ST8	31.936	4.60128	8.53983459962896	-0.340817370111872	-0.358954183682512	-0.354225844572311	0.31756603813425	0.64706643094568	training	corewise_z
LV3003047114	ST8	32.3855	4.59229	8.61110180207863	-0.364432806474985	-0.20026347906476	-0.418620362653777	0.331371500325346	0.35158807096026	training	corewise_z
LV3003047097	ST8	32.835	4.5833	8.6823690045283	-0.279760605065221	-0.115154696639947	-0.398605439299423	0.558059087179692	0.700136488540307	training	corewise_z
LV3003047084	ST8	33.276	4.58276	8.75228855131429	-0.262998083972485	1.15407985179907	-0.211660235364534	0.820929051112681	0.902861523685038	training	corewise_z
LV3003047069	ST8	33.7436870748299	4.5874368707483	8.82643927310517	-0.239754904866079	-0.466093701547423	-0.358290707876416	0.506836744287881	0.641336294753502	training	corewise_z
LV3003047167	ST8	34.67812	4.556094	8.97459148768522	-0.316977577031087	-0.741685855264688	-0.418620362653777	-0.0240062273408117	0.188967776849306	training	corewise_z
LV3003047154	ST8	35.13012	4.5282892	9.04625505944773	-0.320460387190117	-0.263952012028705	-0.418620362653777	0.456384327361463	0.397522310591617	training	corewise_z
LV3003047142	ST8	35.5823	4.487593	9.11794716980078	-0.291752851985156	-0.741685855264688	-0.337262197928511	0.0320489872280083	0.471174203152298	training	corewise_z
LV3003047129	ST8	36.0373	4.450373	9.19008638473871	-0.157851503480868	-0.741685855264688	-0.26760800973116	0.468547101889135	0.731181756437848	training	corewise_z
LV3003047113	ST8	36.48927	4.4548927	9.26174520006947	-0.112457430732613	-0.551411130188367	0.0906570722119995	0.787147529434364	0.952908090385271	training	corewise_z
LV3003047096	ST8	36.89377	4.4589377	9.23725876185055	-0.216380663330405	-0.679016393849222	-0.255566118289678	0.588478218538481	0.841189768055949	training	corewise_z
LV3003047083	ST8	37.30319	4.4448405	9.1756505076159	-0.337974184958141	-0.426051930141733	-0.329685429282978	0.468414595051277	0.664382828775499	training	corewise_z
LV3003047068	ST8	37.78969	4.4205155	9.10244349358346	-0.314199490551214	-0.640318866967002	-0.282623434145165	0.465480132016558	0.627260637276298	training	corewise_z
LV3003047166	ST8	38.27343	4.4482802	9.0296517958074	-0.340557004315409	-0.118405543567794	-0.358600722936861	0.622340710602467	0.818709854097259	training	corewise_z
LV3003047153	ST8	38.71393	4.5099502	8.96336671938132	-0.339498504296437	-0.0302224805411518	-0.380351563765802	0.660195917184521	0.82568486364418	training	corewise_z
LV3003047141	ST8	39.15347	4.55	8.89722610078355	-0.364432806474985	-0.741685855264688	-0.418620362653777	-2.11768078923619	-1.67795105955497	training	corewise_z
LV3003047128	ST8	39.57797	4.55	8.83334865482924	-0.273930664882431	-0.741685855264688	-0.209633902593869	0.465482598944938	0.754396709212462	training	corewise_z
LV3003047112	ST8	40.0335	4.54866	8.76480191052874	-0.339454912423432	-0.297112159920322	-0.358394981199864	0.641722621866047	0.847243184978241	training	corewise_z
LV3003047095	ST8	40.9751666666667	4.51099333333333	8.62310282547109	-0.303520039831392	-0.170612574374816	-0.375823042663033	0.437353270937392	0.370390184270846	training	corewise_z
LV3003047082	ST8	41.9168333333333	4.50083166666667	8.48140374041344	-0.319727432660239	-0.408022338140043	-0.401434626055036	0.238614429213887	0.187287043641349	training	corewise_z
LV3003047067	ST8	42.86602	4.4653592	8.33857306903406	-0.162082231065714	0.198814189201764	-0.340168432915475	0.701117292279341	0.845285634862973	training	corewise_z
LV3003047164	ST8	43.93302	4.4786604	8.37946113303367	-0.364432806474985	-0.612066780237102	-0.402405934433468	0.242737085271386	0.115658903517138	training	corewise_z
LV3003047152	ST8	45.00002	4.3300006	8.47849004532337	-0.343336571613093	0.0669330995187091	-0.395270688427065	0.513653419736041	0.684648454640554	training	corewise_z
LV3003047140	ST8	46.0948	4.361896	8.58009723613548	-0.364432806474985	-0.741685855264688	-0.418620362653777	-1.38973223653198	-1.24775418997206	training	corewise_z
LV3003047127	ST8	47.6248	4.423736	8.72209745713196	-0.341598822582835	-0.741685855264688	-0.418620362653777	-0.455211339680571	-1.21961248227187	training	corewise_z
LV3003047110	ST8	49.1548	4.441424	8.86409767812845	-0.364432806474985	-0.677182416971267	-0.418620362653777	0.096582684765712	-0.188134110543975	training	corewise_z
LV3003047094	ST8	50.6848	4.333152	8.71916462667657	-0.364432806474985	0.188046455785069	-0.402562193353454	0.446563761492242	0.136778268680012	training	corewise_z
LV3003047081	ST8	52.20718	4.3369334	7.53394237030326	-0.312301345182158	-0.204200714191858	-0.289145955755717	0.494406027968645	0.443925811002316	training	corewise_z
LV3003047065	ST8	53.61018	4.4033892	6.44166131978254	-0.154690441269972	-0.741685855264688	-0.342924944383109	-0.650918531977103	-0.806669083550831	training	corewise_z
LV3003047161	ST8	54.98346	4.3111578	6.47543092855096	-0.364432806474985	-0.741685855264688	-0.418620362653777	-2.18072606785173	-1.56278266448885	training	corewise_z
LV3003047160	ST8	55.8911266666667	4.34564506666667	6.67190717786631	-0.364432806474985	-0.741685855264688	-0.418620362653777	-2.26048703192557	-1.64117402292924	training	corewise_z
LV3003047159	ST8	56.7987933333333	4.41390346666667	6.86838342718166	-0.339428202308713	-0.135029003202237	-0.418620362653777	0.187106515423576	-0.201596157829761	training	corewise_z
LV3003047158	ST8	57.70646	4.4723876	7.06485967649701	-0.321634995160716	-0.681433527358599	-0.342781636546921	-0.105677927379672	0.342152597647444	training	corewise_z
LV3003047139	ST8	58.6141266666667	4.4531524	8.62798528680874	-0.34077779171946	-0.741685855264688	-0.379718626688925	-0.0491476475304061	0.296801669276526	training	corewise_z
LV3003047150	ST8	59.5217933333333	4.51870486666667	8.44254713374637	-0.261993904919386	-0.608691743419297	-0.182874594534055	0.465902454788113	0.896753614688936	training	corewise_z
LV3003047149	ST8	60.4317	4.561147	7.85555370343168	-0.341273581538206	-0.532865717247104	-0.393062365057313	0.112575887342463	-0.123642415819903	training	corewise_z
LV3003047148	ST8	61.3767	4.543903	7.88451611411687	-0.318414236814394	-0.616976605077195	-0.379151111990226	0.266616197468093	0.200460338925366	training	corewise_z
LV3003047147	ST8	62.3217	4.577481	7.91347852480206	-0.296535632341142	-0.638188729110302	-0.377223798713092	0.252525465767108	0.505851446584259	training	corewise_z
LV3003047146	ST8	63.2667	4.484661	7.94244093548725	-0.261098728135105	-0.419678420123777	-0.131579661526233	0.660651987544525	0.902873432955406	training	corewise_z
LV3003047126	ST8	64.210824	4.38529888	7.97137649847746	-0.364432806474985	-0.574971434453312	-0.402439911391723	0.172244045616971	0.0155406990883615	training	corewise_z
LV3003047138	ST8	66.0158	4.567946	8.02669549973556	-0.364432806474985	1.0384524192812	-0.418620362653777	0.313005597014432	-0.313719160224959	training	corewise_z
LV3003047137	ST8	66.9462	4.446994	8.05521044883768	-0.321593266084334	-0.677978188747045	-0.397832740142302	-0.319542914802552	-0.212354017742217	training	corewise_z
LV3003047136	ST8	67.8766	4.422468	8.08372539793979	-0.364432806474985	1.45426233995961	-0.403223989132485	0.440823384996211	0.232157721414977	training	corewise_z
LV3003047134	ST8	68.807	4.46035	8.5256420642359	-0.364432806474985	2.03358241255033	-0.393814709988517	0.17063702434616	-0.529704892075061	training	corewise_z
LV3003047133	ST8	70.162	4.3038	9.41847614468938	-0.364432806474985	0.0590828425860391	-0.418620362653777	0.401367333705489	0.0455010235701451	training	corewise_z
LV3003047107	ST8	71.517	4.21483	10.3113102251429	-0.3440724610474	0.225210909185522	-0.418620362653777	0.515403163621435	0.227286369249888	training	corewise_z
LV3003047125	ST8	72.872	4.22744	9.79667019017442	-0.364432806474985	-0.307079764680497	-0.418620362653777	-0.421057356844439	-1.32907927848347	training	corewise_z
LV3003047124	ST8	74.227	4.01184	8.74840765343023	-0.34146178142291	-0.741685855264688	-0.418620362653777	-1.38214662148181	-1.36102582091978	training	corewise_z
LV3003047123	ST8	75.589	4.01479	7.91867251010661	-0.364432806474985	-0.741685855264688	-0.418620362653777	-1.72581927682036	-1.55267581386764	training	corewise_z
LV3003047122	ST8	76.951	4.07902	8.14654944891421	-0.364432806474985	-0.741685855264688	-0.418620362653777	-1.40330289503032	-1.32628465876201	training	corewise_z
LV3003047093	ST8	79.675	3.94875	8.33291896762292	-0.364432806474985	1.40872482900248	-0.418620362653777	0.411370704305657	-0.439264275853548	training	corewise_z
LV3003047106	ST8	81.06375	3.818725	7.9892783476803	-0.364432806474985	-0.263900408101001	-0.418620362653777	-0.270493449353908	-1.27559546643495	training	corewise_z
LV3003047105	ST8	82.4525	3.813575	7.94999819731899	-0.364432806474985	-0.710086865827061	-0.418620362653777	-1.39947353364282	-1.58733961051235	training	corewise_z
LV3003047104	ST8	83.84125	3.8215875	8.14686985631632	-0.364432806474985	-0.674820853827019	-0.418620362653777	-1.27972569806941	-1.55069445754761	training	corewise_z
LV3003047101	ST8	85.23	3.9753	8.34374151531365	-0.364432806474985	-0.226220632472609	-0.385620526328676	0.103498991212823	-0.758940561809138	training	corewise_z
LV3003047100	ST8	86.61175	4.13341	8.5396208419164	-0.364432806474985	1.17393139072252	-0.375879199199192	0.44375689664684	-0.457153506627532	training	corewise_z
LV3003047080	ST8	87.9935	4.110455	8.44662940914954	-0.364432806474985	0.469760219708437	-0.418620362653777	0.522677875366999	-0.125450007588815	training	corewise_z
LV3003047091	ST8	89.37525	4.072495	8.08112030852452	-0.364432806474985	0.751337503783779	-0.40371770460746	-0.0426213437259157	-1.12671273906439	training	corewise_z
LV3003047090	ST8	90.757	4.03729	7.7156112078995	-0.364432806474985	-0.530337669034761	-0.418620362653777	-1.20775440251198	-1.53913518544768	training	corewise_z
LV3003047089	ST8	92.1385	3.96892	7.35016823882878	-0.364432806474985	0.322702467585528	-0.372742441452781	-1.2424973094795	-1.61072966221813	training	corewise_z
LV3003047088	ST8	93.52	3.8688	6.98472526975806	-0.364432806474985	-0.345892203288149	-0.418620362653777	-1.551172989965	-1.6269644478666	training	corewise_z
LV3003047087	ST8	94.9015	3.776895	6.61928230068734	-0.364432806474985	-0.583075023527592	-0.418620362653777	-1.33614302788462	-1.35015431112075	training	corewise_z
LV3003047064	ST8	96.283	3.77264	6.64358420103273	-0.364432806474985	-0.741685855264688	-0.418620362653777	-2.31284501817379	-1.72659459411794	training	corewise_z
LV3003047079	ST8	97.52	3.8664	6.85473981358423	-0.256248754577576	1.02433181011101	-0.397600043341936	-0.509873834469937	-0.979767849010467	training	corewise_z
LV3003047078	ST8	98.757	3.80916	7.06589542613573	-0.364432806474985	-0.741685855264688	-0.418620362653777	-2.15651986268187	-1.63395696646198	training	corewise_z
LV3003047077	ST8	99.7145	3.801435	7.22934045363618	-0.328555692119018	-0.741685855264688	-0.3947845650611	-1.6178515832541	-1.31025102054961	training	corewise_z
LV3003047074	ST8	100.672	3.88392	7.39278548113664	-0.315198992243732	-0.741685855264688	-0.418620362653777	-2.33762974986261	-1.72659459411794	training	corewise_z
LV3003047073	ST8	101.685	3.8789	7.56570434574025	-0.364432806474985	-0.741685855264688	-0.418620362653777	-2.39729508038102	-1.72659459411794	training	corewise_z
LV3003047162	ST8	102.698	3.87396	7.78994871915485	-0.326075435314005	-0.741685855264688	-0.418620362653777	-2.11571898315516	-1.67811326471278	training	corewise_z
LV3003047063	ST8	103.695	3.9078	8.08727062917724	-0.364432806474985	-0.741685855264688	-0.418620362653777	-2.11547639226359	-1.52340245999756	training	corewise_z
LV3003047062	ST8	104.692	3.87156	8.38459253919963	-0.303859781557783	-0.741685855264688	-0.418620362653777	-1.64342554915709	-1.38550617997627	training	corewise_z
LV3003047061	ST8	105.689	3.95335	8.70043106924403	-0.364432806474985	-0.741685855264688	-0.418620362653777	-1.50098273443496	-1.44944618294773	training	corewise_z
LV3003047060	ST8	106.686	4.02744	9.16482148751936	-0.364432806474985	-0.609243327938158	-0.40092706453596	-1.02642427353121	-1.32003993695613	training	corewise_z
LV3003047059	ST8	107.683	4.08781	9.62921190579469	-0.364432806474985	-0.703766784310639	-0.418620362653777	-1.16364229903922	-1.29318030119951	training	corewise_z
LV7001898100	ST13	5.659	3.30613	6.37410536713431	-0.494276758517056	1.75654933193504	-0.256615321496656	0.423006488223954	-0.265455030207444	training	corewise_z
LV7001898088	ST13	6.031	3.33124	6.31439442739767	-0.416223681582621	1.19134228944479	0.220853056686939	0.763701812916107	0.831303293745201	training	corewise_z
LV7001898076	ST13	6.429	3.34716	6.25051014241062	2.70443333148455	0.605105205718066	2.70140292826347	1.04804262911504	1.24023356370278	training	corewise_z
LV7001898064	ST13	6.808	3.36232	6.18967560972194	2.37570245688094	-0.774056907995004	0.0037599441065853	0.385605382727635	0.428905239786846	training	corewise_z
LV3003061546	ST13	7.197	3.37985	6.14534613060279	3.10223536953835	-1.25310084337653	-0.458418319819345	-0.620103886071334	-0.981400161604608	training	corewise_z
LV3003061533	ST13	7.912	3.4156	6.23449698261132	3.31406805091002	-1.03110001579077	-0.459238486820672	-0.0556672642968057	-0.228413955754881	training	corewise_z
LV3003061518	ST13	9.804	3.49256	6.47040385254158	0.297744260401156	0.1523808275391	1.74600104755074	0.800189612347817	0.942586800771906	training	corewise_z
LV3003061506	ST13	11.95	3.904	6.73798109507347	1.48048613818395	-1.09351269058072	-0.538356836396439	-0.14463383898331	-0.255475298234125	training	corewise_z
LV3003061492	ST13	14.437	4.37177	7.04807643625558	1.69502233789054	0.0347748612521601	2.94743097208764	1.05739665714992	1.29658303142939	training	corewise_z
LV3003061477	ST13	16.726	4.84438	7.31209108888136	0.280309423645713	0.164935660328213	2.97431770662429	1.02713540422308	1.28700216047391	training	corewise_z
LV3003061572	ST13	19.099	4.96297	7.43201022654066	0.620066649270221	-0.258950498222417	2.70626296230416	0.939945633476956	1.21215258218882	training	corewise_z
LV3003061559	ST13	21.069	4.90793	7.53156383007576	-0.246688790075096	-0.27460363813511	-0.145426035404664	0.36674564324739	0.60331074263803	training	corewise_z
LV3003061545	ST13	23.172	4.8514	7.63783856522009	-0.246523539645811	-0.70417947940445	0.255710003698922	0.449942374752612	0.704319688577705	training	corewise_z
LV3003061531	ST13	28.445	4.7411	7.98634449117112	-0.197230725504166	0.0897922574360143	0.278329576514952	0.554174413673012	0.728770960247356	training	corewise_z
LV3003061517	ST13	30.678	4.62	8.34038156140496	-0.368560227616248	0.673801685468368	0.43872348306792	0.60616019974458	0.765351670504137	training	corewise_z
LV3003061505	ST13	32.81	4.5838	8.67840531139984	-0.43035805001821	-0.968619370941811	-0.454632531024035	0.105173304229011	0.283944502913234	training	corewise_z
LV3003061488	ST13	35.041	4.53631	9.03212528618341	-0.253160033492128	-0.255670794505309	0.16306712414767	0.51834357467555	0.687885155273042	training	corewise_z
LV3003061476	ST13	37.16	4.452	9.19719729556924	-0.434244504475798	0.177202881132797	-0.513426571077431	0.173466095343505	0.449990716148719	training	corewise_z
LV3003061571	ST13	40.457	4.53172	8.70107494147892	-0.262261544812401	-1.20577903102832	-0.526202615033179	0.032249322131729	0.0786237767376593	training	corewise_z
LV3003061558	ST13	42.626	4.47496	8.37469053564879	-0.441863608913596	-0.252418578318551	-0.432330902831941	0.310372357857241	0.43684395603544	training	corewise_z
LV3003061544	ST13	45.122	4.33366	8.48981108255027	-0.454829933197825	-0.249885358452346	-0.539585448772186	0.148057117361707	0.33237253902313	training	corewise_z
LV3003061530	ST13	47.046	4.38322	8.66837868071839	-0.494276758517056	-0.699252070808437	-0.621980073903163	-0.214827329069701	-0.332765169684894	training	corewise_z
LV3003061516	ST13	48.537	4.45537	8.80675928823849	-0.494276758517056	-0.826411479159432	-0.617278172726722	-0.00174156517289594	-0.0403721483054354	training	corewise_z
LV3003061504	ST13	50.268	4.33732	8.96741444022863	-0.494276758517056	-0.89631613916379	-0.649467391076937	-0.0956949609808956	-0.0405281853896829	training	corewise_z
LV3003061486	ST13	52.105	4.32365	7.61349281773178	-0.494276758517056	-1.22378758172578	-0.649467391076937	-0.725996115962327	-1.33101828474629	training	corewise_z
LV3003061475	ST13	53.844	4.38936	6.25962485846197	-0.494276758517056	-0.699025509570138	-0.630596324348139	-0.122759525301099	-0.218989343778338	training	corewise_z
LV3003061570	ST13	55.466	4.32864	6.57988298438419	-0.494276758517056	0.567045094992564	-0.610135359998324	0.232254753006524	0.227431440016133	training	corewise_z
LV3003061557	ST13	58.082	4.48508	7.14615019137165	-0.494276758517056	0.867176308518987	-0.619702560167172	-0.0750415434523523	0.000346330527543942	training	corewise_z
LV3003061543	ST13	62.293	4.57949	7.91259892566273	-0.455251431849092	1.00019676421887	0.0347045716983704	0.542746802727991	0.647812155864203	training	corewise_z
LV3003061529	ST13	66.015	4.56805	8.02667098129265	-0.160394696591609	1.11703071163099	0.638671313191111	0.705708342813358	0.787822275891294	training	corewise_z
LV3003061515	ST13	71.0012	4.219988	9.97144024824405	-0.438067458942526	2.07398839281218	0.745383263253312	0.829798784607638	0.788344291220355	training	corewise_z
LV3003061503	ST13	73.1472	4.20056	9.58376845577441	-0.450574635903254	1.11635825988459	-0.285124965258408	0.661630953324674	0.448789785256461	training	corewise_z
LV3003061485	ST13	75.7796	4.035756	7.95056189669746	-0.470536538349	1.71345755977966	0.526352322515215	0.867274370872993	0.725307274066103	training	corewise_z
LV3003061474	ST13	77.7798	4.056606	8.28521641432076	-0.494276758517056	0.689144646356952	-0.585072453906899	0.306094881504569	0.153391241973017	training	corewise_z
LV3003061569	ST13	81.6946	3.806108	7.84255695133946	-0.476428111695347	1.3790138569388	-0.539338228335011	0.394746571867913	0.273029749045944	training	corewise_z
LV3003061556	ST13	86.6174	4.134088	8.5404217959206	-0.494276758517056	0.75390361210583	-0.618389520415508	-0.00204252738151828	-0.348572466389996	training	corewise_z
LV3003061541	ST13	91.09	4.0255	7.62752397756975	-0.494276758517056	0.157571872482836	-0.603832767156837	0.222673606737919	0.0319480742906906	training	corewise_z
LV3003061528	ST13	95.118	3.76764	6.56201237466214	-0.494276758517056	1.53730388550063	-0.0423660618521342	0.610688397743777	0.505665052746604	training	corewise_z
LV3003061514	ST13	100.6726	3.883986	7.39288790099721	-0.446872726793019	1.84300300373429	0.624779129096496	0.813645302750828	0.589690549862317	training	corewise_z
LV3003061501	ST13	105.5872	3.93808	8.6530138730751	-0.494276758517056	0.753495775551506	-0.571319440480551	0.0393976350307261	-0.737957431157161	training	corewise_z
LV3003061489	ST13	112.6068	3.96932	11.8540635522199	-0.494276758517056	0.0543487132238902	-0.632627940457007	-1.39972302571574	-2.11540260412068	training	corewise_z
LV3003061473	ST13	117.088	3.5312	13.8380743760062	-0.494276758517056	-1.03701410861857	-0.649467391076937	-2.09601563103203	-2.1638230830232	training	corewise_z
LV3003061568	ST13	121.6354	3.209168	15.0912241071525	-0.494276758517056	-1.28498725976208	-0.632862480578236	-3.17015161832523	-2.6366266586929	training	corewise_z
LV3003061555	ST13	126.443	3.25303	13.9174660887275	-0.494276758517056	-1.28498725976208	-0.649467391076937	-2.67467807960095	-2.38057206782075	training	corewise_z
LV3003061539	ST13	130.0556	3.677784	12.6881606418456	-0.475455012842653	-0.984795304554658	-0.61158644748404	-0.562164858284578	-0.189251722484834	training	corewise_z
LV3003061527	ST13	133.7754	4.634866	11.4223768846317	-0.494276758517056	-1.28498725976208	-0.649467391076937	-3.23764867865269	-2.63553443796949	training	corewise_z
LV3003061513	ST13	138.493	4.88014	10.3255171456423	-0.438036350945815	-0.879876545523593	-0.591879996705488	-0.646543450476802	-0.407971059273044	training	corewise_z
LV3003061500	ST13	148.086	4.71344	9.56141856461617	0.590475238347795	-1.04560573282515	-0.620086586972922	-0.090934527425498	-0.179629492320228	training	corewise_z
LV7008886714	GeoB25202_R1	0.692	3.23	8.77194686709375	-0.3241437620317	1.47723983064174	0.0762280649403511	0.882599722747783	0.285375369304509	training	corewise_z
LV7008886690	GeoB25202_R1	2.324	3.21564	6.90941715213889	2.48220874395747	-0.97765425199002	-0.319457644134553	-0.865141168828487	-1.18860954130381	training	corewise_z
LV7008886751	GeoB25202_R1	7.1335	3.376675	6.13742853745238	3.43237806298602	-0.883080440499599	-0.244139863310071	0.175047528302516	0.423816836669137	training	corewise_z
LV7008886727	GeoB25202_R1	16.4375	4.806875	7.29751179212	2.06301615012205	-0.180022909368486	4.75999648535842	1.07698714563524	1.52343862886943	training	corewise_z
LV7008886703	GeoB25202_R1	27.6855	4.75	7.86592749392857	-0.296854858180382	-0.571885037067174	0.249878413395249	0.599194814343255	1.14751812812734	training	corewise_z
LV7008886776	GeoB25202_R1	36.607	4.45607	9.28041102375	-0.361146742266816	0.297985307337198	0.476870899395337	0.8405613456899	1.27627462772172	training	corewise_z
LV7008886740	GeoB25202_R1	43.105	4.4621	8.3026120984	-0.387016180084767	-0.552457580149495	-0.188210474155842	0.377339568418755	0.776210948789264	training	corewise_z
LV7008886221	GeoB25202_R1	50.3555	4.336445	8.9755353679	-0.36105603009916	-0.855357473094164	-0.350871354049997	0.241429685839072	0.364285211366908	training	corewise_z
LV7008886692	GeoB25202_R1	53.875	4.3875	6.235490352	-0.387016180084767	-0.884511710378979	-0.350871354049997	-0.163019999402042	-0.544607399665057	training	corewise_z
LV7008886765	GeoB25202_R1	58.181	4.47914	7.16758002833333	-0.276708707198053	-0.385944757921682	-0.350871354049997	0.389204126157355	0.667877265118467	training	corewise_z
LV7008886741	GeoB25202_R1	58.997	4.43018	9.918947659625	-0.387016180084767	-0.943942823645282	-0.350871354049997	-2.19226867982049	-1.38722941169117	training	corewise_z
LV7008886705	GeoB25202_R1	59.738	4.55546	7.834293148625	-0.342462974340453	-0.921533561886429	-0.350871354049997	-1.09584899036383	-1.35888955267575	training	corewise_z
LV7008886778	GeoB25202_R1	68.149	4.42745	8.09207392775	-0.360090385459108	1.66538559462823	0.094661148370582	0.872110691467549	1.0016603906676	training	corewise_z
LV7008886754	GeoB25202_R1	71.8895	4.211105	10.5567572325	-0.243398517454716	1.96821992697443	0.350583085520763	0.922679793237741	1.03955641889565	training	corewise_z
LV7008886730	GeoB25202_R1	75.351	3.98861	7.8788526045	-0.304542286998124	1.38319272048574	-0.0970605601133065	0.898741669671132	0.979423767716894	training	corewise_z
LV7008886706	GeoB25202_R1	79.0255	4.046175	8.49363513875	-0.308586589004999	1.64426931997614	-0.156198797564634	0.81105687573765	0.865085637595791	training	corewise_z
LV7008886743	GeoB25202_R1	81.6705	3.80659	7.83914049266667	-0.340303534205246	0.393516305383698	-0.350871354049997	0.280973768575342	-0.620498833161302	training	corewise_z
LV7008886719	GeoB25202_R1	87.2825	4.160225	8.63470754958333	-0.361016527264326	-0.713388644725829	-0.334750758725467	0.0100512611725438	-1.12272565693517	training	corewise_z
LV7008886695	GeoB25202_R1	95.3875	3.76225	6.490722559125	-0.359512324388346	0.864437542864687	-0.326983186139434	0.514056936008407	0.0600134226100318	training	corewise_z
LV7008886768	GeoB25202_R1	102.2955	3.86591	7.669916553875	-0.387016180084767	1.08037422397499	-0.350871354049997	0.615739314086829	0.654252785168207	training	corewise_z
LV7008886744	GeoB25202_R1	105.5785	3.936775	8.648961519375	-0.339600531620383	-0.180428252508887	-0.350871354049997	-0.303749372470555	-1.38434636220182	training	corewise_z
LV7008886708	GeoB25202_R1	109.6305	4.06956	10.5363336105	-0.338103481811003	0.489207220346143	-0.273215293351381	0.0695079169821092	-0.966694488082308	training	corewise_z
LV7008886781	GeoB25202_R1	120.0235	3.269765	15.13774048625	-0.387016180084767	-0.97765425199002	-0.350871354049997	-2.38734386361587	-1.46838362546579	training	corewise_z
LV7008886757	GeoB25202_R1	123.1195	3.120315	15.0483957938462	-0.387016180084767	-0.97765425199002	-0.350871354049997	-2.27819185982336	-1.36896587425363	training	corewise_z
LV7008886222	GeoB25202_R1	136.2775	4.81445	10.5709554267778	-0.387016180084767	-0.39698661655424	-0.316931572640363	-0.174639780245147	0.194136656719814	training	corewise_z
LV7008886709	GeoB25202_R1	147.206	4.79734	9.36027059022222	-0.350962444149361	-0.861325428842682	-0.242556406345677	-0.117078449503391	0.152024650095042	training	corewise_z
LV7008886726	GeoB25202_R2	0.692	3.23	8.77194686709375	-0.401876161245725	1.30937358253663	-0.165797775327908	0.508095797189489	-0.169160190662948	validation	corewise_z
LV7008886702	GeoB25202_R2	2.324	3.21564	6.90941715213889	3.58966199771188	-0.655900724898788	-0.0513940046898125	0.630064293078151	0.810659959103836	validation	corewise_z
LV7008886763	GeoB25202_R2	7.1335	3.376675	6.13742853745238	2.63988161396612	-1.05411972577273	-0.359190628610698	-1.14113023420553	-1.06869723570648	validation	corewise_z
LV7008886739	GeoB25202_R2	16.4375	4.806875	7.29751179212	1.23379814031052	0.349727743808743	4.642399361498	1.36309747849811	1.91777542130367	validation	corewise_z
LV7008886715	GeoB25202_R2	27.6855	4.75	7.86592749392857	-0.261586796151062	-0.579799923998005	0.507567505881357	0.717430915286946	1.32266573398355	validation	corewise_z
LV7008886226	GeoB25202_R2	36.607	4.45607	9.28041102375	-0.22330034324983	-0.902862755770048	-0.230714503061728	-0.0214452233702554	-0.0641960209232997	validation	corewise_z
LV7008886752	GeoB25202_R2	43.105	4.4621	8.3026120984	-0.401876161245725	-0.857912376417737	-0.318821072575019	0.220811555574824	0.596603846637215	validation	corewise_z
LV7008886728	GeoB25202_R2	50.3555	4.336445	8.9755353679	-0.401876161245725	-0.963942894528845	-0.332360963236229	0.0191545437386608	0.330056416331622	validation	corewise_z
LV7008886704	GeoB25202_R2	53.875	4.3875	6.235490352	-0.401876161245725	-0.640693072217103	-0.337855355209585	-0.128462197463019	-0.185411027167135	validation	corewise_z
LV7008886753	GeoB25202_R2	58.997	4.43018	9.918947659625	-0.374297912148362	-0.640716538093854	-0.317414441309087	-0.672320954928112	-1.05232966806531	validation	corewise_z
LV7008886717	GeoB25202_R2	59.738	4.55546	7.834293148625	-0.375727886272583	-0.334728353837334	-0.339676187836114	-0.225148788845764	-0.897119129735011	validation	corewise_z
LV7008886229	GeoB25202_R2	68.149	4.42745	8.09207392775	-0.263322517394253	1.73306592813985	-0.0183238135058249	0.996956562020876	1.15426110469013	validation	corewise_z
LV7008886766	GeoB25202_R2	71.8895	4.211105	10.5567572325	-0.24823473542937	1.91858736127349	0.337808595850123	0.944794199231709	1.00119057652295	validation	corewise_z
LV7008886742	GeoB25202_R2	75.351	3.98861	7.8788526045	-0.228661510498333	1.40281812593201	0.444162777103645	1.11565545397233	1.27965392282772	validation	corewise_z
LV7008886718	GeoB25202_R2	79.0255	4.046175	8.49363513875	-0.319712562983971	0.894126206104722	-0.244632635868049	0.535508842248876	0.719200755126865	validation	corewise_z
LV7008886755	GeoB25202_R2	81.6705	3.80659	7.83914049266667	-0.401876161245725	1.13965320963573	-0.359190628610698	0.37273915959006	-0.115148104718889	validation	corewise_z
LV7008886731	GeoB25202_R2	87.2825	4.160225	8.63470754958333	-0.374048259012276	-0.701091749675922	-0.359190628610698	-0.163676691235465	-1.10070860700475	validation	corewise_z
LV7008886707	GeoB25202_R2	95.3875	3.76225	6.490722559125	-0.401876161245725	0.0168112251956666	-0.359190628610698	0.137851599474132	-0.49716944525203	validation	corewise_z
LV7008886780	GeoB25202_R2	102.2955	3.86591	7.669916553875	-0.31632034725221	1.30619434894842	-0.203910998841805	0.83748448492012	1.01696524210064	validation	corewise_z
LV7008886756	GeoB25202_R2	105.5785	3.936775	8.648961519375	-0.401876161245725	-0.294663114207903	-0.359190628610698	-0.0206404670252711	-0.811915820275751	validation	corewise_z
LV7008886720	GeoB25202_R2	109.6305	4.06956	10.5363336105	-0.343923503035595	0.876879277971516	-0.252308502320161	0.118586577818946	-0.878673651832126	validation	corewise_z
LV7008886228	GeoB25202_R2	120.0235	3.269765	15.13774048625	-0.360883013001421	-1.05411972577273	-0.359190628610698	-2.89302965686009	-1.68779167053226	validation	corewise_z
LV7008886769	GeoB25202_R2	123.1195	3.120315	15.0483957938462	-0.308212716851866	-1.05411972577273	-0.335125945982697	-2.32195637104136	-1.38648820797349	validation	corewise_z
LV7008886745	GeoB25202_R2	136.2775	4.81445	10.5709554267778	-0.401876161245725	-0.841251746269038	-0.359190628610698	-1.00769897627746	-0.860020960230423	validation	corewise_z
LV7008886721	GeoB25202_R2	147.206	4.79734	9.36027059022222	-0.250100358741593	-0.371314582314011	-0.269267640294216	0.0772780986090979	0.625796761451696	validation	corewise_z
