sample	MEbrown	MEgreen	MEblue	MEturquoise	MEyellow	MEgrey
LV3003046953	-0.0279890420408935	0.139708570177567	0.00456691082125604	0.0558776440252355	0.024721370820417	-0.00809868951978335
LV3003046939	-0.029484637820138	0.161877541485055	-0.00786137595162928	0.0525741845459467	0.0160482931543757	-0.00214822508313903
LV3003047045	-0.0294846378201383	0.167843872210365	-0.0152440173015168	0.0416178929231714	0.00156204628722996	-0.0121432160948237
LV3003047028	-0.0294846378201382	-0.0564896420225218	-0.0344572624621079	-0.164145838976351	-0.138559764877118	-0.0786844588244192
LV3003047013	-0.0294846378201382	0.146864835754937	-0.0184435431743559	0.0163930329974755	-0.0258625832494967	-0.0238691547668058
LV3003046995	-0.0294846378201382	0.15027677754104	-0.0133339441698078	0.0239305534235442	-0.0088360411998213	-0.0177079073780362
LV3003046980	-0.0294846378201382	0.147276084096408	-0.0180014875615636	0.0231214781933756	-0.0173821644907142	-0.00139815492359687
LV3003046952	-0.0294846378201382	0.167357908235974	-0.00779749018119061	0.016019756559133	0.0019967438868303	0.0166385534983034
LV3003046938	-0.0294846378201382	0.172594633144897	0.000627994767728378	0.0257276621487392	0.0310591468611481	0.037599681199691
LV3003047044	-0.0258662158798568	-0.0472358959388125	-0.0278037447466026	0.00897581450001117	0.0422228763225816	0.0185554015235084
LV3003047027	-0.0258626373212367	0.144785794425129	0.00229852672925066	0.040188544516485	0.0478572681771175	0.061560413781184
LV3003047010	-0.0275968548442838	0.162981496855684	0.00503053698717047	0.0301176515625562	-0.000404725770144366	0.00917519070669487
LV3003046994	0.242303560205824	-0.0533426078737604	-0.0331305730570475	-0.00948255792292383	-0.0174739803870939	-0.0238319089023872
LV3003046979	0.0934404969501583	0.0810704672600168	-0.0203735056054227	0.0375477442273391	0.0514359083977393	0.0389620634044658
LV3003046966	0.0444447887426071	-0.0377162687070511	0.0308962113761049	0.0548168126957628	0.0752720053859626	0.106953875135768
LV3003046950	0.0293051479014079	-0.0134667209625099	0.0875671690593736	0.0623877313041546	0.0873897246454317	0.115058148680675
LV3003046937	0.00831710198458956	-0.032056333337725	0.0044465554138542	0.0431455077260653	0.0647651802863403	0.0199243267308865
LV3003047041	0.15705671962087	0.00497998861465542	0.181631789651063	0.0808038145571324	0.0927632809385421	0.141632294645401
LV3003047026	0.327408068097297	-0.0189629756052476	0.0546203788916628	0.0558648964750843	0.0621245195748678	0.0869941679240087
LV3003047009	0.288330905116704	-0.0580958542793593	0.00640276552307808	0.0151280097596434	0.0164693071638643	0.00209323379952878
LV3003046993	0.333477589548684	0.136702659623145	0.0715881499166941	0.0603134025134581	0.0629531680148718	0.111146241685747
LV3003046978	0.0996897946988932	-0.00961513269149163	0.196693996773728	0.0749535778171326	0.0906510218481962	0.147431906923802
LV3003046965	0.118667167982826	0.0174749642843951	0.296172597040126	0.0923534610918925	0.112012435655268	0.217048155423747
LV3003046949	0.0245024923857856	-0.00693317687759122	0.206446904033983	0.0716324419639034	0.09263621638992	0.13964602329688
LV3003046936	0.0816171719028314	0.00753385185203516	0.258994683974083	0.0887861206602733	0.105415405942589	0.201002295851591
LV3003047145	0.188595439505957	-0.0396605551761371	0.0109757629221079	0.0429813638313309	0.0596364497638908	0.0347231906973601
LV3003047132	0.0359531011272184	0.0152616662342915	0.28512990671343	0.0941297198898681	0.115345103019813	0.225010853538435
LV3003047118	0.0195105001934778	0.000544453764991086	0.184815308053104	0.0747706834586571	0.0959243025479498	0.116004842118991
LV3003047099	-0.018157732689669	-0.0512929514105759	0.0154958939211531	0.0374267083012007	0.0633171283544076	0.0358759445733566
LV3003047071	-0.0261454100818862	-0.060760204010068	-0.0201272209997943	0.0286973504249252	0.0544303676128806	0.0372150186314064
LV3003047169	-0.0169953243988199	-0.0631885626709043	0.0090373426291356	0.0341588848293172	0.0597392880212365	0.0637585578113807
LV3003047156	-0.0235517628880417	-0.0410751742847098	0.00924245174058438	0.0370339390786925	0.0593993112174399	0.0599192489149177
LV3003047144	-0.0261255268760633	-0.0338040823760446	0.0168916829979562	0.0517120420055909	0.0760813874965072	0.0849005768770956
LV3003047131	-0.0248348379482996	-0.0111948592703926	-0.0316897388274647	0.0377550594823333	0.0399759481804578	-0.00446802201763179
LV3003047117	-0.0262144499283117	-0.0382867269590191	-0.0313056584242432	0.0263821916071212	0.0400743284599778	-0.0179086501100868
LV3003047098	-0.0279366984014817	-0.0650349308829091	-0.0309422350445502	-0.00878020087334779	-0.00067074681884698	-0.0273652860808387
LV3003047085	-0.010319949717207	-0.060695913899075	-0.014713780337072	0.0186905111925141	0.0530965673125487	0.0338304848540097
LV3003047070	-0.022604541448951	-0.0650349308829092	-0.028466294554461	0.0139789110549648	0.0331630110445014	-0.0150522889882752
LV3003047168	-0.00341374363575161	-0.0533076403434366	-0.0104361368900286	0.022567386071249	0.0510051258425762	0.0378995419875838
LV3003047155	-0.0278171189257869	-0.0650349308829091	-0.032847016048499	-0.0205919174289021	-0.0235660652659632	-0.0198338695567082
LV3003047143	-0.0257545101448672	-0.0126489472820436	-0.033109117392004	0.0287087847483288	0.0447355572456167	-0.00559696442502436
LV3003047130	-0.0278684716948077	-0.0392780862001317	-0.0302637456908406	0.00930760714298316	0.0373884878256091	-0.0216911541147169
LV3003047114	-0.0294846378201382	-0.0285986150851776	-0.0344572624621079	0.0103379106861475	0.0154860760650636	-0.0369379087795668
LV3003047097	-0.0236899388964558	-0.0228710156916021	-0.0331538453504847	0.0272556364887684	0.0413223199128413	-0.0112811305385825
LV3003047084	-0.0225427647198425	0.0625451637299115	-0.020979550529035	0.0468736580720172	0.0563493668821356	0.0222041665849282
LV3003047069	-0.0209520747093272	-0.0464882967103472	-0.0305284587898207	0.0234329059897743	0.0369637399613957	-0.0338471634423004
LV3003047167	-0.0262369513019754	-0.0650349308829091	-0.0344572624621079	-0.0161839780349917	0.00343180365602873	-0.0351601222166269
LV3003047154	-0.0264753038656728	-0.0328846874785203	-0.0344572624621079	0.019667635171531	0.0188909637541762	-0.0461321873846704
LV3003047142	-0.0245106505250951	-0.0650349308829091	-0.0291590346250224	-0.0120005696576653	0.0243504298141851	-0.0173806232345442
LV3003047129	-0.015346863743381	-0.0650349308829091	-0.0246229962308059	0.0205753447083151	0.0436235586253546	0.0109031790583171
LV3003047113	-0.0122402363011241	-0.0522299374508547	-0.00129196317939918	0.0443525384603101	0.0600590819053413	0.0343214639260497
LV3003047096	-0.0193524151987261	-0.0608174393506336	-0.0238388010039117	0.0295258204482128	0.0517779316479252	0.0143559482847261
LV3003047083	-0.0276738930529885	-0.0437935897824984	-0.0286656183011847	0.0205654557047708	0.0386720704050468	-0.0379495340226921
LV3003047068	-0.02604682780847	-0.0582131965781644	-0.0256008346553153	0.0203464563246627	0.0359203781196644	-0.0383510662948547
LV3003047166	-0.0278506530793069	-0.0230897892230998	-0.0305486476722606	0.0320529828909452	0.0501116020666687	-0.00456575910453081
LV3003047153	-0.0277782126700754	-0.0171552987519052	-0.0319651116589921	0.0348781221676196	0.0506286264982986	-0.00835248932884038
LV3003047141	-0.0294846378201382	-0.0650349308829091	-0.0344572624621079	-0.172435198710904	-0.134954049983008	-0.0798363253077477
LV3003047128	-0.0232909561424955	-0.0650349308829091	-0.0208475911525054	0.0203466404318672	0.0453443731536886	0.0195040973994054
LV3003047112	-0.0277752293795104	-0.0351162790668818	-0.0305352493046611	0.0334994575957938	0.0522266427819549	-0.0176316820108334
LV3003047095	-0.025315959819197	-0.0266031864245559	-0.0316702041146966	0.018247344811638	0.0168797876983528	-0.0469488883051091
LV3003047082	-0.0264251427649257	-0.042580245198389	-0.0333380883957343	0.00341543770430679	0.00330721886145315	-0.0519119615214622
LV3003047067	-0.0156364014213216	-0.0017417273982676	-0.0293482952254924	0.0379320900223535	0.0520815388607452	0.00188593541563131
LV3003047164	-0.0294846378201382	-0.0563119047230686	-0.0334013421958462	0.00372311209321853	-0.00200223601273775	-0.0460152562529385
LV3003047152	-0.0280408779153218	-0.0106169812530627	-0.0329366788256333	0.0239416354165493	0.04017426529439	-0.0291804854785934
LV3003047140	-0.0294846378201382	-0.0650349308829091	-0.0344572624621079	-0.118108298045728	-0.103065592986809	-0.0761910986117332
LV3003047127	-0.0279219518419753	-0.0650349308829091	-0.0344572624621079	-0.0483648749093303	-0.100979581443612	-0.0658117285140044
LV3003047110	-0.0294846378201382	-0.0606940174832924	-0.0344572624621079	-0.0071844109296021	-0.0245209737107269	-0.0514344710636684
LV3003047094	-0.0294846378201382	-0.00246636781292904	-0.0334115181304	0.0189347249892509	-0.000436757471630968	-0.0367668374054429
LV3003047081	-0.02591692471461	-0.0288635807548046	-0.0260255960259991	0.0225051999202129	0.0223306355229512	0.000468532767397422
LV3003047065	-0.015130530596419	-0.0650349308829091	-0.0295278054914919	-0.0629705296027252	-0.07037004254867	-0.0497601940632617
LV3003047161	-0.0294846378201382	-0.0650349308829091	-0.0344572624621079	-0.177140276529977	-0.126417162169417	-0.0786873976940965
LV3003047160	-0.0294846378201382	-0.0650349308829091	-0.0344572624621079	-0.183092848255137	-0.132227942394117	-0.0788753460675671
LV3003047159	-0.0277734014233402	-0.0242085047611287	-0.0344572624621079	-0.00042860499014125	-0.025518851534361	-0.0538464552015287
LV3003047158	-0.0265556903376158	-0.0609801061404532	-0.0295184729608292	-0.0222791482481676	0.0147866691045568	-0.0385783699024508
LV3003047139	-0.0278657630742204	-0.0650349308829091	-0.0319238933639242	-0.0180602856835853	0.0114250195172508	-0.0417509073531424
LV3003047150	-0.0224740418665176	-0.0560847735354261	-0.0191049644432819	0.0203779743312219	0.0558966165086897	-0.00580736316236153
LV3003047149	-0.0278996933687117	-0.0509818794609542	-0.0327928678093645	-0.00599083602038977	-0.0197405097435798	-0.053220969248752
LV3003047148	-0.0263352717750636	-0.0566423231472955	-0.0318869355222035	0.00550521352259007	0.00428369286641256	-0.0488865664111884
LV3003047147	-0.0248379689568779	-0.0580698438482972	-0.0317614245192184	0.00445362027664519	0.0269208896759664	-0.033827667433238
LV3003047146	-0.0224127787853409	-0.0433646691579314	-0.0157645223022723	0.034912158761349	0.0563502496599586	0.0162989229149001
LV3003047126	-0.0294846378201382	-0.0538154845656846	-0.0334035548522729	-0.00153779315711149	-0.00942352445576867	-0.0551804811477837
LV3003047138	-0.0294846378201382	0.0547637386701048	-0.0344572624621079	0.00896726079462465	-0.0338299988089344	-0.0561826584140339
LV3003047137	-0.0265528345309878	-0.0607475708512353	-0.0331035254324067	-0.0382399216906323	-0.0263162807521098	-0.051309800429226
LV3003047136	-0.0294846378201382	0.082746663365618	-0.0334546157694725	0.0185063199013885	0.00663326974592825	-0.0439255573374475
LV3003047134	-0.0294846378201382	0.121733395426883	-0.03284186221418	-0.00165772537570287	-0.0498399984367147	-0.0480557127779812
LV3003047133	-0.0294846378201382	-0.011145283098841	-0.0344572624621079	0.0155617093638054	-0.00720270746154968	-0.0537221875698321
LV3003047107	-0.0280912398716892	3.47031070673449e-05	-0.0344572624621079	0.0240722190435078	0.00627217947537288	-0.0493320807074451
LV3003047125	-0.0294846378201382	-0.0357870729068737	-0.0344572624621079	-0.0458159584701591	-0.109093836730708	-0.0722790898290243
LV3003047124	-0.0279125731763838	-0.0650349308829091	-0.0344572624621079	-0.117542182550637	-0.111461882657321	-0.0704116777416494
LV3003047123	-0.0294846378201382	-0.0650349308829091	-0.0344572624621079	-0.14319052011317	-0.125667989187954	-0.0760004595495257
LV3003047122	-0.0294846378201382	-0.0650349308829091	-0.0344572624621079	-0.119121078156989	-0.108886684803045	-0.0760150206273263
LV3003047093	-0.0294846378201382	0.0796821074794684	-0.0344572624621079	0.0163082622883128	-0.0431360637849223	-0.0495709208501652
LV3003047106	-0.0294846378201382	-0.0328812146685869	-0.0344572624621079	-0.0345793533342429	-0.105129334984901	-0.0713056745451414
LV3003047105	-0.0294846378201382	-0.0629084011925045	-0.0344572624621079	-0.118835292389661	-0.128237452303066	-0.0789718993564172
LV3003047104	-0.0294846378201382	-0.0605350904343144	-0.0344572624621079	-0.109898494941683	-0.125521120625506	-0.076099373405453
LV3003047101	-0.0294846378201382	-0.0303454639047936	-0.0323082384271223	-0.00666824602766462	-0.066832153222493	-0.0618190775395264
LV3003047100	-0.0294846378201382	0.0638811205966416	-0.0316738611554388	0.018725248279571	-0.0444621077581952	-0.0508043764422318
LV3003047080	-0.0294846378201382	0.0164922347829287	-0.0344572624621079	0.0246151317821909	-0.0198744979626143	-0.0497798400787377
LV3003047091	-0.0294846378201382	0.0354416526404725	-0.0334867676387034	-0.0175732267325369	-0.0940933633521091	-0.0644459926606234
LV3003047090	-0.0294846378201382	-0.0508117484004995	-0.0344572624621079	-0.10452726724988	-0.124664286516919	-0.0778435245918244
LV3003047089	-0.0294846378201382	0.0065956310731548	-0.0314695883910967	-0.107120135178022	-0.129971246086089	-0.0725567582801516
LV3003047088	-0.0294846378201382	-0.0383990489391799	-0.0344572624621079	-0.130156643691152	-0.131174653875866	-0.0781552200770164
LV3003047087	-0.0294846378201382	-0.0543608350047963	-0.0344572624621079	-0.11410892802968	-0.110656029111603	-0.0717993086936307
LV3003047064	-0.0294846378201382	-0.0650349308829091	-0.0344572624621079	-0.187000331974102	-0.138559764877118	-0.0811577705228102
LV3003047079	-0.0220808618623629	0.0538134584497112	-0.0330883716900692	-0.0524443444178565	-0.0832010344241025	-0.0582473355120563
LV3003047078	-0.0294846378201382	-0.0650349308829091	-0.0344572624621079	-0.175333764107006	-0.131692976170354	-0.0797319667271528
LV3003047077	-0.0270293210516837	-0.0650349308829091	-0.0329050213717255	-0.135132876284313	-0.107698187120288	-0.0747724934325496
LV3003047074	-0.0261152305579606	-0.0650349308829091	-0.0344572624621079	-0.188850019910797	-0.138559764877118	-0.0815224764262253
LV3003047073	-0.0294846378201382	-0.0650349308829091	-0.0344572624621079	-0.193302851738248	-0.138559764877118	-0.0812405949836824
LV3003047162	-0.0268595800835835	-0.0650349308829091	-0.0344572624621079	-0.172288788853102	-0.134966073483329	-0.0807726306973981
LV3003047063	-0.0294846378201382	-0.0650349308829091	-0.0344572624621079	-0.17227068426148	-0.123498094072433	-0.0805640830573054
LV3003047062	-0.0253392106734735	-0.0650349308829091	-0.0344572624621079	-0.137041464879022	-0.113276495761738	-0.0778604314415276
LV3003047061	-0.0294846378201382	-0.0650349308829091	-0.0344572624621079	-0.126410938013998	-0.118016065431478	-0.076881638121928
LV3003047060	-0.0294846378201382	-0.0561218937369579	-0.0333050348407717	-0.0909945747702451	-0.108423793143808	-0.0737707911445913
LV3003047059	-0.0294846378201382	-0.0624830761669375	-0.0344572624621079	-0.101235174897208	-0.106432815523285	-0.076401005417264
LV7001898100	-0.0294846378201382	0.16426697741599	0.00100664220511802	0.05813141340136	0.0181633003625364	-0.00162339167387834
LV7001898088	-0.0230111039566915	0.121655932136842	0.0441091083919677	0.078956340609704	0.0833308966329836	0.0767586318168321
LV7001898076	0.235808658744812	0.0774594288361493	0.268035596196591	0.0963366108116928	0.107628868349596	0.202294256782443
LV7001898064	0.208544513213503	-0.0265158136091474	0.0245114785342798	0.0558452790078921	0.0594210585696037	0.0264290337796992
LV3003061546	0.268801399908015	-0.0626310090803636	-0.0172107043439847	-0.00562848008880192	-0.0243769952119125	-0.030125743704904
LV3003061533	0.286370291361149	-0.0458943327739494	-0.0172847432166254	0.0288725849692501	0.0203642207773902	-0.00548471242158411
LV3003061518	0.0362036743886866	0.0433284688032322	0.181788675688614	0.0811866493697218	0.0899431816725352	0.131936736276379
LV3003061506	0.13429743184523	-0.0505996338610516	-0.0244269879037438	0.0234345225494143	0.0187562798092578	-0.0267143029290813
LV3003061492	0.152090546585632	0.0344621370383778	0.29024526687738	0.0969083737295054	0.110977062097174	0.210696658295574
LV3003061477	0.0347576710974283	0.0442749795651859	0.292672410996639	0.0950586612627899	0.110407782323581	0.182594503871419
LV3003061572	0.0629363155764727	0.0123181373156194	0.268474325675813	0.0897292055952054	0.105960342087963	0.165075230729531
LV3003061559	-0.00895028913280416	0.0111380447062955	0.0110440240781375	0.0546924815569752	0.0697839499641175	0.0656937374384197
LV3003061545	-0.00893658366093885	-0.0212477435926386	0.0472557468891105	0.0597778635742773	0.0757857372904058	0.101682110123347
LV3003061531	-0.0048483565966994	0.0386099069416013	0.0492976818465058	0.0661490241567008	0.0772385920950306	0.13799242926383
LV3003061517	-0.0190580120938386	0.0826384669391798	0.0637769086386049	0.0693266439605157	0.0794121584179273	0.112282319577702
LV3003061505	-0.0241833743693375	-0.0411839074137145	-0.0168689501231897	0.0387039295429549	0.050807727292025	-0.00445879689175399
LV3003061488	-0.00948699844708213	0.0125653946798875	0.0388926033475401	0.0639588719595426	0.0748092240441405	0.106136496788661
LV3003061476	-0.0245057075242632	0.0451998072156879	-0.0221764599797175	0.0428783114635141	0.0606739232898535	0.0399851256347269
LV3003061571	-0.0102418558345727	-0.0590634104181519	-0.0233297908132677	0.0342464670864604	0.0386079035960048	0.0149018901087094
LV3003061558	-0.0251376176618822	0.0128105797550432	-0.0148557169563813	0.0512466768169018	0.0598927641806717	0.0336658184199694
LV3003061544	-0.0262130133110364	0.0130015595877525	-0.0245378983342604	0.0413251932415735	0.0536852424532563	0.00470723440908216
LV3003061530	-0.0294846378201382	-0.0208762655058326	-0.0319759019926315	0.0191439608198997	0.0141638413216736	-0.0371449939382693
LV3003061516	-0.0294846378201382	-0.0304628327273607	-0.0315514476293029	0.0321687815341111	0.0315373592183798	-0.0239576605755024
LV3003061504	-0.0294846378201382	-0.0357329557243163	-0.0344572624621079	0.0264259007638914	0.0315280877485515	-0.0230941973657645
LV3003061486	-0.0294846378201382	-0.0604210778063715	-0.0344572624621079	-0.0121011194812026	-0.045150735606804	-0.054426941931197
LV3003061475	-0.0294846378201382	-0.0208591850194658	-0.0327537161064684	0.024771585189109	0.0209242158965332	-0.0239893630461635
LV3003061570	-0.0294846378201382	0.0745900712741693	-0.0309066450451485	0.0464717553055007	0.0474498129854237	0.0102144398445915
LV3003061557	-0.0294846378201382	0.0972170093125088	-0.0317703041702813	0.0276883363932153	0.0339567850220256	-0.00756466812871578
LV3003061543	-0.0262479713921209	0.107245441789053	0.0273049405212571	0.0654505139370188	0.0724281515783218	0.0933093767403348
LV3003061529	-0.00179326524186855	0.116053570932994	0.0818267837314953	0.0754115024334235	0.0807473252526274	0.105030671777242
LV3003061515	-0.0248227741431688	0.188198756710193	0.0914599833934008	0.0829965035482822	0.0807783425546786	0.16073437574506
LV3003061503	-0.0258600892212074	0.116002874693104	-0.00156700667381895	0.0727172816410922	0.0606025659289599	0.0781115902499224
LV3003061485	-0.0275156812431581	0.161018282130132	0.0716874201234463	0.0852871905624677	0.0770327854941252	0.144533141448549
LV3003061474	-0.0294846378201382	0.0837951751044906	-0.0286441432508738	0.0509852170103715	0.0430504648077243	0.030867388231237
LV3003061569	-0.0280043141204833	0.135804520280511	-0.0245155810227463	0.0564040321948224	0.0501591903647178	0.0403224439928141
LV3003061556	-0.0294846378201382	0.0886773634254258	-0.031651772233751	0.0321503852849325	0.0132245974542619	-0.012935327641767
LV3003061541	-0.0294846378201382	0.0437198224745684	-0.0303376915662331	0.0458861098353244	0.0358345092517145	0.00442834799752623
LV3003061528	-0.0294846378201382	0.147738029715511	0.0203475491454195	0.0696034290728546	0.0639820018435319	0.0873816790956355
LV3003061514	-0.025553061812094	0.170784732940329	0.0805726956650194	0.0820091255027122	0.0689746602559396	0.130803023321968
LV3003061501	-0.0294846378201382	0.0886466165652907	-0.0274026185274323	0.0346834061490043	-0.00991202400877667	-0.0108662844835424
LV3003061489	-0.0294846378201382	0.0359378127287937	-0.0329371160312346	-0.0532825294890882	-0.0917575764481293	-0.0550198768931767
LV3003061473	-0.0294846378201382	-0.0463401971357237	-0.0344572624621079	-0.0958432627029127	-0.0946346425723866	-0.06948433804649
LV3003061568	-0.0294846378201382	-0.0650349308829091	-0.0329582886535624	-0.161499590001961	-0.122727862255848	-0.0771670963089776
LV3003061555	-0.0294846378201382	-0.0650349308829091	-0.0344572624621079	-0.131213878312442	-0.107513514813274	-0.0731087323616261
LV3003061539	-0.0279236076496713	-0.0424034135199595	-0.0310376389541592	-0.00208696968717946	0.0226911770001557	-0.0426291586358051
LV3003061527	-0.0294846378201382	-0.0650349308829091	-0.0344572624621079	-0.165625333052197	-0.122662964276424	-0.0771714204755967
LV3003061513	-0.0248201941209834	-0.0344935722483305	-0.0292586800384365	-0.00724459268048986	0.00969522964779308	-0.0491901616711458
LV3003061500	0.0604820753569052	-0.0469879209971873	-0.0318049713925854	0.0267168812238108	0.0232629142707045	-0.0228294169086371
LV7008886714	-0.0248815233426044	0.118609099903466	-0.0080923868031825	0.0639869801922814	0.00493880666796874	-0.017839415383314
LV7008886690	0.180581575571116	-0.0650349308829091	-0.0325180920510029	-0.0546546438294372	-0.102567512840448	-0.0527670782672511
LV7008886751	0.250146868015207	-0.0579601181356673	-0.0278687204104656	0.0159563242559727	0.0150361506208138	-0.0167981661788436
LV7008886727	0.149890987276418	-0.00536627312821964	0.281036950603653	0.0771825514877297	0.0952379836788698	0.121838862219883
LV7008886703	-0.0228836051412079	-0.0346804260899493	0.00262706080450883	0.044748648726274	0.0678199082483256	0.0810192043080436
LV7008886776	-0.0275906438012512	0.0303922373044305	0.0166393221254214	0.0611332955589223	0.077210870994658	0.111107530676987
LV7008886740	-0.0294846378201382	-0.0332271102334597	-0.0244161954826239	0.02968848345745	0.0407383092642398	-0.00608452841040007
LV7008886221	-0.0275840024391857	-0.05588623742704	-0.0344572624621079	0.0204625339659827	0.0106941618497378	-0.026807658002511
LV7008886692	-0.0294846378201382	-0.0580671875899676	-0.0344572624621079	-0.00699266132260607	-0.0555966792146496	-0.0563372605563173
LV7008886765	-0.0214086334107574	-0.0207707333706549	-0.0344572624621079	0.0304938833912682	0.0328369016403111	-0.00909929210447874
LV7008886741	-0.0294846378201382	-0.0625130695005407	-0.0344572624621079	-0.144743834937158	-0.117054018837155	-0.0720491928805971
LV7008886705	-0.0262227383619514	-0.0608366928350632	-0.0344572624621079	-0.0703157471161951	-0.114987027570007	-0.0631574406992651
LV7008886778	-0.0275133041431694	0.132683779018265	-0.00695451133194563	0.0632749549078131	0.0571816524471518	0.065243311326017
LV7008886754	-0.0189698753447397	0.155338001799615	0.00884356694057091	0.0667077294044515	0.0599456308905293	0.110113113680189
LV7008886730	-0.0234464292854311	0.11157368826797	-0.0187895052011569	0.0650827414730805	0.0555598057955873	0.0709889502056015
LV7008886706	-0.0237425270926389	0.131104127244391	-0.0224401125486876	0.0591304481987064	0.0472204588590429	0.0452850269594349
LV7008886743	-0.0260646380302392	0.0375386546062706	-0.0344572624621079	0.0231468988045538	-0.0611318842487581	-0.0429091894173323
LV7008886719	-0.0275811102954356	-0.0452659308028006	-0.0334621370360799	0.00475590823082244	-0.0977622167533475	-0.0456780234768694
LV7008886695	-0.0274709822257671	0.0727670071636258	-0.0329826442615719	0.038969247328679	-0.0114981549806931	-0.00712114147930565
LV7008886768	-0.0294846378201382	0.088920650122924	-0.0344572624621079	0.0458717364377678	0.0318431888253921	-0.00875438346794152
LV7008886744	-0.0260131686979575	-0.00539659575952235	-0.0344572624621079	-0.0165457715398468	-0.11684374121672	-0.0550525609470083
LV7008886708	-0.0259035643298651	0.0446970348629457	-0.0296635486487739	0.00879199518063639	-0.0863819532436999	-0.0428769524003019
LV7008886781	-0.0294846378201382	-0.0650349308829091	-0.0344572624621079	-0.157986093399707	-0.122973069142703	-0.0774696645488809
LV7008886757	-0.0294846378201382	-0.0650349308829091	-0.0344572624621079	-0.150576544846152	-0.115721952493068	-0.0756161175959583
LV7008886222	-0.0294846378201382	-0.0215967451489237	-0.032362157488958	-0.0077814451043708	-0.00171576497389337	-0.0563490776080315
LV7008886709	-0.0268450149299645	-0.0563326841625495	-0.0277709735062994	-0.00387401821233646	-0.00478723931990607	-0.0496976259676611
LV7008886726	-3.0253069097154	9.59391882235769	-2.68048787618714	6.80983556434263	-2.07062341040082	-5.99641506144692
LV7008886702	24.1459551464937	-3.06739231235927	-1.76859167119998	7.93100926241916	3.74289375671565	0.688920466028434
LV7008886763	17.6805950084004	-5.63292458983592	-4.22199483873379	-8.35038130240579	-7.40780090676328	-10.116113163617
LV7008886739	8.10908121744158	3.41138516926891	35.6449685090907	14.6692863996591	10.3116857406433	38.3906432994305
LV7008886715	-2.07032691180859	-2.57711168631103	2.68681113048012	8.73411139298659	6.78075163566872	18.2865200915112
LV7008886226	-1.80970276052808	-4.65844914320086	-3.19792989169482	1.94212394767936	-1.44784482918996	-5.82532239387264
LV7008886752	-3.0253069097154	-4.36885560582548	-3.90021484196772	4.16902628631196	2.47284548831955	-3.93805296296476
LV7008886728	-3.0253069097154	-5.05195891333875	-4.00813938712067	2.31533008340232	0.891353147810757	-4.4490124940509
LV7008886704	-3.0253069097154	-2.96941676690842	-4.05193440507567	0.958389453568105	-2.16704367387426	-9.11930641370346
LV7008886753	-2.83757581372318	-2.96956794619442	-3.88900278395543	-4.04093541221574	-7.3106880483591	-9.99011297715775
LV7008886717	-2.84730995633074	-0.998234178810801	-4.06644800329702	0.0696151645585819	-6.38978523847573	-8.29231311195333
LV7008886229	-2.08214234106847	12.3235635303683	-1.50499387481025	11.3036011679691	5.78156499549582	16.54991980661
LV7008886766	-1.97943655164872	13.5187883283401	1.33368697244917	10.8241079286483	4.87335939930421	18.3051945752738
LV7008886742	-1.84619738351179	10.1959367866155	2.18142104387591	12.3947196135739	6.52555183945845	23.0321428847116
LV7008886718	-2.46600155650434	6.91868096320091	-3.3088693512581	7.06182510377934	3.20024350346511	5.75516580802092
LV7008886755	-3.0253069097154	8.50049260746831	-4.22199483873379	5.56559375558009	-1.75015624207172	-2.66741689352162
LV7008886731	-2.83587637092354	-3.35853621173007	-4.22199483873379	0.634686484854068	-7.59773235145723	-7.73682433044424
LV7008886707	-3.0253069097154	1.26656517742385	-4.22199483873379	3.40643164991844	-4.0167840736415	-5.23094563901129
LV7008886780	-2.44291001160904	9.57343655915503	-2.98428296692846	9.83768247215922	4.96695442198593	8.4931145350532
LV7008886756	-3.0253069097154	-0.740113232174506	-4.22199483873379	1.94952152720006	-5.88425276667012	-9.57604456782106
LV7008886720	-2.63081065279058	6.80756735306188	-3.37005259241028	3.22934136594555	-6.28034362057309	-3.70837341777286
LV7008886228	-2.74625769883528	-5.63292458983592	-4.22199483873379	-24.4544050508722	-11.0810424968476	-14.8916312458324
LV7008886769	-2.38771962096521	-5.63292458983592	-4.03017867183389	-19.2049154751496	-9.29333395409721	-11.9828969456184
LV7008886745	-3.0253069097154	-4.26151922982187	-4.22199483873379	-7.12383820371266	-6.16967255214768	-12.4966169093968
LV7008886721	-1.9921362523395	-1.23394154049383	-3.50523147219839	2.84962052032735	2.64605432819955	-6.79189864112714
