sample	rarefaction_depth	rarefied_observed
LV3003046936	5000	749.077784159318
LV3003046937	5000	533.12798652729
LV3003046938	5000	574.958883324271
LV3003046939	5000	430.846471926942
LV3003046949	5000	682.394600165093
LV3003046950	5000	697.937851242031
LV3003046952	5000	534.442695813842
LV3003046953	5000	384.651652249249
LV3003046965	5000	766.869025573134
LV3003046966	5000	664.854374018013
LV3003046978	5000	701.434322073952
LV3003046979	5000	629.174516250944
LV3003046980	5000	491.153798936915
LV3003046993	5000	759.01726253241
LV3003046994	5000	430.240804280898
LV3003046995	5000	431.532266983042
LV3003047009	5000	506.277221747327
LV3003047010	5000	524.906915680582
LV3003047013	5000	430.527098116724
LV3003047026	5000	607.324088880851
LV3003047027	5000	622.330456032963
LV3003047028	5000	38
LV3003047041	5000	697.051662555748
LV3003047044	5000	513.162544352681
LV3003047045	5000	438.375818171057
LV3003047059	5000	168.975706740729
LV3003047060	5000	161.999863584777
LV3003047061	5000	108.999990098045
LV3003047062	5000	107.999991894625
LV3003047063	5000	56.9999999995674
LV3003047064	5000	34.9999999999995
LV3003047065	5000	269.140265669337
LV3003047067	5000	534.732109744145
LV3003047068	5000	419.546936746388
LV3003047069	5000	437.575157653052
LV3003047070	5000	471.020847834453
LV3003047071	5000	564.796106780115
LV3003047073	5000	
LV3003047074	5000	20
LV3003047077	5000	116.999929000584
LV3003047078	5000	44
LV3003047079	5000	342.676745381466
LV3003047080	5000	435.483542978048
LV3003047081	5000	521.170916275559
LV3003047082	5000	369.54702183784
LV3003047083	5000	430.049821021763
LV3003047084	5000	586.205721627437
LV3003047085	5000	559.507037155845
LV3003047087	5000	141.999908194776
LV3003047088	5000	111.999907899486
LV3003047089	5000	205.144308470356
LV3003047090	5000	160.756758908066
LV3003047091	5000	348.832771324221
LV3003047093	5000	414.5093217229
LV3003047094	5000	430.816375672587
LV3003047095	5000	403.285151937998
LV3003047096	5000	499.610543419684
LV3003047097	5000	497.733218047985
LV3003047098	5000	413.948552310752
LV3003047099	5000	568.525120099589
LV3003047100	5000	428.315226218827
LV3003047101	5000	334.248387477426
LV3003047104	5000	137.950293093529
LV3003047105	5000	113.998648623278
LV3003047106	5000	272.384576266285
LV3003047107	5000	427.619056774078
LV3003047110	5000	341.374101754694
LV3003047112	5000	474.273182493041
LV3003047113	5000	571.29957689318
LV3003047114	5000	411.575802653354
LV3003047117	5000	482.692571346274
LV3003047118	5000	652.883902881895
LV3003047122	5000	125.999948309986
LV3003047123	5000	81.9999999983484
LV3003047124	5000	144.994824002699
LV3003047125	5000	231.71001326969
LV3003047126	5000	353.554975939032
LV3003047127	5000	239.872806901408
LV3003047128	5000	522.969048168267
LV3003047129	5000	519.118819802636
LV3003047130	5000	449.663658772125
LV3003047131	5000	517.815967066306
LV3003047132	5000	733.050485269016
LV3003047133	5000	407.523157107409
LV3003047134	5000	417.681768358293
LV3003047136	5000	452.808481192313
LV3003047137	5000	333.987846537415
LV3003047138	5000	403.724671698716
LV3003047139	5000	346.173481002826
LV3003047140	5000	107.999999953334
LV3003047141	5000	27
LV3003047142	5000	427.620268483322
LV3003047143	5000	506.544250455658
LV3003047144	5000	648.431339276347
LV3003047145	5000	611.610146206579
LV3003047146	5000	552.560631076974
LV3003047147	5000	419.072494116756
LV3003047148	5000	391.08223395149
LV3003047149	5000	357.057317760814
LV3003047150	5000	481.179447762227
LV3003047152	5000	463.350426926247
LV3003047153	5000	504.288962034038
LV3003047154	5000	411.993675754703
LV3003047155	5000	402.132333359703
LV3003047156	5000	601.381600745398
LV3003047158	5000	367.238633518726
LV3003047159	5000	359.047850156022
LV3003047160	5000	24
LV3003047161	5000	30
LV3003047162	5000	52.9999999997067
LV3003047164	5000	376.769232678324
LV3003047166	5000	506.954790730721
LV3003047167	5000	380.080621034947
LV3003047168	5000	564.942052877514
LV3003047169	5000	600.458651144086
LV3003061473	5000	163.668152669523
LV3003061474	5000	563.07673424652
LV3003061475	5000	449.47618704227
LV3003061476	5000	603.443774243656
LV3003061477	5000	672.705667489422
LV3003061485	5000	675.775921077893
LV3003061486	5000	307.875421116824
LV3003061488	5000	643.909260179637
LV3003061489	5000	282.952251490917
LV3003061492	5000	729.828108087399
LV3003061500	5000	454.147006813673
LV3003061501	5000	495.391614697823
LV3003061503	5000	591.906057153739
LV3003061504	5000	421.492081457682
LV3003061505	5000	483.684446329493
LV3003061506	5000	424.834475686376
LV3003061513	5000	341.63208485324
LV3003061514	5000	706.164264587914
LV3003061515	5000	720.663667122557
LV3003061516	5000	426.756194696842
LV3003061517	5000	670.196143185577
LV3003061518	5000	671.067102450802
LV3003061527	5000	49
LV3003061528	5000	659.693467550428
LV3003061529	5000	674.036960587382
LV3003061530	5000	358.844117449959
LV3003061531	5000	713.955798877006
LV3003061533	5000	484.917575691355
LV3003061539	5000	362.405581891592
LV3003061541	5000	513.246348478555
LV3003061543	5000	652.443394604498
LV3003061544	5000	524.899535798009
LV3003061545	5000	645.244008575191
LV3003061546	5000	394.760420694737
LV3003061555	5000	98.9999958907778
LV3003061556	5000	483.113735321557
LV3003061557	5000	489.112370670064
LV3003061558	5000	555.977876110923
LV3003061559	5000	614.04561484911
LV3003061568	5000	52.9999999999802
LV3003061569	5000	594.530869853749
LV3003061570	5000	543.06222893891
LV3003061571	5000	473.847246840193
LV3003061572	5000	687.583832165238
LV7001898064	5000	537.645979368149
LV7001898076	5000	729.722906774118
LV7001898088	5000	491.430632012129
LV7001898100	5000	347.114924208771
LV7008886221	5000	428.165909103472
LV7008886222	5000	355.021978746786
LV7008886226	5000	364.986098500452
LV7008886228	5000	84.9999903704783
LV7008886229	5000	676.652589022109
LV7008886690	5000	261.493879804279
LV7008886692	5000	318.228295278524
LV7008886695	5000	547.814583620265
LV7008886702	5000	467.004397221591
LV7008886703	5000	642.801772984655
LV7008886704	5000	372.100061173083
LV7008886705	5000	206.961686033206
LV7008886706	5000	608.243581064488
LV7008886707	5000	492.724427748553
LV7008886708	5000	478.86729178334
LV7008886709	5000	382.268605290655
LV7008886714	5000	287.203703291212
LV7008886715	5000	633.246767902038
LV7008886717	5000	367.45436909318
LV7008886718	5000	585.550255398923
LV7008886719	5000	400.77740307343
LV7008886720	5000	511.463477652152
LV7008886721	5000	456.330834294788
LV7008886726	5000	285.694591946364
LV7008886727	5000	721.372833220612
LV7008886728	5000	425.664938835341
LV7008886730	5000	653.974068470771
LV7008886731	5000	405.75976003894
LV7008886739	5000	747.876847058782
LV7008886740	5000	488.932252286186
LV7008886741	5000	89.9999978427382
LV7008886742	5000	711.168041519133
LV7008886743	5000	456.297881837359
LV7008886744	5000	396.993248952606
LV7008886745	5000	263.583636145025
LV7008886751	5000	481.887788146342
LV7008886752	5000	457.137394604374
LV7008886753	5000	309.908258477969
LV7008886754	5000	718.451725139701
LV7008886755	5000	541.441186389699
LV7008886756	5000	457.320316380818
LV7008886757	5000	96.9999847391421
LV7008886763	5000	309.828576101706
LV7008886765	5000	507.692534567781
LV7008886766	5000	692.407968531375
LV7008886768	5000	583.149083363446
LV7008886769	5000	186.759769927871
LV7008886776	5000	687.617253733138
LV7008886778	5000	656.298969019764
LV7008886780	5000	641.957780945588
LV7008886781	5000	65.9999999997566
LV3003046936	10000	894.478750343599
LV3003046937	10000	578.24958961504
LV3003046938	10000	632.564244037116
LV3003046939	10000	489.992816550974
LV3003046949	10000	808.573336302536
LV3003046950	10000	787.934161883727
LV3003046952	10000	576.972615736587
LV3003046953	10000	448.585017771167
LV3003046965	10000	919.190541085335
LV3003046966	10000	747.321303192432
LV3003046978	10000	834.586967108084
LV3003046979	10000	688.626096276598
LV3003046980	10000	528.428100336643
LV3003046993	10000	878.981367522966
LV3003046994	10000	477.589360869512
LV3003046995	10000	466.901730964597
LV3003047009	10000	566.44937237995
LV3003047010	10000	569.571122256552
LV3003047013	10000	465.127391031727
LV3003047026	10000	726.359401806951
LV3003047027	10000	688.240350104312
LV3003047028	10000	38
LV3003047041	10000	827.924048323657
LV3003047044	10000	535.819198235943
LV3003047045	10000	481.578319668017
LV3003047059	10000	168.999988281445
LV3003047060	10000	161.999999999797
LV3003047061	10000	108.999999999999
LV3003047062	10000	107.999999999999
LV3003047063	10000	57
LV3003047064	10000	35
LV3003047065	10000	269.990262194222
LV3003047067	10000	566.978562201929
LV3003047068	10000	435.125727809222
LV3003047069	10000	449.856464914396
LV3003047070	10000	488.84561348446
LV3003047071	10000	603.208174383837
LV3003047073	10000	
LV3003047074	10000	
LV3003047077	10000	116.99999999991
LV3003047078	10000	44
LV3003047079	10000	345.90788084363
LV3003047080	10000	458.230667199347
LV3003047081	10000	539.122162430266
LV3003047082	10000	374.759096915759
LV3003047083	10000	441.855700025758
LV3003047084	10000	638.440217999405
LV3003047085	10000	597.419085501596
LV3003047087	10000	141.999999999885
LV3003047088	10000	111.999999999873
LV3003047089	10000	205.987953642858
LV3003047090	10000	160.998940102077
LV3003047091	10000	356.495960852666
LV3003047093	10000	436.922947766808
LV3003047094	10000	450.384028598044
LV3003047095	10000	420.703904381394
LV3003047096	10000	551.31371361744
LV3003047097	10000	518.95537794611
LV3003047098	10000	423.324311950675
LV3003047099	10000	613.464370431604
LV3003047100	10000	445.768283162509
LV3003047101	10000	339.730767951599
LV3003047104	10000	137.999936535452
LV3003047105	10000	113.99999994238
LV3003047106	10000	274.916524239491
LV3003047107	10000	441.494692887661
LV3003047110	10000	344.886024974332
LV3003047112	10000	494.117862161591
LV3003047113	10000	626.538388691281
LV3003047114	10000	418.608597156027
LV3003047117	10000	498.338401737041
LV3003047118	10000	767.415650134738
LV3003047122	10000	125.999999999969
LV3003047123	10000	82
LV3003047124	10000	144.999999447447
LV3003047125	10000	231.998864050449
LV3003047126	10000	355.947222914948
LV3003047127	10000	239.999773411929
LV3003047128	10000	557.230810787679
LV3003047129	10000	545.01312949818
LV3003047130	10000	461.085774194649
LV3003047131	10000	542.964398259575
LV3003047132	10000	887.926724096982
LV3003047133	10000	418.084427502929
LV3003047134	10000	428.084161535436
LV3003047136	10000	466.620629668982
LV3003047137	10000	338.794864103638
LV3003047138	10000	412.370209796809
LV3003047139	10000	349.856352563863
LV3003047140	10000	108
LV3003047141	10000	
LV3003047142	10000	433.720958579833
LV3003047143	10000	535.349717275781
LV3003047144	10000	716.976281736019
LV3003047145	10000	679.073667315431
LV3003047146	10000	582.421803178938
LV3003047147	10000	426.557044059159
LV3003047148	10000	398.530336661198
LV3003047149	10000	359.922395511176
LV3003047150	10000	504.987405007283
LV3003047152	10000	477.518393000723
LV3003047153	10000	535.44205881535
LV3003047154	10000	419.537259922854
LV3003047155	10000	414.685602802854
LV3003047156	10000	650.939964471391
LV3003047158	10000	371.801474606812
LV3003047159	10000	361.923753339604
LV3003047160	10000	
LV3003047161	10000	
LV3003047162	10000	53
LV3003047164	10000	380.84354390339
LV3003047166	10000	533.440714655843
LV3003047167	10000	384.823315283383
LV3003047168	10000	611.63182602087
LV3003047169	10000	655.308509480144
LV3003061473	10000	163.997788059609
LV3003061474	10000	630.708499211366
LV3003061475	10000	468.254500027833
LV3003061476	10000	659.725446554976
LV3003061477	10000	811.900536911721
LV3003061485	10000	807.678042757945
LV3003061486	10000	311.821122161318
LV3003061488	10000	743.097015143734
LV3003061489	10000	293.757491956317
LV3003061492	10000	883.468318767977
LV3003061500	10000	490.668112622103
LV3003061501	10000	551.247760561088
LV3003061503	10000	694.004914408108
LV3003061504	10000	445.350352413905
LV3003061505	10000	519.877618584259
LV3003061506	10000	457.820341025767
LV3003061513	10000	346.72596649673
LV3003061514	10000	836.601747804177
LV3003061515	10000	855.073631008348
LV3003061516	10000	456.848345079745
LV3003061517	10000	783.39714966626
LV3003061518	10000	784.031066306703
LV3003061527	10000	49
LV3003061528	10000	761.380324900149
LV3003061529	10000	788.128652193242
LV3003061530	10000	400.974696573429
LV3003061531	10000	840.199417263885
LV3003061533	10000	546.77381436567
LV3003061539	10000	372.911069515429
LV3003061541	10000	572.079944828314
LV3003061543	10000	746.979540519733
LV3003061544	10000	559.289152150336
LV3003061545	10000	738.38163837179
LV3003061546	10000	441.094696550365
LV3003061555	10000	98.9999999999999
LV3003061556	10000	526.656952305042
LV3003061557	10000	522.694133426223
LV3003061558	10000	614.961756871295
LV3003061559	10000	688.459079388808
LV3003061568	10000	53
LV3003061569	10000	673.02075596477
LV3003061570	10000	583.405111174301
LV3003061571	10000	532.902900259238
LV3003061572	10000	815.003254299577
LV7001898064	10000	619.097833395513
LV7001898076	10000	889.925207138769
LV7001898088	10000	596.770230521094
LV7001898100	10000	429.476772818754
LV7008886221	10000	463.432574572611
LV7008886222	10000	365.014769635583
LV7008886226	10000	409.831284862623
LV7008886228	10000	84.9999999999977
LV7008886229	10000	802.728413053004
LV7008886690	10000	289.532060096711
LV7008886692	10000	324.614491216142
LV7008886695	10000	616.084203717057
LV7008886702	10000	545.789445035054
LV7008886703	10000	719.282563028389
LV7008886704	10000	382.084834727393
LV7008886705	10000	206.999976295581
LV7008886706	10000	704.663396122434
LV7008886707	10000	543.253332935848
LV7008886708	10000	524.668350285227
LV7008886709	10000	387.723374399776
LV7008886714	10000	361.381045163374
LV7008886715	10000	728.702804510232
LV7008886717	10000	372.758567956737
LV7008886718	10000	659.115643870848
LV7008886719	10000	426.348028196946
LV7008886720	10000	592.800720553546
LV7008886721	10000	471.365753738242
LV7008886726	10000	352.266405907283
LV7008886727	10000	847.035976440364
LV7008886728	10000	446.014778326564
LV7008886730	10000	764.213748797725
LV7008886731	10000	436.123990109169
LV7008886739	10000	897.716924811234
LV7008886740	10000	521.520529853363
LV7008886741	10000	90
LV7008886742	10000	846.925896590182
LV7008886743	10000	498.770270601914
LV7008886744	10000	424.230226597408
LV7008886745	10000	264.97548085639
LV7008886751	10000	533.727933591367
LV7008886752	10000	485.676529684387
LV7008886753	10000	312.899666525996
LV7008886754	10000	843.032134197494
LV7008886755	10000	605.308263432174
LV7008886756	10000	486.947291175675
LV7008886757	10000	96.9999999999975
LV7008886763	10000	321.623549476869
LV7008886765	10000	542.021017365754
LV7008886766	10000	814.284839236307
LV7008886768	10000	645.395879073479
LV7008886769	10000	186.998831267275
LV7008886776	10000	781.027085905736
LV7008886778	10000	765.957608543312
LV7008886780	10000	735.914788894287
LV7008886781	10000	66
LV3003046936	25000	1011.09212095656
LV3003046937	25000	591.644800119749
LV3003046938	25000	656.52746851337
LV3003046939	25000	531.854123710255
LV3003046949	25000	898.637313452448
LV3003046950	25000	831.419271673095
LV3003046952	25000	590.567681231916
LV3003046953	25000	501.045928438313
LV3003046965	25000	1044.82095804588
LV3003046966	25000	784.570091012907
LV3003046978	25000	932.120254367949
LV3003046979	25000	707.451634992794
LV3003046980	25000	539.695020462016
LV3003046993	25000	953.785750715274
LV3003046994	25000	496.191832731857
LV3003046995	25000	481.224853159574
LV3003047009	25000	594.031856827318
LV3003047010	25000	585.29024655409
LV3003047013	25000	476.572285936563
LV3003047026	25000	822.215594928685
LV3003047027	25000	715.483693329716
LV3003047028	25000	
LV3003047041	25000	924.132184858715
LV3003047044	25000	538.988761370058
LV3003047045	25000	504.581670951889
LV3003047059	25000	169
LV3003047060	25000	162
LV3003047061	25000	109
LV3003047062	25000	108
LV3003047063	25000	
LV3003047064	25000	
LV3003047065	25000	269.99999998113
LV3003047067	25000	572.960979940848
LV3003047068	25000	436.995798874841
LV3003047069	25000	450.998823998278
LV3003047070	25000	490.99501635674
LV3003047071	25000	611.889583721155
LV3003047073	25000	
LV3003047074	25000	
LV3003047077	25000	117
LV3003047078	25000	
LV3003047079	25000	345.999997549616
LV3003047080	25000	461.978733193417
LV3003047081	25000	540.997033531605
LV3003047082	25000	374.999966141963
LV3003047083	25000	442.99848835447
LV3003047084	25000	654.580910916042
LV3003047085	25000	605.888482366786
LV3003047087	25000	142
LV3003047088	25000	112
LV3003047089	25000	205.999999969775
LV3003047090	25000	160.999999999963
LV3003047091	25000	356.999800035007
LV3003047093	25000	440.971525384864
LV3003047094	25000	452.99195719681
LV3003047095	25000	422.993598001224
LV3003047096	25000	568.458728693623
LV3003047097	25000	521.988951416249
LV3003047098	25000	423.999633958726
LV3003047099	25000	625.74397241559
LV3003047100	25000	447.993502152604
LV3003047101	25000	339.999958386161
LV3003047104	25000	138
LV3003047105	25000	114
LV3003047106	25000	274.999996137954
LV3003047107	25000	442.997746737339
LV3003047110	25000	344.999995752923
LV3003047112	25000	496.988799197047
LV3003047113	25000	643.573554685931
LV3003047114	25000	418.99991176494
LV3003047117	25000	499.997522118218
LV3003047118	25000	848.528899008645
LV3003047122	25000	126
LV3003047123	25000	82
LV3003047124	25000	145
LV3003047125	25000	231.999999999968
LV3003047126	25000	355.999999406615
LV3003047127	25000	240
LV3003047128	25000	563.945699685944
LV3003047129	25000	548.983651508856
LV3003047130	25000	461.999380325768
LV3003047131	25000	546.979351739153
LV3003047132	25000	1026.80627951837
LV3003047133	25000	418.999106305948
LV3003047134	25000	428.999126366514
LV3003047136	25000	467.998272283216
LV3003047137	25000	338.999978786618
LV3003047138	25000	412.999690634832
LV3003047139	25000	349.999986842775
LV3003047140	25000	108
LV3003047141	25000	
LV3003047142	25000	433.999964261626
LV3003047143	25000	540.95425514078
LV3003047144	25000	742.870687493252
LV3003047145	25000	704.835069275998
LV3003047146	25000	587.956926158338
LV3003047147	25000	426.999856686659
LV3003047148	25000	398.999817312694
LV3003047149	25000	359.999997872397
LV3003047150	25000	508.975632396119
LV3003047152	25000	478.997722581118
LV3003047153	25000	541.933656653327
LV3003047154	25000	419.999858183118
LV3003047155	25000	415.99812239905
LV3003047156	25000	665.650820233911
LV3003047158	25000	371.999978520752
LV3003047159	25000	361.999998401257
LV3003047160	25000	
LV3003047161	25000	
LV3003047162	25000	
LV3003047164	25000	380.999987187251
LV3003047166	25000	537.973535443446
LV3003047167	25000	384.99998838627
LV3003047168	25000	624.728397995241
LV3003047169	25000	672.49488102263
LV3003061473	25000	163.999999999611
LV3003061474	25000	656.858567294
LV3003061475	25000	470.988240785732
LV3003061476	25000	676.566763270534
LV3003061477	25000	934.384301456143
LV3003061485	25000	906.926716532885
LV3003061486	25000	311.999974297614
LV3003061488	25000	799.620764366718
LV3003061489	25000	294.997613603621
LV3003061492	25000	1016.7356336573
LV3003061500	25000	500.774919809658
LV3003061501	25000	571.236679212992
LV3003061503	25000	759.057512688328
LV3003061504	25000	449.961359920696
LV3003061505	25000	528.858265612715
LV3003061506	25000	466.822348133438
LV3003061513	25000	346.999939981871
LV3003061514	25000	927.613953925339
LV3003061515	25000	957.932739752622
LV3003061516	25000	463.900072340232
LV3003061517	25000	852.993834537716
LV3003061518	25000	863.096189702725
LV3003061527	25000	
LV3003061528	25000	818.522927722396
LV3003061529	25000	859.662703499063
LV3003061530	25000	416.389555057906
LV3003061531	25000	915.194545837041
LV3003061533	25000	574.271642630731
LV3003061539	25000	373.998373334151
LV3003061541	25000	594.953902476749
LV3003061543	25000	796.615929428412
LV3003061544	25000	566.913147222756
LV3003061545	25000	785.856975623713
LV3003061546	25000	460.041213630799
LV3003061555	25000	99
LV3003061556	25000	538.772696107628
LV3003061557	25000	530.876297035612
LV3003061558	25000	636.186740499797
LV3003061559	25000	719.358378518614
LV3003061568	25000	
LV3003061569	25000	707.886655652417
LV3003061570	25000	593.802196507673
LV3003061571	25000	556.818540523457
LV3003061572	25000	915.438964452912
LV7001898064	25000	664.30491776634
LV7001898076	25000	1032.36412241243
LV7001898088	25000	693.608733877877
LV7001898100	25000	514.199250361032
LV7008886221	25000	471.885319065399
LV7008886222	25000	365.998601110036
LV7008886226	25000	427.245131345821
LV7008886228	25000	85
LV7008886229	25000	887.828730411484
LV7008886690	25000	301.380741175791
LV7008886692	25000	324.99988254155
LV7008886695	25000	645.157120038568
LV7008886702	25000	593.907187073716
LV7008886703	25000	748.704038261855
LV7008886704	25000	382.998977801642
LV7008886705	25000	207
LV7008886706	25000	760.326509735676
LV7008886707	25000	559.527221111538
LV7008886708	25000	538.635179273438
LV7008886709	25000	387.999949718776
LV7008886714	25000	446.06155668498
LV7008886715	25000	776.212168333102
LV7008886717	25000	372.999971689038
LV7008886718	25000	689.403564604178
LV7008886719	25000	431.931762928102
LV7008886720	25000	635.084822936182
LV7008886721	25000	472.9971833872
LV7008886726	25000	419.034969844179
LV7008886727	25000	930.981220022259
LV7008886728	25000	448.988432192013
LV7008886730	25000	828.89195059665
LV7008886731	25000	443.867319459514
LV7008886739	25000	1016.38655003881
LV7008886740	25000	527.948076038951
LV7008886741	25000	90
LV7008886742	25000	940.803184133186
LV7008886743	25000	511.660908770823
LV7008886744	25000	429.941378155492
LV7008886745	25000	264.999999869186
LV7008886751	25000	551.430001948521
LV7008886752	25000	490.963365353075
LV7008886753	25000	312.999994680865
LV7008886754	25000	921.154846875968
LV7008886755	25000	629.034799456092
LV7008886756	25000	492.940440232178
LV7008886757	25000	97
LV7008886763	25000	322.997377418354
LV7008886765	25000	548.938859367349
LV7008886766	25000	889.22373222784
LV7008886768	25000	668.037039039913
LV7008886769	25000	186.99999999993
LV7008886776	25000	825.644219473218
LV7008886778	25000	831.445677191515
LV7008886780	25000	784.485786670495
LV7008886781	25000	
LV3003046936	50000	1039.49302188068
LV3003046937	50000	591.998665592799
LV3003046938	50000	657.977416000545
LV3003046939	50000	540.093511241881
LV3003046949	50000	914.681587730923
LV3003046950	50000	834.917817904136
LV3003046952	50000	590.997834362381
LV3003046953	50000	515.902755649331
LV3003046965	50000	1076.58073670701
LV3003046966	50000	786.959978162181
LV3003046978	50000	950.323976388614
LV3003046979	50000	707.997748863321
LV3003046980	50000	539.998773751172
LV3003046993	50000	965.179640218023
LV3003046994	50000	496.993988893165
LV3003046995	50000	481.990965950313
LV3003047009	50000	595.965612850336
LV3003047010	50000	585.992614915749
LV3003047013	50000	476.997132250611
LV3003047026	50000	845.547033430603
LV3003047027	50000	716.980318097206
LV3003047028	50000	
LV3003047041	50000	943.045876202095
LV3003047044	50000	538.999998961335
LV3003047045	50000	506.917346141615
LV3003047059	50000	169
LV3003047060	50000	
LV3003047061	50000	
LV3003047062	50000	
LV3003047063	50000	
LV3003047064	50000	
LV3003047065	50000	270
LV3003047067	50000	572.99998998921
LV3003047068	50000	436.999999851237
LV3003047069	50000	450.999999990904
LV3003047070	50000	490.999999793595
LV3003047071	50000	611.999893051308
LV3003047073	50000	
LV3003047074	50000	
LV3003047077	50000	
LV3003047078	50000	
LV3003047079	50000	346
LV3003047080	50000	461.999995339047
LV3003047081	50000	540.999999938894
LV3003047082	50000	374.999999999995
LV3003047083	50000	442.999999980018
LV3003047084	50000	654.998632177657
LV3003047085	50000	605.999874603061
LV3003047087	50000	
LV3003047088	50000	
LV3003047089	50000	206
LV3003047090	50000	161
LV3003047091	50000	356.999999999728
LV3003047093	50000	440.999990822286
LV3003047094	50000	452.999999413677
LV3003047095	50000	422.999999622434
LV3003047096	50000	568.997643989462
LV3003047097	50000	521.999999021136
LV3003047098	50000	423.999999999059
LV3003047099	50000	625.999385968263
LV3003047100	50000	447.999999556826
LV3003047101	50000	339.999999999992
LV3003047104	50000	138
LV3003047105	50000	114
LV3003047106	50000	275
LV3003047107	50000	442.999999966943
LV3003047110	50000	345
LV3003047112	50000	496.999998843796
LV3003047113	50000	643.998713233685
LV3003047114	50000	418.999999999959
LV3003047117	50000	499.999999957898
LV3003047118	50000	862.827833892069
LV3003047122	50000	
LV3003047123	50000	
LV3003047124	50000	145
LV3003047125	50000	232
LV3003047126	50000	356
LV3003047127	50000	240
LV3003047128	50000	563.999976958084
LV3003047129	50000	548.999998210032
LV3003047130	50000	461.999999997561
LV3003047131	50000	546.999996041655
LV3003047132	50000	1068.18607411782
LV3003047133	50000	418.999999991589
LV3003047134	50000	428.999999993279
LV3003047136	50000	467.999999978944
LV3003047137	50000	338.999999999998
LV3003047138	50000	412.999999999408
LV3003047139	50000	349.999999999999
LV3003047140	50000	
LV3003047141	50000	
LV3003047142	50000	433.999999999996
LV3003047143	50000	540.999982056649
LV3003047144	50000	743.990509813019
LV3003047145	50000	705.989912029589
LV3003047146	50000	587.999983279712
LV3003047147	50000	426.999999999847
LV3003047148	50000	398.999999999755
LV3003047149	50000	360
LV3003047150	50000	508.999993194434
LV3003047152	50000	478.999999959574
LV3003047153	50000	541.999958963926
LV3003047154	50000	419.999999999901
LV3003047155	50000	415.999999973348
LV3003047156	50000	665.999069475292
LV3003047158	50000	371.999999999998
LV3003047159	50000	362
LV3003047160	50000	
LV3003047161	50000	
LV3003047162	50000	
LV3003047164	50000	380.999999999999
LV3003047166	50000	537.999993805229
LV3003047167	50000	385
LV3003047168	50000	624.999401442804
LV3003047169	50000	672.997781234
LV3003061473	50000	164
LV3003061474	50000	657.990714459449
LV3003061475	50000	470.999998439598
LV3003061476	50000	676.99853188287
LV3003061477	50000	970.250985959357
LV3003061485	50000	927.506945345925
LV3003061486	50000	311.999999999996
LV3003061488	50000	805.781590108917
LV3003061489	50000	294.999999940848
LV3003061492	50000	1053.56691656143
LV3003061500	50000	500.999397688762
LV3003061501	50000	571.995107963728
LV3003061503	50000	768.410884845523
LV3003061504	50000	449.999982557728
LV3003061505	50000	528.999801891689
LV3003061506	50000	466.999638322627
LV3003061513	50000	346.999999999978
LV3003061514	50000	943.609221606523
LV3003061515	50000	980.937949875984
LV3003061516	50000	463.999874630668
LV3003061517	50000	861.618535555725
LV3003061518	50000	876.857670843171
LV3003061527	50000	
LV3003061528	50000	824.744154151323
LV3003061529	50000	868.610913351285
LV3003061530	50000	416.995650929961
LV3003061531	50000	923.671211911481
LV3003061533	50000	575.974926251059
LV3003061539	50000	373.999999970969
LV3003061541	50000	595.990619772927
LV3003061543	50000	800.894543343863
LV3003061544	50000	566.999933053036
LV3003061545	50000	789.898882480108
LV3003061546	50000	460.990480650963
LV3003061555	50000	
LV3003061556	50000	538.999594740086
LV3003061557	50000	530.999846338528
LV3003061558	50000	636.995018919048
LV3003061559	50000	720.982083957618
LV3003061568	50000	
LV3003061569	50000	709.971503032832
LV3003061570	50000	593.999595915361
LV3003061571	50000	557.989429059159
LV3003061572	50000	939.316295351972
LV7001898064	50000	668.847004701888
LV7001898076	50000	1074.00330583117
LV7001898088	50000	725.631501838856
LV7001898100	50000	548.809162000606
LV7008886221	50000	471.999884004926
LV7008886222	50000	365.999999973733
LV7008886226	50000	427.994118665043
LV7008886228	50000	
LV7008886229	50000	901.896439458152
LV7008886690	50000	301.99390943635
LV7008886692	50000	324.999999999905
LV7008886695	50000	646.96993006749
LV7008886702	50000	599.741325739295
LV7008886703	50000	749.989815036844
LV7008886704	50000	382.99999999026
LV7008886705	50000	207
LV7008886706	50000	766.735517903872
LV7008886707	50000	559.997835807978
LV7008886708	50000	538.99873012692
LV7008886709	50000	387.999999999989
LV7008886714	50000	486.283183817897
LV7008886715	50000	779.921335256352
LV7008886717	50000	372.999999999997
LV7008886718	50000	690.982322732847
LV7008886719	50000	431.999936351658
LV7008886720	50000	638.890897294542
LV7008886721	50000	472.99999993996
LV7008886726	50000	443.266961952353
LV7008886727	50000	944.081561839726
LV7008886728	50000	448.99999872167
LV7008886730	50000	836.644090115582
LV7008886731	50000	443.999785985783
LV7008886739	50000	1043.28140333451
LV7008886740	50000	527.999979506164
LV7008886741	50000	
LV7008886742	50000	956.701715092327
LV7008886743	50000	511.99883777625
LV7008886744	50000	429.999958630679
LV7008886745	50000	265
LV7008886751	50000	551.997462126853
LV7008886752	50000	490.999987474472
LV7008886753	50000	313
LV7008886754	50000	932.31274482178
LV7008886755	50000	629.992793761635
LV7008886756	50000	492.999961429241
LV7008886757	50000	
LV7008886763	50000	322.999999930002
LV7008886765	50000	548.999968582382
LV7008886766	50000	899.398376973607
LV7008886768	50000	668.992625652131
LV7008886769	50000	187
LV7008886776	50000	828.934166603466
LV7008886778	50000	839.594321834125
LV7008886780	50000	788.875214134229
LV7008886781	50000	
LV3003046936	1e+05	1043.85254437806
LV3003046937	1e+05	591.999999983356
LV3003046938	1e+05	657.9999931901
LV3003046939	1e+05	540.984441558607
LV3003046949	1e+05	915.988396404879
LV3003046950	1e+05	834.999946067509
LV3003046952	1e+05	590.999999947201
LV3003046953	1e+05	518.849110547664
LV3003046965	1e+05	1081.78004999458
LV3003046966	1e+05	786.999983743575
LV3003046978	1e+05	951.980424439453
LV3003046979	1e+05	707.999999964556
LV3003046980	1e+05	539.999999977229
LV3003046993	1e+05	965.994443995851
LV3003046994	1e+05	496.999999688858
LV3003046995	1e+05	481.999998572712
LV3003047009	1e+05	595.99998889575
LV3003047010	1e+05	585.999999030226
LV3003047013	1e+05	476.999999879656
LV3003047026	1e+05	848.910144842512
LV3003047027	1e+05	716.999995439929
LV3003047028	1e+05	
LV3003047041	1e+05	944.971635151725
LV3003047044	1e+05	539
LV3003047045	1e+05	506.999850530575
LV3003047059	1e+05	
LV3003047060	1e+05	
LV3003047061	1e+05	
LV3003047062	1e+05	
LV3003047063	1e+05	
LV3003047064	1e+05	
LV3003047065	1e+05	270
LV3003047067	1e+05	573
LV3003047068	1e+05	437
LV3003047069	1e+05	451
LV3003047070	1e+05	491
LV3003047071	1e+05	611.999999999951
LV3003047073	1e+05	
LV3003047074	1e+05	
LV3003047077	1e+05	
LV3003047078	1e+05	
LV3003047079	1e+05	346
LV3003047080	1e+05	462
LV3003047081	1e+05	541
LV3003047082	1e+05	375
LV3003047083	1e+05	443
LV3003047084	1e+05	654.999999988587
LV3003047085	1e+05	605.999999999915
LV3003047087	1e+05	
LV3003047088	1e+05	
LV3003047089	1e+05	206
LV3003047090	1e+05	161
LV3003047091	1e+05	357
LV3003047093	1e+05	441
LV3003047094	1e+05	453
LV3003047095	1e+05	423
LV3003047096	1e+05	568.999999964093
LV3003047097	1e+05	522
LV3003047098	1e+05	424
LV3003047099	1e+05	625.999999997454
LV3003047100	1e+05	448
LV3003047101	1e+05	340
LV3003047104	1e+05	
LV3003047105	1e+05	
LV3003047106	1e+05	275
LV3003047107	1e+05	443
LV3003047110	1e+05	345
LV3003047112	1e+05	497
LV3003047113	1e+05	643.999999991062
LV3003047114	1e+05	419
LV3003047117	1e+05	500
LV3003047118	1e+05	863.989718471186
LV3003047122	1e+05	
LV3003047123	1e+05	
LV3003047124	1e+05	
LV3003047125	1e+05	232
LV3003047126	1e+05	356
LV3003047127	1e+05	
LV3003047128	1e+05	563.999999999999
LV3003047129	1e+05	549
LV3003047130	1e+05	462
LV3003047131	1e+05	547
LV3003047132	1e+05	1076.53564678177
LV3003047133	1e+05	419
LV3003047134	1e+05	429
LV3003047136	1e+05	468
LV3003047137	1e+05	339
LV3003047138	1e+05	413
LV3003047139	1e+05	350
LV3003047140	1e+05	
LV3003047141	1e+05	
LV3003047142	1e+05	434
LV3003047143	1e+05	540.999999999999
LV3003047144	1e+05	743.999999190225
LV3003047145	1e+05	705.999999176519
LV3003047146	1e+05	587.999999999999
LV3003047147	1e+05	427
LV3003047148	1e+05	399
LV3003047149	1e+05	360
LV3003047150	1e+05	509
LV3003047152	1e+05	479
LV3003047153	1e+05	541.999999999994
LV3003047154	1e+05	420
LV3003047155	1e+05	416
LV3003047156	1e+05	665.999999995418
LV3003047158	1e+05	372
LV3003047159	1e+05	362
LV3003047160	1e+05	
LV3003047161	1e+05	
LV3003047162	1e+05	
LV3003047164	1e+05	381
LV3003047166	1e+05	538
LV3003047167	1e+05	385
LV3003047168	1e+05	624.999999997882
LV3003047169	1e+05	672.99999996524
LV3003061473	1e+05	164
LV3003061474	1e+05	657.999999328656
LV3003061475	1e+05	471
LV3003061476	1e+05	676.999999986917
LV3003061477	1e+05	977.584261740265
LV3003061485	1e+05	929.949349308052
LV3003061486	1e+05	312
LV3003061488	1e+05	805.999682599536
LV3003061489	1e+05	295
LV3003061492	1e+05	1060.61708634321
LV3003061500	1e+05	500.999999996762
LV3003061501	1e+05	571.999999803058
LV3003061503	1e+05	768.996737934713
LV3003061504	1e+05	449.999999999999
LV3003061505	1e+05	528.999999999803
LV3003061506	1e+05	466.999999998974
LV3003061513	1e+05	347
LV3003061514	1e+05	944.985603582937
LV3003061515	1e+05	983.930089990111
LV3003061516	1e+05	463.999999999889
LV3003061517	1e+05	861.999038637981
LV3003061518	1e+05	877.9894740545
LV3003061527	1e+05	
LV3003061528	1e+05	824.999386573561
LV3003061529	1e+05	868.999060208959
LV3003061530	1e+05	416.99999975217
LV3003061531	1e+05	923.999369292601
LV3003061533	1e+05	575.999993639248
LV3003061539	1e+05	374
LV3003061541	1e+05	595.999999204024
LV3003061543	1e+05	800.999919276826
LV3003061544	1e+05	566.999999999982
LV3003061545	1e+05	789.999920007957
LV3003061546	1e+05	460.999999000186
LV3003061555	1e+05	
LV3003061556	1e+05	538.999999999214
LV3003061557	1e+05	530.999999999888
LV3003061558	1e+05	636.99999984403
LV3003061559	1e+05	720.999997692068
LV3003061568	1e+05	
LV3003061569	1e+05	709.999993730943
LV3003061570	1e+05	593.999999998983
LV3003061571	1e+05	557.999999236654
LV3003061572	1e+05	942.883750345272
LV7001898064	1e+05	668.999752285168
LV7001898076	1e+05	1082.50317534172
LV7001898088	1e+05	733.417448032506
LV7001898100	1e+05	560.42805171065
LV7008886221	1e+05	471.999999999944
LV7008886222	1e+05	366
LV7008886226	1e+05	427.999999579291
LV7008886228	1e+05	
LV7008886229	1e+05	902.990661526738
LV7008886690	1e+05	301.999999385759
LV7008886692	1e+05	325
LV7008886695	1e+05	646.999990369177
LV7008886702	1e+05	599.999295359251
LV7008886703	1e+05	749.999999407176
LV7008886704	1e+05	383
LV7008886705	1e+05	
LV7008886706	1e+05	766.999393093738
LV7008886707	1e+05	559.999999951962
LV7008886708	1e+05	538.999999987353
LV7008886709	1e+05	388
LV7008886714	1e+05	502.287902503043
LV7008886715	1e+05	779.999957624016
LV7008886717	1e+05	373
LV7008886718	1e+05	690.999997593016
LV7008886719	1e+05	431.999999999971
LV7008886720	1e+05	638.999875810158
LV7008886721	1e+05	473
LV7008886726	1e+05	449.537973292216
LV7008886727	1e+05	944.994023284877
LV7008886728	1e+05	449
LV7008886730	1e+05	836.998950248777
LV7008886731	1e+05	443.99999999962
LV7008886739	1e+05	1046.90354560842
LV7008886740	1e+05	527.999999999999
LV7008886741	1e+05	
LV7008886742	1e+05	957.988323956465
LV7008886743	1e+05	511.999999989321
LV7008886744	1e+05	429.999999999991
LV7008886745	1e+05	265
LV7008886751	1e+05	551.999999958468
LV7008886752	1e+05	491
LV7008886753	1e+05	313
LV7008886754	1e+05	932.996595202928
LV7008886755	1e+05	629.999999549989
LV7008886756	1e+05	492.999999999993
LV7008886757	1e+05	
LV7008886763	1e+05	323
LV7008886765	1e+05	548.999999999996
LV7008886766	1e+05	899.996821261273
LV7008886768	1e+05	668.999999595563
LV7008886769	1e+05	187
LV7008886776	1e+05	828.999967362786
LV7008886778	1e+05	839.998602418067
LV7008886780	1e+05	788.999863727049
LV7008886781	1e+05	
LV3003046936	250000	1043.99999055004
LV3003046937	250000	592
LV3003046938	250000	658
LV3003046939	250000	540.999999883858
LV3003046949	250000	915.999999992132
LV3003046950	250000	835
LV3003046952	250000	591
LV3003046953	250000	518.999964153943
LV3003046965	250000	1081.99996024384
LV3003046966	250000	787
LV3003046978	250000	951.999999956681
LV3003046979	250000	708
LV3003046980	250000	540
LV3003046993	250000	965.999999998734
LV3003046994	250000	497
LV3003046995	250000	482
LV3003047009	250000	596
LV3003047010	250000	586
LV3003047013	250000	477
LV3003047026	250000	848.999997820033
LV3003047027	250000	717
LV3003047028	250000	
LV3003047041	250000	944.999999863944
LV3003047044	250000	539
LV3003047045	250000	507
LV3003047059	250000	
LV3003047060	250000	
LV3003047061	250000	
LV3003047062	250000	
LV3003047063	250000	
LV3003047064	250000	
LV3003047065	250000	
LV3003047067	250000	573
LV3003047068	250000	437
LV3003047069	250000	451
LV3003047070	250000	491
LV3003047071	250000	612
LV3003047073	250000	
LV3003047074	250000	
LV3003047077	250000	
LV3003047078	250000	
LV3003047079	250000	
LV3003047080	250000	462
LV3003047081	250000	541
LV3003047082	250000	
LV3003047083	250000	443
LV3003047084	250000	655
LV3003047085	250000	606
LV3003047087	250000	
LV3003047088	250000	
LV3003047089	250000	
LV3003047090	250000	
LV3003047091	250000	
LV3003047093	250000	441
LV3003047094	250000	453
LV3003047095	250000	423
LV3003047096	250000	569
LV3003047097	250000	522
LV3003047098	250000	
LV3003047099	250000	626
LV3003047100	250000	448
LV3003047101	250000	
LV3003047104	250000	
LV3003047105	250000	
LV3003047106	250000	
LV3003047107	250000	443
LV3003047110	250000	
LV3003047112	250000	497
LV3003047113	250000	644
LV3003047114	250000	
LV3003047117	250000	500
LV3003047118	250000	863.99999999239
LV3003047122	250000	
LV3003047123	250000	
LV3003047124	250000	
LV3003047125	250000	
LV3003047126	250000	
LV3003047127	250000	
LV3003047128	250000	564
LV3003047129	250000	549
LV3003047130	250000	462
LV3003047131	250000	547
LV3003047132	250000	1076.99983789597
LV3003047133	250000	419
LV3003047134	250000	429
LV3003047136	250000	468
LV3003047137	250000	
LV3003047138	250000	
LV3003047139	250000	
LV3003047140	250000	
LV3003047141	250000	
LV3003047142	250000	
LV3003047143	250000	541
LV3003047144	250000	744
LV3003047145	250000	706
LV3003047146	250000	588
LV3003047147	250000	
LV3003047148	250000	
LV3003047149	250000	
LV3003047150	250000	509
LV3003047152	250000	479
LV3003047153	250000	542
LV3003047154	250000	
LV3003047155	250000	416
LV3003047156	250000	666
LV3003047158	250000	
LV3003047159	250000	
LV3003047160	250000	
LV3003047161	250000	
LV3003047162	250000	
LV3003047164	250000	
LV3003047166	250000	538
LV3003047167	250000	
LV3003047168	250000	625
LV3003047169	250000	673
LV3003061473	250000	
LV3003061474	250000	658
LV3003061475	250000	471
LV3003061476	250000	677
LV3003061477	250000	977.999859160835
LV3003061485	250000	929.999999380636
LV3003061486	250000	
LV3003061488	250000	806
LV3003061489	250000	295
LV3003061492	250000	1060.9998748697
LV3003061500	250000	501
LV3003061501	250000	572
LV3003061503	250000	768.999999999617
LV3003061504	250000	450
LV3003061505	250000	529
LV3003061506	250000	467
LV3003061513	250000	
LV3003061514	250000	944.999999980825
LV3003061515	250000	983.99999853011
LV3003061516	250000	464
LV3003061517	250000	861.999999999993
LV3003061518	250000	877.999999991784
LV3003061527	250000	
LV3003061528	250000	824.999999999996
LV3003061529	250000	868.999999999993
LV3003061530	250000	417
LV3003061531	250000	923.999999999999
LV3003061533	250000	576
LV3003061539	250000	374
LV3003061541	250000	596
LV3003061543	250000	801
LV3003061544	250000	567
LV3003061545	250000	790
LV3003061546	250000	461
LV3003061555	250000	
LV3003061556	250000	539
LV3003061557	250000	531
LV3003061558	250000	637
LV3003061559	250000	721
LV3003061568	250000	
LV3003061569	250000	710
LV3003061570	250000	594
LV3003061571	250000	558
LV3003061572	250000	942.99999262341
LV7001898064	250000	669
LV7001898076	250000	1082.99980148597
LV7001898088	250000	733.999575273225
LV7001898100	250000	561.993927907693
LV7008886221	250000	472
LV7008886222	250000	366
LV7008886226	250000	428
LV7008886228	250000	
LV7008886229	250000	902.999999994157
LV7008886690	250000	302
LV7008886692	250000	
LV7008886695	250000	647
LV7008886702	250000	599.999999999993
LV7008886703	250000	750
LV7008886704	250000	383
LV7008886705	250000	
LV7008886706	250000	766.999999999997
LV7008886707	250000	560
LV7008886708	250000	539
LV7008886709	250000	
LV7008886714	250000	504.982389920216
LV7008886715	250000	780
LV7008886717	250000	
LV7008886718	250000	691
LV7008886719	250000	432
LV7008886720	250000	639
LV7008886721	250000	473
LV7008886726	250000	449.999755780665
LV7008886727	250000	944.999999998772
LV7008886728	250000	449
LV7008886730	250000	836.999999999982
LV7008886731	250000	444
LV7008886739	250000	1046.9999969709
LV7008886740	250000	528
LV7008886741	250000	
LV7008886742	250000	957.99999999045
LV7008886743	250000	512
LV7008886744	250000	430
LV7008886745	250000	
LV7008886751	250000	552
LV7008886752	250000	491
LV7008886753	250000	
LV7008886754	250000	932.999999999758
LV7008886755	250000	630
LV7008886756	250000	493
LV7008886757	250000	
LV7008886763	250000	323
LV7008886765	250000	549
LV7008886766	250000	899.999999999591
LV7008886768	250000	669
LV7008886769	250000	
LV7008886776	250000	829
LV7008886778	250000	839.99999999997
LV7008886780	250000	789
LV7008886781	250000	
LV3003046936	5e+05	1044
LV3003046937	5e+05	592
LV3003046938	5e+05	658
LV3003046939	5e+05	541
LV3003046949	5e+05	916
LV3003046950	5e+05	835
LV3003046952	5e+05	591
LV3003046953	5e+05	518.999999999978
LV3003046965	5e+05	1081.99999999999
LV3003046966	5e+05	787
LV3003046978	5e+05	952
LV3003046979	5e+05	708
LV3003046980	5e+05	540
LV3003046993	5e+05	966
LV3003046994	5e+05	497
LV3003046995	5e+05	482
LV3003047009	5e+05	596
LV3003047010	5e+05	586
LV3003047013	5e+05	477
LV3003047026	5e+05	849
LV3003047027	5e+05	717
LV3003047028	5e+05	
LV3003047041	5e+05	945
LV3003047044	5e+05	
LV3003047045	5e+05	507
LV3003047059	5e+05	
LV3003047060	5e+05	
LV3003047061	5e+05	
LV3003047062	5e+05	
LV3003047063	5e+05	
LV3003047064	5e+05	
LV3003047065	5e+05	
LV3003047067	5e+05	
LV3003047068	5e+05	
LV3003047069	5e+05	
LV3003047070	5e+05	
LV3003047071	5e+05	
LV3003047073	5e+05	
LV3003047074	5e+05	
LV3003047077	5e+05	
LV3003047078	5e+05	
LV3003047079	5e+05	
LV3003047080	5e+05	
LV3003047081	5e+05	
LV3003047082	5e+05	
LV3003047083	5e+05	
LV3003047084	5e+05	655
LV3003047085	5e+05	
LV3003047087	5e+05	
LV3003047088	5e+05	
LV3003047089	5e+05	
LV3003047090	5e+05	
LV3003047091	5e+05	
LV3003047093	5e+05	
LV3003047094	5e+05	
LV3003047095	5e+05	
LV3003047096	5e+05	569
LV3003047097	5e+05	
LV3003047098	5e+05	
LV3003047099	5e+05	626
LV3003047100	5e+05	
LV3003047101	5e+05	
LV3003047104	5e+05	
LV3003047105	5e+05	
LV3003047106	5e+05	
LV3003047107	5e+05	
LV3003047110	5e+05	
LV3003047112	5e+05	
LV3003047113	5e+05	644
LV3003047114	5e+05	
LV3003047117	5e+05	
LV3003047118	5e+05	864
LV3003047122	5e+05	
LV3003047123	5e+05	
LV3003047124	5e+05	
LV3003047125	5e+05	
LV3003047126	5e+05	
LV3003047127	5e+05	
LV3003047128	5e+05	
LV3003047129	5e+05	
LV3003047130	5e+05	
LV3003047131	5e+05	
LV3003047132	5e+05	1076.9999999998
LV3003047133	5e+05	
LV3003047134	5e+05	
LV3003047136	5e+05	
LV3003047137	5e+05	
LV3003047138	5e+05	
LV3003047139	5e+05	
LV3003047140	5e+05	
LV3003047141	5e+05	
LV3003047142	5e+05	
LV3003047143	5e+05	
LV3003047144	5e+05	744
LV3003047145	5e+05	706
LV3003047146	5e+05	
LV3003047147	5e+05	
LV3003047148	5e+05	
LV3003047149	5e+05	
LV3003047150	5e+05	
LV3003047152	5e+05	
LV3003047153	5e+05	
LV3003047154	5e+05	
LV3003047155	5e+05	
LV3003047156	5e+05	666
LV3003047158	5e+05	
LV3003047159	5e+05	
LV3003047160	5e+05	
LV3003047161	5e+05	
LV3003047162	5e+05	
LV3003047164	5e+05	
LV3003047166	5e+05	
LV3003047167	5e+05	
LV3003047168	5e+05	
LV3003047169	5e+05	673
LV3003061473	5e+05	
LV3003061474	5e+05	658
LV3003061475	5e+05	
LV3003061476	5e+05	677
LV3003061477	5e+05	977.999999999858
LV3003061485	5e+05	930
LV3003061486	5e+05	
LV3003061488	5e+05	806
LV3003061489	5e+05	
LV3003061492	5e+05	1060.99999999989
LV3003061500	5e+05	501
LV3003061501	5e+05	572
LV3003061503	5e+05	769
LV3003061504	5e+05	
LV3003061505	5e+05	
LV3003061506	5e+05	
LV3003061513	5e+05	
LV3003061514	5e+05	945
LV3003061515	5e+05	984
LV3003061516	5e+05	
LV3003061517	5e+05	862
LV3003061518	5e+05	878
LV3003061527	5e+05	
LV3003061528	5e+05	825
LV3003061529	5e+05	869
LV3003061530	5e+05	417
LV3003061531	5e+05	924
LV3003061533	5e+05	576
LV3003061539	5e+05	
LV3003061541	5e+05	596
LV3003061543	5e+05	801
LV3003061544	5e+05	
LV3003061545	5e+05	790
LV3003061546	5e+05	461
LV3003061555	5e+05	
LV3003061556	5e+05	
LV3003061557	5e+05	
LV3003061558	5e+05	637
LV3003061559	5e+05	721
LV3003061568	5e+05	
LV3003061569	5e+05	710
LV3003061570	5e+05	
LV3003061571	5e+05	558
LV3003061572	5e+05	943
LV7001898064	5e+05	669
LV7001898076	5e+05	1082.9999999997
LV7001898088	5e+05	733.999999997774
LV7001898100	5e+05	561.999999325989
LV7008886221	5e+05	
LV7008886222	5e+05	
LV7008886226	5e+05	428
LV7008886228	5e+05	
LV7008886229	5e+05	903
LV7008886690	5e+05	302
LV7008886692	5e+05	
LV7008886695	5e+05	647
LV7008886702	5e+05	600
LV7008886703	5e+05	750
LV7008886704	5e+05	
LV7008886705	5e+05	
LV7008886706	5e+05	767
LV7008886707	5e+05	560
LV7008886708	5e+05	539
LV7008886709	5e+05	
LV7008886714	5e+05	504.999993909319
LV7008886715	5e+05	780
LV7008886717	5e+05	
LV7008886718	5e+05	691
LV7008886719	5e+05	
LV7008886720	5e+05	639
LV7008886721	5e+05	
LV7008886726	5e+05	449.999999999465
LV7008886727	5e+05	945
LV7008886728	5e+05	
LV7008886730	5e+05	837
LV7008886731	5e+05	
LV7008886739	5e+05	1047
LV7008886740	5e+05	
LV7008886741	5e+05	
LV7008886742	5e+05	958
LV7008886743	5e+05	512
LV7008886744	5e+05	
LV7008886745	5e+05	
LV7008886751	5e+05	552
LV7008886752	5e+05	
LV7008886753	5e+05	
LV7008886754	5e+05	933
LV7008886755	5e+05	630
LV7008886756	5e+05	
LV7008886757	5e+05	
LV7008886763	5e+05	
LV7008886765	5e+05	
LV7008886766	5e+05	900
LV7008886768	5e+05	669
LV7008886769	5e+05	
LV7008886776	5e+05	829
LV7008886778	5e+05	840
LV7008886780	5e+05	789
LV7008886781	5e+05	
