sample	harmonization_mode	state_extended	state_main	match
LV3003046936	corewise_z	3	3	TRUE
LV3003046937	corewise_z	4	3	FALSE
LV3003046938	corewise_z	1	1	TRUE
LV3003046939	corewise_z	1	1	TRUE
LV3003046949	corewise_z	3	3	TRUE
LV3003046950	corewise_z	1	3	FALSE
LV3003046952	corewise_z	1	1	TRUE
LV3003046953	corewise_z	1	1	TRUE
LV3003046965	corewise_z	3	3	TRUE
LV3003046966	corewise_z	5	3	FALSE
LV3003046978	corewise_z	3	3	TRUE
LV3003046979	corewise_z	3	3	TRUE
LV3003046980	corewise_z	1	1	TRUE
LV3003046993	corewise_z	3	3	TRUE
LV3003046994	corewise_z	3	3	TRUE
LV3003046995	corewise_z	1	1	TRUE
LV3003047009	corewise_z	3	3	TRUE
LV3003047010	corewise_z	1	1	TRUE
LV3003047013	corewise_z	1	1	TRUE
LV3003047026	corewise_z	3	3	TRUE
LV3003047027	corewise_z	1	1	TRUE
LV3003047028	corewise_z	2	2	TRUE
LV3003047041	corewise_z	3	3	TRUE
LV3003047044	corewise_z	5	5	TRUE
LV3003047045	corewise_z	1	1	TRUE
LV3003047059	corewise_z	2	2	TRUE
LV3003047060	corewise_z	2	2	TRUE
LV3003047061	corewise_z	2	2	TRUE
LV3003047062	corewise_z	2	2	TRUE
LV3003047063	corewise_z	2	2	TRUE
LV3003047064	corewise_z	2	2	TRUE
LV3003047065	corewise_z	2	2	TRUE
LV3003047067	corewise_z	4	4	TRUE
LV3003047068	corewise_z	4	4	TRUE
LV3003047069	corewise_z	4	4	TRUE
LV3003047070	corewise_z	5	5	TRUE
LV3003047071	corewise_z	5	5	TRUE
LV3003047073	corewise_z	2	2	TRUE
LV3003047074	corewise_z	2	2	TRUE
LV3003047077	corewise_z	2	2	TRUE
LV3003047078	corewise_z	2	2	TRUE
LV3003047079	corewise_z	1	1	TRUE
LV3003047080	corewise_z	4	1	FALSE
LV3003047081	corewise_z	4	4	TRUE
LV3003047082	corewise_z	4	4	TRUE
LV3003047083	corewise_z	4	4	TRUE
LV3003047084	corewise_z	1	5	FALSE
LV3003047085	corewise_z	5	5	TRUE
LV3003047087	corewise_z	2	2	TRUE
LV3003047088	corewise_z	2	2	TRUE
LV3003047089	corewise_z	2	2	TRUE
LV3003047090	corewise_z	2	2	TRUE
LV3003047091	corewise_z	1	1	TRUE
LV3003047093	corewise_z	1	1	TRUE
LV3003047094	corewise_z	4	4	TRUE
LV3003047095	corewise_z	4	4	TRUE
LV3003047096	corewise_z	5	5	TRUE
LV3003047097	corewise_z	5	5	TRUE
LV3003047098	corewise_z	5	5	TRUE
LV3003047099	corewise_z	4	3	FALSE
LV3003047100	corewise_z	1	1	TRUE
LV3003047101	corewise_z	4	1	FALSE
LV3003047104	corewise_z	2	2	TRUE
LV3003047105	corewise_z	2	2	TRUE
LV3003047106	corewise_z	2	2	TRUE
LV3003047107	corewise_z	4	1	FALSE
LV3003047110	corewise_z	4	4	TRUE
LV3003047112	corewise_z	4	4	TRUE
LV3003047113	corewise_z	5	5	TRUE
LV3003047114	corewise_z	4	5	FALSE
LV3003047117	corewise_z	5	5	TRUE
LV3003047118	corewise_z	3	3	TRUE
LV3003047122	corewise_z	2	2	TRUE
LV3003047123	corewise_z	2	2	TRUE
LV3003047124	corewise_z	2	2	TRUE
LV3003047125	corewise_z	2	2	TRUE
LV3003047126	corewise_z	4	4	TRUE
LV3003047127	corewise_z	2	2	TRUE
LV3003047128	corewise_z	5	5	TRUE
LV3003047129	corewise_z	5	5	TRUE
LV3003047130	corewise_z	5	5	TRUE
LV3003047131	corewise_z	5	5	TRUE
LV3003047132	corewise_z	3	3	TRUE
LV3003047133	corewise_z	4	1	FALSE
LV3003047134	corewise_z	1	1	TRUE
LV3003047136	corewise_z	1	1	TRUE
LV3003047137	corewise_z	4	1	FALSE
LV3003047138	corewise_z	1	1	TRUE
LV3003047139	corewise_z	4	4	TRUE
LV3003047140	corewise_z	2	2	TRUE
LV3003047141	corewise_z	2	2	TRUE
LV3003047142	corewise_z	4	4	TRUE
LV3003047143	corewise_z	5	5	TRUE
LV3003047144	corewise_z	5	5	TRUE
LV3003047145	corewise_z	3	3	TRUE
LV3003047146	corewise_z	4	4	TRUE
LV3003047147	corewise_z	4	4	TRUE
LV3003047148	corewise_z	4	4	TRUE
LV3003047149	corewise_z	4	4	TRUE
LV3003047150	corewise_z	4	4	TRUE
LV3003047152	corewise_z	4	4	TRUE
LV3003047153	corewise_z	5	4	FALSE
LV3003047154	corewise_z	4	4	TRUE
LV3003047155	corewise_z	5	5	TRUE
LV3003047156	corewise_z	5	5	TRUE
LV3003047158	corewise_z	4	4	TRUE
LV3003047159	corewise_z	4	4	TRUE
LV3003047160	corewise_z	2	2	TRUE
LV3003047161	corewise_z	2	2	TRUE
LV3003047162	corewise_z	2	2	TRUE
LV3003047164	corewise_z	4	4	TRUE
LV3003047166	corewise_z	5	4	FALSE
LV3003047167	corewise_z	4	4	TRUE
LV3003047168	corewise_z	5	5	TRUE
LV3003047169	corewise_z	5	5	TRUE
LV3003061473	corewise_z	2	2	TRUE
LV3003061474	corewise_z	1	1	TRUE
LV3003061475	corewise_z	4	4	TRUE
LV3003061476	corewise_z	5	5	TRUE
LV3003061477	corewise_z	3	3	TRUE
LV3003061485	corewise_z	1	1	TRUE
LV3003061486	corewise_z	4	4	TRUE
LV3003061488	corewise_z	5	5	TRUE
LV3003061489	corewise_z	1	2	FALSE
LV3003061492	corewise_z	3	3	TRUE
LV3003061500	corewise_z	1	1	TRUE
LV3003061501	corewise_z	1	1	TRUE
LV3003061503	corewise_z	1	1	TRUE
LV3003061504	corewise_z	4	4	TRUE
LV3003061505	corewise_z	5	5	TRUE
LV3003061506	corewise_z	3	3	TRUE
LV3003061513	corewise_z	4	4	TRUE
LV3003061514	corewise_z	1	1	TRUE
LV3003061515	corewise_z	1	1	TRUE
LV3003061516	corewise_z	4	4	TRUE
LV3003061517	corewise_z	5	5	TRUE
LV3003061518	corewise_z	3	3	TRUE
LV3003061527	corewise_z	2	2	TRUE
LV3003061528	corewise_z	1	1	TRUE
LV3003061529	corewise_z	1	1	TRUE
LV3003061530	corewise_z	4	4	TRUE
LV3003061531	corewise_z	5	5	TRUE
LV3003061533	corewise_z	3	3	TRUE
LV3003061539	corewise_z	4	4	TRUE
LV3003061541	corewise_z	1	1	TRUE
LV3003061543	corewise_z	1	1	TRUE
LV3003061544	corewise_z	4	4	TRUE
LV3003061545	corewise_z	5	5	TRUE
LV3003061546	corewise_z	3	3	TRUE
LV3003061555	corewise_z	2	2	TRUE
LV3003061556	corewise_z	1	1	TRUE
LV3003061557	corewise_z	1	1	TRUE
LV3003061558	corewise_z	5	5	TRUE
LV3003061559	corewise_z	5	5	TRUE
LV3003061568	corewise_z	2	2	TRUE
LV3003061569	corewise_z	1	1	TRUE
LV3003061570	corewise_z	1	4	FALSE
LV3003061571	corewise_z	5	5	TRUE
LV3003061572	corewise_z	3	3	TRUE
LV7001898064	corewise_z	3	3	TRUE
LV7001898076	corewise_z	3	3	TRUE
LV7001898088	corewise_z	1	1	TRUE
LV7001898100	corewise_z	1	1	TRUE
LV7008886221	corewise_z	4	4	TRUE
LV7008886222	corewise_z	4	4	TRUE
LV7008886226	corewise_z	4	4	TRUE
LV7008886228	corewise_z	4	2	FALSE
LV7008886229	corewise_z	4	1	FALSE
LV7008886690	corewise_z	3	3	TRUE
LV7008886692	corewise_z	4	4	TRUE
LV7008886695	corewise_z	1	1	TRUE
LV7008886702	corewise_z	4	3	FALSE
LV7008886703	corewise_z	5	5	TRUE
LV7008886704	corewise_z	4	4	TRUE
LV7008886705	corewise_z	4	4	TRUE
LV7008886706	corewise_z	1	1	TRUE
LV7008886707	corewise_z	4	1	FALSE
LV7008886708	corewise_z	1	1	TRUE
LV7008886709	corewise_z	4	4	TRUE
LV7008886714	corewise_z	1	1	TRUE
LV7008886715	corewise_z	4	5	FALSE
LV7008886717	corewise_z	4	4	TRUE
LV7008886718	corewise_z	4	1	FALSE
LV7008886719	corewise_z	4	1	FALSE
LV7008886720	corewise_z	4	1	FALSE
LV7008886721	corewise_z	4	4	TRUE
LV7008886726	corewise_z	4	1	FALSE
LV7008886727	corewise_z	3	3	TRUE
LV7008886728	corewise_z	4	5	FALSE
LV7008886730	corewise_z	1	1	TRUE
LV7008886731	corewise_z	4	1	FALSE
LV7008886739	corewise_z	4	3	FALSE
LV7008886740	corewise_z	4	4	TRUE
LV7008886741	corewise_z	2	2	TRUE
LV7008886742	corewise_z	4	1	FALSE
LV7008886743	corewise_z	1	1	TRUE
LV7008886744	corewise_z	1	1	TRUE
LV7008886745	corewise_z	4	4	TRUE
LV7008886751	corewise_z	3	3	TRUE
LV7008886752	corewise_z	4	5	FALSE
LV7008886753	corewise_z	4	4	TRUE
LV7008886754	corewise_z	1	1	TRUE
LV7008886755	corewise_z	4	1	FALSE
LV7008886756	corewise_z	4	1	FALSE
LV7008886757	corewise_z	2	2	TRUE
LV7008886763	corewise_z	4	3	FALSE
LV7008886765	corewise_z	4	4	TRUE
LV7008886766	corewise_z	4	1	FALSE
LV7008886768	corewise_z	1	1	TRUE
LV7008886769	corewise_z	4	2	FALSE
LV7008886776	corewise_z	5	5	TRUE
LV7008886778	corewise_z	1	1	TRUE
LV7008886780	corewise_z	4	1	FALSE
LV7008886781	corewise_z	2	2	TRUE
