age_bin_10k	core	n_samples	median_reads	median_observed_taxa	median_shannon	median_chao1	low_detection_n	low_detection_pct	sequencing_attention_n	sequencing_attention_pct	median_PC1	median_PC2	bin_n	bin_low_detection_n	bin_attention_n	core_share_in_bin	expected_low_detection_n	expected_attention_n	low_detection_enrichment	attention_enrichment	fairness_label
[0,10)	GeoB25202_R1	3	656787	505	4.14348171984848	505	0	0	0	0	-2.57526390578406	-21.2827564000277	21	1	0	0.142857142857143	0.142857142857143	0	0		no_low_detection_signal
[0,10)	GeoB25202_R2	3	1035788	450	4.36617471261151	450	0	0	0	0	-4.61004229830314	-21.1044863100127	21	1	0	0.142857142857143	0.142857142857143	0	0		no_low_detection_signal
[0,10)	ST13	7	1323453	669	4.96619196862672	669	0	0	0	0	-41.1448201297664	-22.7642281816736	21	1	0	0.333333333333333	0.333333333333333	0	0		no_low_detection_signal
[0,10)	ST8	8	703131	507	4.95445213390339	507	1	12.5	0	0	-5.87788690216889	55.8614781280153	21	1	0	0.380952380952381	0.380952380952381	0	2.625		no_low_detection_signal
[10,20)	GeoB25202_R1	1	1206819	945	5.77138928308655	945	0	0	0	0	-92.7853789210796	-39.4349460241111	18	0	0	0.0555555555555556	0	0			too_sparse
[10,20)	GeoB25202_R2	1	1759696	1047	5.80722293982221	1047	0	0	0	0	-112.00415909621	-35.1200022491347	18	0	0	0.0555555555555556	0	0			too_sparse
[10,20)	ST13	4	2080101	960.5	5.58244541562666	960.5	0	0	0	0	-106.795822071792	-36.090547273756	18	0	0	0.222222222222222	0	0			no_low_detection_signal
[10,20)	ST8	12	706896.5	683	5.54892654444864	683	0	0	0	0	-34.6729446193609	-22.6826713892522	18	0	0	0.666666666666667	0	0			no_low_detection_signal
[20,30)	GeoB25202_R1	1	619230	750	5.54018440474066	750	0	0	0	0	-46.1846846379083	-32.2984136021489	24	0	0	0.0416666666666667	0	0			too_sparse
[20,30)	GeoB25202_R2	1	811529	780	5.14776903344886	780	0	0	0	0	-53.5116328686492	-33.6066987872044	24	0	0	0.0416666666666667	0	0			too_sparse
[20,30)	ST13	3	853834	790	5.51780688699794	790	0	0	0	0	-62.9110281833978	-20.9086890004571	24	0	0	0.125	0	0			no_low_detection_signal
[20,30)	ST8	19	649594	689.5	5.6151434561467	689.5	0	0	0	0	-37.7587788392033	-38.9064738343419	24	0	0	0.791666666666667	0	0			no_low_detection_signal
[30,40)	GeoB25202_R1	1	800670	829	5.70399081923291	829	0	0	0	0	-67.1308547195354	-12.1321438537908	27	1	0	0.037037037037037	0.037037037037037	0	0		too_sparse
[30,40)	GeoB25202_R2	1	640010	428	4.39917967578849	428	0	0	0	0	12.9838577986524	-4.80292021221839	27	1	0	0.037037037037037	0.037037037037037	0	0		too_sparse
[30,40)	ST13	4	719606.5	741.5	5.43391809051085	741.5	0	0	0	0	-51.7182312356516	-9.69992458602565	27	1	0	0.148148148148148	0.148148148148148	0	0		no_low_detection_signal
[30,40)	ST8	21	302672	491	5.41100325225749	491	1	4.76190476190476	0	0	1.18102084709544	-13.7005741711592	27	1	0	0.777777777777778	0.777777777777778	0	1.28571428571429		expected_by_sampling
[40,50)	GeoB25202_R1	1	390482	528	5.1948438527589	528	0	0	0	0	-12.3578122619029	-7.2216651727633	16	2	0	0.0625	0.125	0	0		too_sparse
[40,50)	GeoB25202_R2	1	380554	491	5.05264546243521	491	0	0	0	0	-1.08868707405842	-8.22982918216202	16	2	0	0.0625	0.125	0	0		too_sparse
[40,50)	ST13	5	584697	558	4.95092403884079	558	0	0	0	0	-18.5315852536608	-3.09429944641163	16	2	0	0.3125	0.625	0	0		no_low_detection_signal
[40,50)	ST8	9	203145	381	5.16170858479725	381	2	22.2222222222222	0	0	20.3032742434367	-5.98613128672123	16	2	0	0.5625	1.125	0	1.77777777777778		no_low_detection_signal
[50,60)	GeoB25202_R1	5	226186	325	4.61920384688473	325	2	40	0	0	34.1400529762377	-3.77573755305184	24	4	1	0.208333333333333	0.833333333333333	0.208333333333333	2.4	0	enriched_beyond_sampling
[50,60)	GeoB25202_R2	5	233956	378	4.95168366313713	378	0	0	0	0	22.7494186506301	7.65461740077309	24	4	1	0.208333333333333	0.833333333333333	0.208333333333333	0	0	no_low_detection_signal
[50,60)	ST13	5	396789	471	5.24559229183399	471	0	0	0	0	-0.0145043943704769	2.85820708190953	24	4	1	0.208333333333333	0.833333333333333	0.208333333333333	0	0	no_low_detection_signal
[50,60)	ST8	9	193122	362	5.20326346145349	362	2	22.2222222222222	1	11.1111111111111	24.2218484629539	-14.1021333104136	24	4	1	0.375	1.5	0.375	1.33333333333333	2.66666666666667	mixed_or_background
[60,70)	GeoB25202_R1	1	1069557	840	5.36535063361141	840	0	0	0	0	-52.1557300436086	61.1761422041888	13	0	0	0.0769230769230769	0	0			too_sparse
[60,70)	GeoB25202_R2	1	1307891	903	5.360615992873	903	0	0	0	0	-61.2460271846208	55.1796256605697	13	0	0	0.0769230769230769	0	0			too_sparse
[60,70)	ST13	2	936557.5	835	5.63384904232858	835	0	0	0	0	-70.7495100330478	13.5538516764897	13	0	0	0.153846153846154	0	0			no_low_detection_signal
[60,70)	ST8	9	231255	413	5.36128106600003	413	0	0	0	0	20.5143733184362	-6.97472913613121	13	0	0	0.692307692307692	0	0			no_low_detection_signal
[70,80)	GeoB25202_R1	3	1065055	837	5.33979750738577	837	0	0	0	0	-52.4017728165537	51.3883453229376	18	4	0	0.166666666666667	0.666666666666667	0	0		no_low_detection_signal
[70,80)	GeoB25202_R2	3	1186650	900	5.4589647578697	900	0	0	0	0	-62.9415102926921	46.8534322970204	18	4	0	0.166666666666667	0.666666666666667	0	0		no_low_detection_signal
[70,80)	ST13	4	1387439.5	849.5	5.30232153059177	849.5	0	0	0	0	-73.3285977454958	35.7047029065346	18	4	0	0.222222222222222	0.888888888888889	0	0		no_low_detection_signal
[70,80)	ST8	8	107697	232	4.70571671587336	232	4	50	0	0	57.4998260356677	7.02014182910707	18	4	0	0.444444444444444	1.77777777777778	0	2.25		enriched_beyond_sampling
[80,90)	GeoB25202_R1	2	484921	472	4.80201643355875	472	0	0	0	0	21.8375200255033	30.0131533129894	13	2	0	0.153846153846154	0.307692307692308	0	0		no_low_detection_signal
[80,90)	GeoB25202_R2	2	559272	537	4.84600668999007	537	0	0	0	0	10.181913389251	37.2307357793665	13	2	0	0.153846153846154	0.307692307692308	0	0		no_low_detection_signal
[80,90)	ST13	2	600945.5	624.5	5.1377003785416	624.5	0	0	0	0	-26.4203521091782	35.8955049125611	13	2	0	0.153846153846154	0.307692307692308	0	0		no_low_detection_signal
[80,90)	ST8	7	208332	340	4.87885666827335	340	2	28.5714285714286	0	0	38.3700721309127	10.6912380722185	13	2	0	0.538461538461538	1.07692307692308	0	1.85714285714286		enriched_beyond_sampling
[90,100)	GeoB25202_R1	1	745595	647	5.01886600343781	647	0	0	0	0	-10.6533454843781	48.9513774885632	12	7	0	0.0833333333333333	0.583333333333333	0	0		too_sparse
[90,100)	GeoB25202_R2	1	568907	560	4.92558542007848	560	0	0	0	0	9.33041055516293	38.569889272783	12	7	0	0.0833333333333333	0.583333333333333	0	0		too_sparse
[90,100)	ST13	2	832987.5	710.5	5.3304904820471	710.5	0	0	0	0	-42.8345031662204	35.148856440415	12	7	0	0.166666666666667	1.16666666666667	0	0		no_low_detection_signal
[90,100)	ST8	8	46046.5	129.5	4.11144314083534	129.5	7	87.5	0	0	80.6838220476553	-4.80259574267062	12	7	0	0.666666666666667	4.66666666666667	0	1.5		enriched_beyond_sampling
[100,110)	GeoB25202_R1	3	534951	539	4.84714684284077	539	0	0	0	0	20.5612901903296	43.0517853146641	16	8	2	0.1875	1.5	0.375	0	0	no_low_detection_signal
[100,110)	GeoB25202_R2	3	891911	639	4.96069583130431	639	0	0	0	0	5.40060071316817	50.975735680661	16	8	2	0.1875	1.5	0.375	0	0	no_low_detection_signal
[100,110)	ST13	2	997899.5	758.5	5.12512857276566	758.5	0	0	0	0	-45.7084022387908	48.6984385680454	16	8	2	0.125	1	0.25	0	0	no_low_detection_signal
[100,110)	ST8	8	31975.5	82.5	3.71337101828694	82.5	8	100	2	25	91.1694634845641	-13.0716478053952	16	8	2	0.5	4	1	2	2	enriched_beyond_sampling
[110,120)	ST13	2	203699.5	229.5	3.65315267671902	229.5	1	50	0	0	58.5490992992062	8.18939342984245	2	1	0	1	1	0	1		too_sparse
[120,130)	GeoB25202_R1	2	33051.5	81.5	3.73596443486781	81.5	2	100	0	0	90.9108176320997	-13.0940397823499	6	6	0	0.333333333333333	2	0	1		mixed_or_background
[120,130)	GeoB25202_R2	2	77277	136	3.98710603590771	136	2	100	0	0	81.099798465826	-14.4933002061224	6	6	0	0.333333333333333	2	0	1		mixed_or_background
[120,130)	ST13	2	29977.5	76	3.29093362214457	76	2	100	0	0	88.0659487862554	-14.2280888409362	6	6	0	0.333333333333333	2	0	1		mixed_or_background
[130,140)	GeoB25202_R1	1	282824	366	4.79812812981102	366	0	0	0	0	27.6246232700349	4.57167145053283	5	1	0	0.2	0.2	0	0		too_sparse
[130,140)	GeoB25202_R2	1	149876	265	4.44350428943579	265	0	0	0	0	49.6625290764413	-2.30274721882236	5	1	0	0.2	0.2	0	0		too_sparse
[130,140)	ST13	3	213784	347	4.98019913701503	347	1	33.3333333333333	0	0	23.1636397909296	-7.33808467527838	5	1	0	0.6	0.6	0	1.66666666666667		enriched_beyond_sampling
[140,150]	GeoB25202_R1	1	207636	388	5.24304754053314	388	0	0	0	0	24.4480439209798	-2.59652864419772	3	0	0	0.333333333333333	0	0			too_sparse
[140,150]	GeoB25202_R2	1	282338	473	5.38215838445962	473	0	0	0	0	3.46240203352741	1.18279051532455	3	0	0	0.333333333333333	0	0			too_sparse
[140,150]	ST13	1	511586	501	5.01688536354573	501	0	0	0	0	-1.72211257658819	-16.0946398680468	3	0	0	0.333333333333333	0	0			too_sparse
