sample	core	flowcell	depth_in_core_cm	log_total_reads	total_reads	library_concentration	log_initial	log_derep	avg_leng_initial	avg_len_derep	detected_taxa	shannon_raw	age_kyr	mis	sst	PC1	PC2	PC3	site_group	glacial_class	dedup_fraction	low_reads_50k	low_reads_100k	low_reads_q10	low_reads_q20	low_taxa_150	low_taxa_250	low_taxa_q10	low_taxa_q20	low_reads_or_taxa	low_reads_and_taxa	total_reads_from_counts	observed_taxa	shannon_vegan	vegan_chao1	chao1_gap	rarefaction_slope_per_10k	qc_depth_class	PC1_pc	PC2_pc	PC3_pc	age_bin_10k	focus_age_bin	age_bin_quantile	sequencing_attention
LV3003046936	ST8		139.5	6.27443150715505	1881184	189.42	8.18202560490086	7.75500706127122	62.8	63.9	1044	5.79036371112999	22.905	4.8619	7.62434576717752	-111.637159194156	-47.6003203961922	36.3262296533435	ST8	glacial_like	0.374094610616418	FALSE	FALSE	FALSE	FALSE	FALSE	FALSE	FALSE	FALSE	FALSE	FALSE	1881184	1044	5.79036371112999	1044	0	0	adequate_depth	-111.637159194156	-47.6003203961922	36.3262296533435	[20,30)	other	(19.1,33.4]	FALSE
LV3003046937	ST8		99.5	5.74086854525352	550640	100.16	7.56858242168356	7.28648444872805	66.6	67.9	592	5.19180560931416	18.598	4.98412	7.40669227965178	-33.1778185924624	-27.0208342045497	-6.51603614218834	ST8	glacial_like	0.522278341477148	FALSE	FALSE	FALSE	FALSE	FALSE	FALSE	FALSE	FALSE	FALSE	FALSE	550640	592	5.19180560931416	592	0	0	adequate_depth	-33.1778185924624	-27.0208342045497	-6.51603614218834	[10,20)	other	[0.692,19.1]	FALSE
LV3003046938	ST8		55	5.87460414511034	749210	92.71	8.13146374049289	7.86544763633642	83.8	85.5	658	5.58983006062237	11.169	3.65408	6.64060093364877	-27.0316122766786	56.574503812305	37.8708387791529	ST8	interglacial_like	0.541980789351994	FALSE	FALSE	FALSE	FALSE	FALSE	FALSE	FALSE	FALSE	FALSE	FALSE	749210	658	5.58983006062237	658	0	0	adequate_depth	-27.0316122766786	56.574503812305	37.8708387791529	[10,20)	other	[0.692,19.1]	FALSE
LV3003046939	ST8		15	6.18198699573197	1520501	137.77	8.24262129834256	8.16202407881504	79.3	79.8	541	4.86324339842374	2.42	3.2262	6.89400787736814	-21.4396019321381	57.4546497862326	29.0509791601008	ST8	interglacial_like	0.830620757284178	FALSE	FALSE	FALSE	FALSE	FALSE	FALSE	FALSE	FALSE	FALSE	FALSE	1520501	541	4.86324339842374	541	0	0	adequate_depth	-21.4396019321381	57.4546497862326	29.0509791601008	[0,10)	other	[0.692,19.1]	FALSE
LV3003046949	ST8		134.5	6.11653336302888	1307775	140.56	7.78707156082083	7.57943717721456	56.4	57.8	916	5.31578030448818	22.3686666666667	4.87262666666667	7.59724225650273	-88.1860221552295	-40.5350917012974	25.4116934567859	ST8	glacial_like	0.619962772876199	FALSE	FALSE	FALSE	FALSE	FALSE	FALSE	FALSE	FALSE	FALSE	FALSE	1307775	916	5.31578030448818	916	0	0	adequate_depth	-88.1860221552295	-40.5350917012974	25.4116934567859	[20,30)	other	(19.1,33.4]	FALSE
LV3003046950	ST8		94.5	5.91777272586659	827508	104.24	7.73679962727509	7.48171898404423	72.2	73.7	835	5.86240552233203	18.099	5.01406	7.38147540241116	-71.6821228162284	-38.9390929905013	14.8721101929565	ST8	glacial_like	0.555801034015904	FALSE	FALSE	FALSE	FALSE	FALSE	FALSE	FALSE	FALSE	FALSE	FALSE	827508	835	5.86240552233203	835	0	0	adequate_depth	-71.6821228162284	-38.9390929905013	14.8721101929565	[10,20)	other	[0.692,19.1]	FALSE
LV3003046952	ST8		50	5.7604043874428	575975	116.29	7.94660195781311	7.77954539733012	83.4	86	591	5.55938229899026	10.26	3.5408	6.52726089941695	-11.6057949509437	60.1537682327424	40.2340791966256	ST8	interglacial_like	0.680680700637203	FALSE	FALSE	FALSE	FALSE	FALSE	FALSE	FALSE	FALSE	FALSE	FALSE	575975	591	5.55938229899026	591	0	0	adequate_depth	-11.6057949509437	60.1537682327424	40.2340791966256	[10,20)	other	[0.692,19.1]	FALSE
LV3003046953	ST8		10	6.34252078081338	2200496	82.74	8.42960294421019	8.38770905248328	82.4	82.6	519	4.29430920270236	1.5215	3.203925	7.82527505425364	-24.4031418806512	44.3788415709996	24.5804292030287	ST8	interglacial_like	0.908042358667125	FALSE	FALSE	FALSE	FALSE	FALSE	FALSE	FALSE	FALSE	FALSE	FALSE	2200496	519	4.29430920270236	519	0	0	adequate_depth	-24.4031418806512	44.3788415709996	24.5804292030287	[0,10)	other	[0.692,19.1]	FALSE
LV3003046965	ST8		129.5	6.32197664246912	2098826	73.24	8.09027861351887	7.78726487752125	60	60.7	1082	5.83198123821659	21.8323333333333	4.88503	7.57013874582794	-117.979549455062	-48.8238453600326	43.9995827413717	ST8	glacial_like	0.497721338568318	FALSE	FALSE	FALSE	FALSE	FALSE	FALSE	FALSE	FALSE	FALSE	FALSE	2098826	1082	5.83198123821659	1082	0	0	adequate_depth	-117.979549455062	-48.8238453600326	43.9995827413717	[20,30)	other	(19.1,33.4]	FALSE
LV3003046966	ST8		89.5	5.90146431538148	797010	104.95	7.80654125846476	7.5208060354686	73.4	75	787	5.79871728277718	17.373	4.93222	7.34478712009314	-57.6078786049636	-45.7487104349361	-2.02294095748839	ST8	glacial_like	0.517922490817101	FALSE	FALSE	FALSE	FALSE	FALSE	FALSE	FALSE	FALSE	FALSE	FALSE	797010	787	5.79871728277718	787	0	0	adequate_depth	-57.6078786049636	-45.7487104349361	-2.02294095748839	[10,20)	other	[0.692,19.1]	FALSE
LV3003046967	ST8		45			69.08							9.158	3.40212	6.38985636946814				ST8	interglacial_like																						[0,10)	other	[0.692,19.1]	FALSE
LV3003046978	ST8		124.5	6.15368440402301	1424571	113.8	7.86145443237786	7.69059001026332	55.3	56.1	952	5.57865136199562	21.296	4.90112	7.54303523515316	-92.7487820453787	-41.0952834008316	26.2990775051355	ST8	glacial_like	0.674738629996955	FALSE	FALSE	FALSE	FALSE	FALSE	FALSE	FALSE	FALSE	FALSE	FALSE	1424571	952	5.57865136199562	952	0	0	adequate_depth	-92.7487820453787	-41.0952834008316	26.2990775051355	[20,30)	other	(19.1,33.4]	FALSE
LV3003046979	ST8		84.5	5.74591756692192	557079	131.92	7.79887232070529	7.5549205871131	71.5	73.7	708	5.5513328829203	16.461	4.80993	7.29869936048704	-36.1680706462594	7.26357727940252	0.466525989128249	ST8	glacial_like	0.57022763561109	FALSE	FALSE	FALSE	FALSE	FALSE	FALSE	FALSE	FALSE	FALSE	FALSE	557079	708	5.5513328829203	708	0	0	adequate_depth	-36.1680706462594	7.26357727940252	0.466525989128249	[10,20)	other	[0.692,19.1]	FALSE
LV3003046980	ST8		40	5.76070438173389	576373	95.39	7.9276000728071	7.84703720930062	80.9	82.7	540	5.30688669104138	8.056	3.41776	6.25245183951933	-5.87788690216889	61.0925786308524	37.2861642566281	ST8	interglacial_like	0.830686467317904	FALSE	FALSE	FALSE	FALSE	FALSE	FALSE	FALSE	FALSE	FALSE	FALSE	576373	540	5.30688669104138	540	0	0	adequate_depth	-5.87788690216889	61.0925786308524	37.2861642566281	[0,10)	other	[0.692,19.1]	FALSE
LV3003046993	ST8		119.5	6.08809035242446	1224870	108.7	8.3619331483457	8.00165773923495	68.3	69.6	966	5.91446715650096	20.719	4.93248	7.51387664163044	-72.9819746241292	14.2319723279341	48.7376693862631	ST8	glacial_like	0.436239099757505	FALSE	FALSE	FALSE	FALSE	FALSE	FALSE	FALSE	FALSE	FALSE	FALSE	1224870	966	5.91446715650096	966	0	0	adequate_depth	-72.9819746241292	14.2319723279341	48.7376693862631	[20,30)	other	(19.1,33.4]	FALSE
LV3003046994	ST8		79.5	5.78945872596691	615826	87.72	7.85216378902505	7.51952456393927	57.2	57.9	497	4.72517868734386	15.549	4.63274	7.18672783126745	13.7409567976702	-23.9720145029574	-2.15831353816152	ST8	glacial_like	0.464901307802996	FALSE	FALSE	FALSE	FALSE	FALSE	FALSE	FALSE	FALSE	FALSE	FALSE	615826	497	4.72517868734386	497	0	0	adequate_depth	13.7409567976702	-23.9720145029574	-2.15831353816152	[10,20)	other	[0.692,19.1]	FALSE
LV3003046995	ST8		35	5.84703686341278	703131	117	8.25143010582307	8.18238551777362	82.8	85.2	482	5.25603348336704	6.9705	3.36882	6.16359220190688	-5.49999581649808	51.6507646305295	31.1189461269604	ST8	interglacial_like	0.853012531796596	FALSE	FALSE	FALSE	FALSE	FALSE	FALSE	FALSE	FALSE	FALSE	FALSE	703131	482	5.25603348336704	482	0	0	adequate_depth	-5.49999581649808	51.6507646305295	31.1189461269604	[0,10)	other	[0.692,19.1]	FALSE
LV3003047009	ST8		114.5	5.86656909592246	735476	99.94	7.89365914994526	7.70322034581248	64.3	64.7	596	5.21405819074978	20.142	4.97864	7.48471804810772	-7.75103871031017	-31.2814100414528	1.85227257549117	ST8	glacial_like	0.645002195346249	FALSE	FALSE	FALSE	FALSE	FALSE	FALSE	FALSE	FALSE	FALSE	FALSE	735476	596	5.21405819074978	596	0	0	adequate_depth	-7.75103871031017	-31.2814100414528	1.85227257549117	[20,30)	other	(19.1,33.4]	FALSE
LV3003047010	ST8		70	5.83560560630494	684865	131.81	8.09357605641619	7.99515473083231	83.1	85.9	586	5.50688978855279	13.676	4.20872	6.95319000495699	-15.2571070430248	61.8296813137769	42.5059120546241	ST8	glacial_like	0.79722089605838	FALSE	FALSE	FALSE	FALSE	FALSE	FALSE	FALSE	FALSE	FALSE	FALSE	684865	586	5.50688978855279	586	0	0	adequate_depth	-15.2571070430248	61.8296813137769	42.5059120546241	[10,20)	other	[0.692,19.1]	FALSE
LV3003047013	ST8		30	5.7836913803003	607702	131.96	8.02917205826218	7.93794146352984	79.8	81.7	477	4.95445213390339	5.885	3.32195	6.33782936611152	4.00192655587517	57.4214322233315	31.0462009638401	ST8	interglacial_like	0.810530579254581	FALSE	FALSE	FALSE	FALSE	FALSE	FALSE	FALSE	FALSE	FALSE	FALSE	607702	477	4.95445213390339	477	0	0	adequate_depth	4.00192655587517	57.4214322233315	31.0462009638401	[0,10)	other	[0.692,19.1]	FALSE
LV3003047026	ST8		109.5	6.23407973166362	1714271	12.35	8.97687918844397	8.10079813874253	61.9	64.1	849	5.34059339412781	19.565	4.97695	7.455559454585	-60.0573638451108	-31.2583953199663	13.5474844017559	ST8	glacial_like	0.133020613749674	FALSE	FALSE	FALSE	FALSE	FALSE	FALSE	FALSE	FALSE	FALSE	FALSE	1714271	849	5.34059339412781	849	0	0	adequate_depth	-60.0573638451108	-31.2583953199663	13.5474844017559	[10,20)	other	(19.1,33.4]	FALSE
LV3003047027	ST8		65	5.86268522871595	728928	149.32	8.22047278409608	8.05177970017026	84.4	86.9	717	5.69177894043324	12.877	4.04278	6.85356548641879	-40.9375344809951	44.9096097657331	33.4309791015768	ST8	glacial_like	0.678120564437876	FALSE	FALSE	FALSE	FALSE	FALSE	FALSE	FALSE	FALSE	FALSE	FALSE	728928	717	5.69177894043324	717	0	0	adequate_depth	-40.9375344809951	44.9096097657331	33.4309791015768	[10,20)	other	[0.692,19.1]	FALSE
LV3003047028	ST8		25	4.07507226270612	11886	124.79	6.48560900630185	6.45915295656391	78.3	79.3	38	3.11840101577944	4.753	3.26988	6.51953039778323	93.7995921280493	-8.72533137962022	33.8511376453568	ST8	interglacial_like	0.940901024350418	TRUE	TRUE	TRUE	TRUE	TRUE	TRUE	TRUE	TRUE	TRUE	TRUE	11886	38	3.11840101577944	38	0	0	low_diversity_but_saturated	93.7995921280493	-8.72533137962022	33.8511376453568	[0,10)	other	[0.692,19.1]	FALSE
LV3003047041	ST8		104.5	6.1774279848954	1504623	105.88	7.96810430290194	7.71251417387113	73.6	75.3	945	5.48239273514723	19.097	4.96291	7.4319091568924	-95.420729770064	-41.3992995695522	28.7463533647123	ST8	glacial_like	0.555149390354183	FALSE	FALSE	FALSE	FALSE	FALSE	FALSE	FALSE	FALSE	FALSE	FALSE	1504623	945	5.48239273514723	945	0	0	adequate_depth	-95.420729770064	-41.3992995695522	28.7463533647123	[10,20)	other	[0.692,19.1]	FALSE
LV3003047044	ST8		60	5.51973613930819	330929	46.49	7.80401947004152	7.42824575181643	81.2	83.3	539	5.54652020597698	12.078	3.93092	6.75394096788059	-6.66480352599734	-21.393328275547	-13.4601212427673	ST8	interglacial_like	0.420945888884914	FALSE	FALSE	FALSE	FALSE	FALSE	FALSE	FALSE	FALSE	FALSE	FALSE	330929	539	5.54652020597698	539	0	0	adequate_depth	-6.66480352599734	-21.393328275547	-13.4601212427673	[10,20)	other	[0.692,19.1]	FALSE
LV3003047045	ST8		20	6.00056942090177	1001311	111.57	8.18091416396213	8.10898287168333	80.4	81.5	507	5.21826838031503	3.5865	3.295865	6.70676913757569	-14.241439477631	55.8614781280153	29.8030339638104	ST8	interglacial_like	0.847361459667836	FALSE	FALSE	FALSE	FALSE	FALSE	FALSE	FALSE	FALSE	FALSE	FALSE	1001311	507	5.21826838031503	507	0	0	adequate_depth	-14.241439477631	55.8614781280153	29.8030339638104	[0,10)	other	[0.692,19.1]	FALSE
LV3003047059	ST8		609.2	4.90043813955844	79512	57.46	7.70247026740302	6.6868841752809	52.1	54.7	169	4.32228521091505	107.683	4.08781	9.62921190579469	75.6997286395172	-7.09931370233049	15.2515389426824	ST8	glacial_like	0.096474786730818	FALSE	TRUE	FALSE	TRUE	FALSE	TRUE	FALSE	TRUE	TRUE	TRUE	79512	169	4.32228521091505	169	0	0	low_diversity_but_saturated	75.6997286395172	-7.09931370233049	15.2515389426824	[100,110)	90-110 kya	(95.4,148]	FALSE
LV3003047060	ST8		604.2	4.67186678877256	46974	70.8	7.16272835608921	6.53486657908937	58.9	62	162	4.76321207520094	106.686	4.02744	9.16482148751936	71.8141509705565	-3.89054149963441	13.8064359222595	ST8	glacial_like	0.235579841970248	TRUE	TRUE	FALSE	TRUE	FALSE	TRUE	FALSE	TRUE	TRUE	TRUE	46974	162	4.76321207520094	162	0	0	low_diversity_but_saturated	71.8141509705565	-3.89054149963441	13.8064359222595	[100,110)	90-110 kya	(95.4,148]	FALSE
LV3003047061	ST8		599.2	4.59518747643367	39371	43.21	7.4482587660589	6.46178206121975	61.9	66	109	4.09622977301612	105.689	3.95335	8.70043106924403	84.0798744739725	-10.2896441040761	22.9535957355639	ST8	interglacial_like	0.103162809407668	TRUE	TRUE	TRUE	TRUE	TRUE	TRUE	TRUE	TRUE	TRUE	TRUE	39371	109	4.09622977301612	109	0	0	low_diversity_but_saturated	84.0798744739725	-10.2896441040761	22.9535957355639	[100,110)	90-110 kya	(95.4,148]	FALSE
LV3003047062	ST8		594.2	4.59480123577839	39336	74.51	7.09569496559726	6.457942421364	64.7	66.7	108	4.08311291096109	104.692	3.87156	8.38459253919963	86.6711298088404	-15.010162525012	24.1692199609954	ST8	interglacial_like	0.230275290740306	TRUE	TRUE	TRUE	TRUE	TRUE	TRUE	TRUE	TRUE	TRUE	TRUE	39336	108	4.08311291096109	108	0	0	low_diversity_but_saturated	86.6711298088404	-15.010162525012	24.1692199609954	[100,110)	90-110 kya	(95.4,148]	FALSE
LV3003047063	ST8		589.2	4.3911292604179	24610	26.33	7.55693681901201	6.27782229862708	54.5	59.4	57	3.34362912561279	103.695	3.9078	8.08727062917724	95.6677971602877	-14.4322294483024	31.7587385323117	ST8	interglacial_like	0.0525878314856355	TRUE	TRUE	TRUE	TRUE	TRUE	TRUE	TRUE	TRUE	TRUE	TRUE	24610	57	3.34362912561279	57	0	0	low_diversity_but_saturated	95.6677971602877	-14.4322294483024	31.7587385323117	[100,110)	90-110 kya	(95.4,148]	FALSE
LV3003047064	ST8		554.2	4.33687981559842	21720	31.71	7.57927502583958	6.19909034064697	51.3	57.8	35	2.9606310296169	96.283	3.77264	6.64358420103273	99.5531399402386	-12.6909378449398	34.0244728043499	ST8	interglacial_like	0.0416691893559842	TRUE	TRUE	TRUE	TRUE	TRUE	TRUE	TRUE	TRUE	TRUE	TRUE	21720	35	2.9606310296169	35	0	0	low_diversity_but_saturated	99.5531399402386	-12.6909378449398	34.0244728043499	[90,100)	90-110 kya	(95.4,148]	FALSE
LV3003047065	ST8		374.5	5.14485119602693	139588	140.39	7.76181269003654	7.06006300452821	58.3	61.5	270	4.82656313041764	53.61018	4.4033892	6.44166131978254	50.2847406947499	-12.15867378634	2.37872127818799	ST8	glacial_like	0.198723983500401	FALSE	FALSE	FALSE	TRUE	FALSE	FALSE	FALSE	TRUE	FALSE	FALSE	139588	270	4.82656313041764	270	0	0	adequate_depth	50.2847406947499	-12.15867378634	2.37872127818799	[50,60)	40-60 kya	(50.5,71.3]	FALSE
LV3003047067	ST8		334.5	5.56717110686425	369122	178.82	7.92269613045094	7.47919300023311	60.2	61.8	573	5.5239177414308	42.86602	4.4653592	8.33857306903406	-22.4138539892897	-6.35011405147229	-19.5520598287504	ST8	glacial_like	0.360161146845441	FALSE	FALSE	FALSE	FALSE	FALSE	FALSE	FALSE	FALSE	FALSE	FALSE	369122	573	5.5239177414308	573	0	0	adequate_depth	-22.4138539892897	-6.35011405147229	-19.5520598287504	[40,50)	40-60 kya	(33.4,50.5]	FALSE
LV3003047068	ST8		294.5	5.47194852470327	296447	99.85	7.65555909311992	7.21106733291829	64.9	69	437	5.16334276332428	37.78969	4.4205155	9.10244349358346	5.38638334325355	-11.3564105079855	-23.9295651430801	ST8	glacial_like	0.359342200271816	FALSE	FALSE	FALSE	FALSE	FALSE	FALSE	FALSE	FALSE	FALSE	FALSE	296447	437	5.16334276332428	437	0	0	adequate_depth	5.38638334325355	-11.3564105079855	-23.9295651430801	[30,40)	other	(33.4,50.5]	FALSE
LV3003047069	ST8		249.5	5.42421171893929	265589	233.37	7.82491255476198	7.352425307708	59	61.8	451	5.4392501632791	33.7436870748299	4.5874368707483	8.82643927310517	2.19516261212809	-10.2834240098652	-21.5165385208418	ST8	glacial_like	0.336909098922365	FALSE	FALSE	FALSE	FALSE	FALSE	FALSE	FALSE	FALSE	FALSE	FALSE	265589	451	5.4392501632791	451	0	0	adequate_depth	2.19516261212809	-10.2834240098652	-21.5165385208418	[30,40)	other	(33.4,50.5]	FALSE
LV3003047070	ST8		209.5	5.48097368136621	302672	151.38	7.83287075276502	7.25244593785315	53.6	56.6	491	5.40940638627859	30.128	4.62	8.25318031257889	1.18102084709544	-25.7500992390037	-29.3289224158868	ST8	glacial_like	0.262769628573409	FALSE	FALSE	FALSE	FALSE	FALSE	FALSE	FALSE	FALSE	FALSE	FALSE	302672	491	5.40940638627859	491	0	0	adequate_depth	1.18102084709544	-25.7500992390037	-29.3289224158868	[30,40)	other	(19.1,33.4]	FALSE
LV3003047071	ST8		169.5	5.64867902703227	445326	140.62	7.83252117496555	7.3177505303126	56.3	59.2	612	5.64619854767014	26.141	4.68128	7.78787645806057	-23.4225275784479	-39.1339992435846	-29.5043331173857	ST8	glacial_like	0.305653477220256	FALSE	FALSE	FALSE	FALSE	FALSE	FALSE	FALSE	FALSE	FALSE	FALSE	445326	612	5.64619854767014	612	0	0	adequate_depth	-23.4225275784479	-39.1339992435846	-29.5043331173857	[20,30)	other	(19.1,33.4]	FALSE
LV3003047073	ST8		579.2	3.66152874013198	4586	16.41	6.92397274178271	5.82869726744958	50.9	55.5	12	2.31729212099697	101.685	3.8789	7.56570434574025	100.749979533448	-13.7430071230861	37.3638689424294	ST8	interglacial_like	0.0803015509040186	TRUE	TRUE	TRUE	TRUE	TRUE	TRUE	TRUE	TRUE	TRUE	TRUE	4586	12	2.31729212099697	12	0	0	insufficient_for_call	100.749979533448	-13.7430071230861	37.3638689424294	[100,110)	90-110 kya	(95.4,148]	TRUE
LV3003047074	ST8		574.2	3.9114772171061	8155	71.25	6.51052771850801	5.96374109096816	51.6	52.8	20	2.6459841973781	100.672	3.88392	7.39278548113664	100.233449534461	-13.4963194356515	37.0329246834708	ST8	interglacial_like	0.283931145385457	TRUE	TRUE	TRUE	TRUE	TRUE	TRUE	TRUE	TRUE	TRUE	TRUE	8155	20	2.6459841973781	20	0	0	insufficient_for_call	100.233449534461	-13.4963194356515	37.0329246834708	[100,110)	90-110 kya	(95.4,148]	TRUE
LV3003047077	ST8		569.2	4.6636255532128	46091	39.39	7.54179709780102	6.6010285122959	60	64.6	117	4.21240076324656	99.7145	3.801435	7.22934045363618	83.7169171841997	-14.8992818890653	21.6279710828271	ST8	interglacial_like	0.114612323816844	TRUE	TRUE	FALSE	TRUE	TRUE	TRUE	FALSE	TRUE	TRUE	TRUE	46091	117	4.21240076324656	117	0	0	low_diversity_but_saturated	83.7169171841997	-14.8992818890653	21.6279710828271	[90,100)	90-110 kya	(95.4,148]	FALSE
LV3003047078	ST8		564.2	4.12700755737133	13396	23.95	7.45915579309656	6.19841760923552	48.2	51.4	44	3.30998870284966	98.757	3.80916	7.06589542613573	97.4211839697388	-13.6315049385564	33.5875819874682	ST8	interglacial_like	0.0548607267147335	TRUE	TRUE	TRUE	TRUE	TRUE	TRUE	TRUE	TRUE	TRUE	TRUE	13396	44	3.30998870284966	44	0	0	low_diversity_but_saturated	97.4211839697388	-13.6315049385564	33.5875819874682	[90,100)	90-110 kya	(95.4,148]	FALSE
LV3003047079	ST8		559.2	5.23429197910824	171510	59.02	7.71104778126797	7.1670618531003	73	78.1	346	5.01545237119558	97.52	3.8664	6.85473981358423	45.2026023735247	27.1572430135195	17.8470810950886	ST8	interglacial_like	0.285768299642755	FALSE	FALSE	FALSE	TRUE	FALSE	FALSE	FALSE	FALSE	FALSE	FALSE	171510	346	5.01545237119558	346	0	0	adequate_depth	45.2026023735247	27.1572430135195	17.8470810950886	[90,100)	90-110 kya	(95.4,148]	FALSE
LV3003047080	ST8		524.2	5.55688237914529	360480	86.42	7.6881739577634	7.28735296597502	63.9	67.4	462	5.05525145317152	87.9935	4.110455	8.44662940914954	11.7117768757728	22.2635255324435	-20.5405904917275	ST8	glacial_like	0.397355285922074	FALSE	FALSE	FALSE	FALSE	FALSE	FALSE	FALSE	FALSE	FALSE	FALSE	360480	462	5.05525145317152	462	0	0	adequate_depth	11.7117768757728	22.2635255324435	-20.5405904917275	[80,90)	other	(71.3,95.4]	FALSE
LV3003047081	ST8		369.5	5.45435238047121	284676	90.06	7.75909245780536	7.20194006261283	57.2	58.8	541	5.60903610129061	52.20718	4.3369334	7.53394237030326	-8.04198606048374	-10.5319972716807	-20.7408429609683	ST8	glacial_like	0.277234698344694	FALSE	FALSE	FALSE	FALSE	FALSE	FALSE	FALSE	FALSE	FALSE	FALSE	284676	541	5.60903610129061	541	0	0	adequate_depth	-8.04198606048374	-10.5319972716807	-20.7408429609683	[50,60)	40-60 kya	(50.5,71.3]	FALSE
LV3003047082	ST8		329.5	5.30780827537013	203145	61.65	7.56882947126168	7.28487087406111	59.3	60.4	375	5.16017941651787	41.9168333333333	4.50083166666667	8.48140374041344	20.3032742434367	-3.74848560261616	-18.4336534255018	ST8	glacial_like	0.520045558965669	FALSE	FALSE	FALSE	FALSE	FALSE	FALSE	FALSE	FALSE	FALSE	FALSE	203145	375	5.16017941651787	375	0	0	adequate_depth	20.3032742434367	-3.74848560261616	-18.4336534255018	[40,50)	40-60 kya	(33.4,50.5]	FALSE
LV3003047083	ST8		289.5	5.43246098115644	270682	129.5	7.81965582433899	7.2534175863758	60.6	63	443	5.34534843089527	37.30319	4.4448405	9.1756505076159	4.52604956827751	-6.92838986938404	-26.2492953947608	ST8	glacial_like	0.271494942856009	FALSE	FALSE	FALSE	FALSE	FALSE	FALSE	FALSE	FALSE	FALSE	FALSE	270682	443	5.34534843089527	443	0	0	adequate_depth	4.52604956827751	-6.92838986938404	-26.2492953947608	[30,40)	other	(33.4,50.5]	FALSE
LV3003047084	ST8		244.5	5.72758679863126	534055	4.13	8.59152293107538	7.49240918071306	56.1	58.4	655	5.6943990814829	33.276	4.58276	8.75228855131429	-33.3653041967269	10.9166256120898	-13.2904391020942	ST8	glacial_like	0.0795950824180405	FALSE	FALSE	FALSE	FALSE	FALSE	FALSE	FALSE	FALSE	FALSE	FALSE	534055	655	5.6943990814829	655	0	0	adequate_depth	-33.3653041967269	10.9166256120898	-13.2904391020942	[30,40)	other	(19.1,33.4]	FALSE
LV3003047085	ST8		204.5	5.64592603378036	442512	130.79	7.86293163449928	7.37509877369652	58.5	60.7	606	5.61417197739752	29.703	4.65267	8.18579752939511	-17.6138382949433	-42.3865969007897	-22.0854267571609	ST8	glacial_like	0.325212422780466	FALSE	FALSE	FALSE	FALSE	FALSE	FALSE	FALSE	FALSE	FALSE	FALSE	442512	606	5.61417197739752	606	0	0	adequate_depth	-17.6138382949433	-42.3865969007897	-22.0854267571609	[20,30)	other	(19.1,33.4]	FALSE
LV3003047086	ST8		164.5			357.79							25.588	4.7318	7.75993070031695				ST8	glacial_like																						[20,30)	other	(19.1,33.4]	FALSE
LV3003047087	ST8		549.2	4.66098873187183	45812	1.28	7.98816708128839	6.70482897942603	62.8	70.1	142	4.52561848398975	94.9015	3.776895	6.61928230068734	77.6507269111109	-9.76758286040575	19.3486190305708	ST8	interglacial_like	0.0520789017182565	TRUE	TRUE	FALSE	TRUE	TRUE	TRUE	FALSE	TRUE	TRUE	TRUE	45812	142	4.52561848398975	142	0	0	low_diversity_but_saturated	77.6507269111109	-9.76758286040575	19.3486190305708	[90,100)	90-110 kya	(71.3,95.4]	FALSE
LV3003047088	ST8		544.2	4.66278615431119	46002	46.2	7.43685559698328	6.57631669724637	58.7	62.9	112	4.01048551842412	93.52	3.8688	6.98472526975806	84.5166636030656	0.16239137506452	28.1845191703194	ST8	interglacial_like	0.137867214451297	TRUE	TRUE	FALSE	TRUE	TRUE	TRUE	TRUE	TRUE	TRUE	TRUE	46002	112	4.01048551842412	112	0	0	low_diversity_but_saturated	84.5166636030656	0.16239137506452	28.1845191703194	[90,100)	90-110 kya	(71.3,95.4]	FALSE
LV3003047089	ST8		539.2	5.15214151579703	141951	1.23	8.67265142265355	7.15896794083345	65.4	86.5	206	4.29148093111365	92.1385	3.96892	7.35016823882878	71.0268152654871	16.7125371034192	25.4237180346938	ST8	interglacial_like	0.0306419563080794	FALSE	FALSE	FALSE	TRUE	FALSE	TRUE	FALSE	TRUE	TRUE	FALSE	141951	206	4.29148093111365	206	0	0	low_diversity_but_saturated	71.0268152654871	16.7125371034192	25.4237180346938	[90,100)	90-110 kya	(71.3,95.4]	FALSE
LV3003047090	ST8		534.2	5.04243768180528	110264	58.67	7.73707721321004	6.96726770033963	70.8	80.3	161	3.89653074070307	90.757	4.03729	7.7156112078995	77.0345160334591	0.646800709866555	16.6927630031845	ST8	glacial_like	0.169898853521307	FALSE	FALSE	FALSE	TRUE	FALSE	TRUE	FALSE	TRUE	TRUE	FALSE	110264	161	3.89653074070307	161	0	0	low_diversity_but_saturated	77.0345160334591	0.646800709866555	16.6927630031845	[90,100)	90-110 kya	(71.3,95.4]	FALSE
LV3003047091	ST8		529.2	5.36852303224776	233626	64.75	7.76492506657205	7.04074371990188	56.8	61.4	357	4.87885666827335	89.37525	4.072495	8.08112030852452	38.3700721309127	30.7420978951859	-0.294464023242409	ST8	glacial_like	0.188720301301654	FALSE	FALSE	FALSE	FALSE	FALSE	FALSE	FALSE	FALSE	FALSE	FALSE	233626	357	4.87885666827335	357	0	0	adequate_depth	38.3700721309127	30.7420978951859	-0.294464023242409	[80,90)	other	(71.3,95.4]	FALSE
LV3003047093	ST8		494.2	5.57257887734242	373747	113.42	7.50587097336113	7.18433121444563	64.3	67.4	441	5.00035730301572	79.675	3.94875	8.33291896762292	16.7062349915819	38.5933905879178	-6.61910289197266	ST8	interglacial_like	0.476936133114826	FALSE	FALSE	FALSE	FALSE	FALSE	FALSE	FALSE	FALSE	FALSE	FALSE	373747	441	5.00035730301572	441	0	0	adequate_depth	16.7062349915819	38.5933905879178	-6.61910289197266	[70,80)	other	(71.3,95.4]	FALSE
LV3003047094	ST8		364.5	5.50024333783212	316404	129.24	7.90455566519699	7.33595317525808	61.2	64.2	453	4.94388661357424	50.6848	4.333152	8.71916462667657	7.66512186860583	9.54545571981847	-21.5524561727141	ST8	glacial_like	0.270020971480124	FALSE	FALSE	FALSE	FALSE	FALSE	FALSE	FALSE	FALSE	FALSE	FALSE	316404	453	4.94388661357424	453	0	0	adequate_depth	7.66512186860583	9.54545571981847	-21.5524561727141	[50,60)	40-60 kya	(50.5,71.3]	FALSE
LV3003047095	ST8		324.5	5.50125102185586	317139	76.96	7.74680671500299	7.20215192191216	58.7	60.6	423	4.60806374422421	40.9751666666667	4.51099333333333	8.62310282547109	10.4576064198962	1.42447722423504	-23.8262094884299	ST8	glacial_like	0.285328522437027	FALSE	FALSE	FALSE	FALSE	FALSE	FALSE	FALSE	FALSE	FALSE	FALSE	317139	423	4.60806374422421	423	0	0	adequate_depth	10.4576064198962	1.42447722423504	-23.8262094884299	[40,50)	40-60 kya	(33.4,50.5]	FALSE
LV3003047096	ST8		284.5	5.74394854103382	554559	135.25	7.74884584144943	7.30167203781762	55.6	57.5	569	4.75448708179157	36.89377	4.4589377	9.23725876185055	-16.3377754568915	-28.9119410251555	-29.3038844329601	ST8	glacial_like	0.357129875544895	FALSE	FALSE	FALSE	FALSE	FALSE	FALSE	FALSE	FALSE	FALSE	FALSE	554559	569	4.75448708179157	569	0	0	adequate_depth	-16.3377754568915	-28.9119410251555	-29.3038844329601	[30,40)	other	(33.4,50.5]	FALSE
LV3003047097	ST8		239.5	5.51263504176721	325562	93.56	7.92469999629634	7.23999516951785	56.6	59.5	522	5.54099554522637	32.835	4.5833	8.6823690045283	-7.59199030669356	-10.8257861928234	-28.5843128922761	ST8	glacial_like	0.20667842978991	FALSE	FALSE	FALSE	FALSE	FALSE	FALSE	FALSE	FALSE	FALSE	FALSE	325562	522	5.54099554522637	522	0	0	adequate_depth	-7.59199030669356	-10.8257861928234	-28.5843128922761	[30,40)	other	(19.1,33.4]	FALSE
LV3003047098	ST8		199.5	5.39069670934575	245864	110.66	7.89520685920103	7.15577857969499	57.5	59.5	424	5.32076780299958	29.278	4.69942	8.11841474621133	19.0815212105232	-26.0933196070312	-26.63433547548	ST8	glacial_like	0.182209785003555	FALSE	FALSE	FALSE	FALSE	FALSE	FALSE	FALSE	FALSE	FALSE	FALSE	245864	424	5.32076780299958	424	0	0	adequate_depth	19.0815212105232	-26.0933196070312	-26.63433547548	[20,30)	other	(19.1,33.4]	FALSE
LV3003047099	ST8		159.5	5.70066738023003	501957	89.55	7.46067927302278	7.23470837153319	59.3	60.8	626	5.61611493489588	25.058	4.8113	7.73314724352832	-32.6458434098086	-31.31267072657	-11.1757376687595	ST8	glacial_like	0.594331964547694	FALSE	FALSE	FALSE	FALSE	FALSE	FALSE	FALSE	FALSE	FALSE	FALSE	501957	626	5.61611493489588	626	0	0	adequate_depth	-32.6458434098086	-31.31267072657	-11.1757376687595	[20,30)	other	(19.1,33.4]	FALSE
LV3003047100	ST8		519.2	5.50124280532202	317133	84.21	7.97856730970308	7.31662590783904	62.5	66.1	448	5.19834172670938	86.61175	4.13341	8.5396208419164	15.1116470734664	31.7649660167852	-11.9162532971231	ST8	glacial_like	0.217800354226969	FALSE	FALSE	FALSE	FALSE	FALSE	FALSE	FALSE	FALSE	FALSE	FALSE	317133	448	5.19834172670938	448	0	0	adequate_depth	15.1116470734664	31.7649660167852	-11.9162532971231	[80,90)	other	(71.3,95.4]	FALSE
LV3003047101	ST8		514.2	5.31875806775269	208332	13.39	8.10659853460075	7.04462994160658	64.4	71.1	340	4.89123934700211	85.23	3.9753	8.34374151531365	35.3851469769623	10.6912380722185	-10.563599332163	ST8	interglacial_like	0.0867024502918431	FALSE	FALSE	FALSE	FALSE	FALSE	FALSE	FALSE	FALSE	FALSE	FALSE	208332	340	4.89123934700211	340	0	0	adequate_depth	35.3851469769623	10.6912380722185	-10.563599332163	[80,90)	other	(71.3,95.4]	FALSE
LV3003047104	ST8		509.2	4.94633925514029	88376	1	8.0545486256001	6.67980878206339	60.2	65.9	138	3.78248993207737	83.84125	3.8215875	8.14686985631632	78.5606865314302	-3.58190614156977	16.3496252945705	ST8	interglacial_like	0.0421949104495459	FALSE	TRUE	FALSE	TRUE	TRUE	TRUE	FALSE	TRUE	TRUE	TRUE	88376	138	3.78248993207737	138	0	0	low_diversity_but_saturated	78.5606865314302	-3.58190614156977	16.3496252945705	[80,90)	other	(71.3,95.4]	FALSE
LV3003047105	ST8		504.2	4.79250375103465	62015	68.23	7.21737954306536	6.62042756971581	62.3	66.1	114	3.96472112842204	82.4525	3.813575	7.94999819731899	83.042975000635	-4.8908596507109	18.5255722508443	ST8	interglacial_like	0.252957726260613	FALSE	TRUE	FALSE	TRUE	TRUE	TRUE	FALSE	TRUE	TRUE	TRUE	62015	114	3.96472112842204	114	0	0	low_diversity_but_saturated	83.042975000635	-4.8908596507109	18.5255722508443	[80,90)	other	(71.3,95.4]	FALSE
LV3003047106	ST8		499.2	5.25692450364952	180685	62.43	7.80784349757581	7.04453113713117	57.3	60.7	275	4.57578479313663	81.06375	3.818725	7.9892783476803	52.5427575210669	10.275916931382	-6.73085226428797	ST8	interglacial_like	0.172459692385234	FALSE	FALSE	FALSE	FALSE	FALSE	FALSE	FALSE	TRUE	FALSE	FALSE	180685	275	4.57578479313663	275	0	0	adequate_depth	52.5427575210669	10.275916931382	-6.73085226428797	[80,90)	other	(71.3,95.4]	FALSE
LV3003047107	ST8		464.2	5.44116077403512	276159	80.3	7.71242554446954	7.16802934824254	66.1	69.8	443	5.30970065257404	71.517	4.21483	10.3113102251429	9.99281649936213	14.2363478744443	-20.886875625912	ST8	glacial_like	0.285498468366612	FALSE	FALSE	FALSE	FALSE	FALSE	FALSE	FALSE	FALSE	FALSE	FALSE	276159	443	5.30970065257404	443	0	0	adequate_depth	9.99281649936213	14.2363478744443	-20.886875625912	[70,80)	other	(71.3,95.4]	FALSE
LV3003047110	ST8		359.5	5.24679883937363	176521	66.07	7.6760081087901	7.20249856127586	62.5	65.4	345	5.16170858479725	49.1548	4.441424	8.86409767812845	28.8399930475326	-5.69995878553061	-18.6926615278337	ST8	glacial_like	0.336116965783697	FALSE	FALSE	FALSE	FALSE	FALSE	FALSE	FALSE	FALSE	FALSE	FALSE	176521	345	5.16170858479725	345	0	0	adequate_depth	28.8399930475326	-5.69995878553061	-18.6926615278337	[40,50)	40-60 kya	(33.4,50.5]	FALSE
LV3003047112	ST8		319.5	5.51334946702078	326098	82.07	7.56186761886652	7.19633583010049	69.6	72.5	497	5.50602321306988	40.0335	4.54866	8.76480191052874	-9.39218950153748	-10.3569568089237	-20.856568478822	ST8	glacial_like	0.430990994281873	FALSE	FALSE	FALSE	FALSE	FALSE	FALSE	FALSE	FALSE	FALSE	FALSE	326098	497	5.50602321306988	497	0	0	adequate_depth	-9.39218950153748	-10.3569568089237	-20.856568478822	[40,50)	40-60 kya	(33.4,50.5]	FALSE
LV3003047113	ST8		279.5	5.72008484654115	524909	109.94	7.86508552413984	7.39027842015736	60.2	62.8	644	5.3789235017444	36.48927	4.4548927	9.26174520006947	-32.466723647861	-29.469671484599	-21.9805275637763	ST8	glacial_like	0.335114241212297	FALSE	FALSE	FALSE	FALSE	FALSE	FALSE	FALSE	FALSE	FALSE	FALSE	524909	644	5.3789235017444	644	0	0	adequate_depth	-32.466723647861	-29.469671484599	-21.9805275637763	[30,40)	other	(33.4,50.5]	FALSE
LV3003047114	ST8		234.5	5.34166199968858	219614	41.03	7.32315893865599	7.10018275833049	64.8	66.9	419	5.47795210329336	32.3855	4.59229	8.61110180207863	11.4030465523879	-4.75633088066448	-22.2596131949185	ST8	glacial_like	0.598444397857515	FALSE	FALSE	FALSE	FALSE	FALSE	FALSE	FALSE	FALSE	FALSE	FALSE	219614	419	5.47795210329336	419	0	0	adequate_depth	11.4030465523879	-4.75633088066448	-22.2596131949185	[30,40)	other	(19.1,33.4]	FALSE
LV3003047117	ST8		194.5	5.4645282953846	291425	158.61	8.08161149166656	7.20539904885333	62.4	66.1	500	5.5875547526667	28.7616666666667	4.73476666666667	8.03655127079825	-4.14305742620628	-15.1252790026012	-26.4116257165523	ST8	glacial_like	0.132980369001503	FALSE	FALSE	FALSE	FALSE	FALSE	FALSE	FALSE	FALSE	FALSE	FALSE	291425	500	5.5875547526667	500	0	0	adequate_depth	-4.14305742620628	-15.1252790026012	-26.4116257165523	[20,30)	other	(19.1,33.4]	FALSE
LV3003047118	ST8		154.5	6.12054859662214	1319922	236.52	7.96102904589606	7.62802646483084	63.5	65.7	864	5.53722412969276	24.528	4.81528	7.70636378673969	-84.4194791400257	-30.2999623677682	24.7232170996581	ST8	glacial_like	0.464512508702254	FALSE	FALSE	FALSE	FALSE	FALSE	FALSE	FALSE	FALSE	FALSE	FALSE	1319922	864	5.53722412969276	864	0	0	adequate_depth	-84.4194791400257	-30.2999623677682	24.7232170996581	[20,30)	other	(19.1,33.4]	FALSE
LV3003047121	ST8		489.2			0.18	5.20551291747351	4.43898511919634	81.8	92.5			78.313	4.05	8.3744263877218				ST8	glacial_like	0.171182396441409																					[70,80)	other	(71.3,95.4]	FALSE
LV3003047122	ST8		484.2	4.63982502729579	43633	31.46	7.39135380518593	6.43936317233712	58.2	61.2	126	4.35054935931093	76.951	4.07902	8.14654944891421	80.5242898067353	-11.8266311742377	17.67505999576	ST8	glacial_like	0.111688697653283	TRUE	TRUE	TRUE	TRUE	TRUE	TRUE	FALSE	TRUE	TRUE	TRUE	43633	126	4.35054935931093	126	0	0	low_diversity_but_saturated	80.5242898067353	-11.8266311742377	17.67505999576	[70,80)	other	(71.3,95.4]	FALSE
LV3003047123	ST8		479.2	4.41490652829503	25995	0.85	8.14291682611608	6.42825680067488	61.2	68.5	82	4.00340158156778	75.589	4.01479	7.91867251010661	87.93057874227	-11.7856146755761	27.1571412090697	ST8	glacial_like	0.0192903370396971	TRUE	TRUE	TRUE	TRUE	TRUE	TRUE	TRUE	TRUE	TRUE	TRUE	25995	82	4.00340158156778	82	0	0	low_diversity_but_saturated	87.93057874227	-11.7856146755761	27.1571412090697	[70,80)	other	(71.3,95.4]	FALSE
LV3003047124	ST8		474.2	4.84189106185163	69484	25.72	7.75519610995641	6.62984571348159	56.2	59.8	145	4.13578570092987	74.227	4.01184	8.74840765343023	77.7497168965714	-11.4726578812681	17.6187060582486	ST8	glacial_like	0.0749289262872548	FALSE	TRUE	FALSE	TRUE	TRUE	TRUE	FALSE	TRUE	TRUE	TRUE	69484	145	4.13578570092987	145	0	0	low_diversity_but_saturated	77.7497168965714	-11.4726578812681	17.6187060582486	[70,80)	other	(71.3,95.4]	FALSE
LV3003047125	ST8		469.2	5.03220763833021	107697	32.35	7.56593544762643	6.78315935553136	62	66	232	4.70571671587336	72.872	4.22744	9.79667019017442	57.4998260356677	7.02014182910707	3.01189052847082	ST8	glacial_like	0.164901212187486	FALSE	FALSE	FALSE	TRUE	FALSE	TRUE	FALSE	TRUE	TRUE	FALSE	107697	232	4.70571671587336	232	0	0	low_diversity_but_saturated	57.4998260356677	7.02014182910707	3.01189052847082	[70,80)	other	(71.3,95.4]	FALSE
LV3003047126	ST8		429.5	5.20158009036671	159066	52.91	7.59979005980597	6.90863790651537	69.2	73.6	356	5.31623130687781	64.210824	4.38529888	7.97137649847746	25.8650136753587	-6.03952909391697	-17.4351727270344	ST8	glacial_like	0.203632833323399	FALSE	FALSE	FALSE	TRUE	FALSE	FALSE	FALSE	FALSE	FALSE	FALSE	159066	356	5.31623130687781	356	0	0	adequate_depth	25.8650136753587	-6.03952909391697	-17.4351727270344	[60,70)	other	(50.5,71.3]	FALSE
LV3003047127	ST8		354.5	4.98589330299059	96803	56.2	7.70321853093494	7.05624544244435	60.3	63	240	4.83893507451689	47.6248	4.423736	8.72209745713196	55.3027863367211	-5.98613128672123	-2.15577373921251	ST8	glacial_like	0.225437874935414	FALSE	TRUE	FALSE	TRUE	FALSE	TRUE	FALSE	TRUE	TRUE	TRUE	96803	240	4.83893507451689	240	0	0	low_diversity_but_saturated	55.3027863367211	-5.98613128672123	-2.15577373921251	[40,50)	40-60 kya	(33.4,50.5]	FALSE
LV3003047128	ST8		314.5	5.59266409327141	391438	73.06	7.78600517865414	7.22400376589215	57.4	59.4	564	5.41632924149646	39.57797	4.55	8.83334865482924	-13.3702861957996	-31.2949763954198	-23.8574322210124	ST8	glacial_like	0.274156513478289	FALSE	FALSE	FALSE	FALSE	FALSE	FALSE	FALSE	FALSE	FALSE	FALSE	391438	564	5.41632924149646	564	0	0	adequate_depth	-13.3702861957996	-31.2949763954198	-23.8574322210124	[30,40)	other	(33.4,50.5]	FALSE
LV3003047129	ST8		274.5	5.52106613136895	331944	75.83	7.53102644035134	7.21239657499225	62.9	64.1	549	5.54821954277851	36.0373	4.450373	9.19008638473871	-11.6003278100333	-32.5686552694942	-25.3618160419461	ST8	glacial_like	0.480142468359842	FALSE	FALSE	FALSE	FALSE	FALSE	FALSE	FALSE	FALSE	FALSE	FALSE	331944	549	5.54821954277851	549	0	0	adequate_depth	-11.6003278100333	-32.5686552694942	-25.3618160419461	[30,40)	other	(33.4,50.5]	FALSE
LV3003047130	ST8		229.5	5.40350143461365	253221	108.94	7.64247893383119	7.21237518975985	63.3	66.4	462	5.50765234177344	31.936	4.60128	8.53983459962896	4.0760852685137	-14.4270001688629	-24.8470762855616	ST8	glacial_like	0.371446473210359	FALSE	FALSE	FALSE	FALSE	FALSE	FALSE	FALSE	FALSE	FALSE	FALSE	253221	462	5.50765234177344	462	0	0	adequate_depth	4.0760852685137	-14.4270001688629	-24.8470762855616	[30,40)	other	(19.1,33.4]	FALSE
LV3003047131	ST8		189.5	5.54764673575364	352895	102.07	7.72368508147251	7.26635302811126	62	64.2	547	5.56580113818394	28.2453333333333	4.74509333333333	7.95468779538517	-14.7987725894	-10.8736062975763	-28.0029087416354	ST8	glacial_like	0.348873459108085	FALSE	FALSE	FALSE	FALSE	FALSE	FALSE	FALSE	FALSE	FALSE	FALSE	352895	547	5.56580113818394	547	0	0	adequate_depth	-14.7987725894	-10.8736062975763	-28.0029087416354	[20,30)	other	(19.1,33.4]	FALSE
LV3003047132	ST8		149.5	6.3723691637988	2357051	252.49	8.00938939755575	7.74444212788334	63	64.2	1077	5.63678693973761	23.987	4.81065	7.67902444688563	-119.443168124179	-47.0898724216498	36.6288919910642	ST8	glacial_like	0.543316290345935	FALSE	FALSE	FALSE	FALSE	FALSE	FALSE	FALSE	FALSE	FALSE	FALSE	2357051	1077	5.63678693973761	1077	0	0	adequate_depth	-119.443168124179	-47.0898724216498	36.6288919910642	[20,30)	other	(19.1,33.4]	FALSE
LV3003047133	ST8		459.2	5.4244520277904	265736	57.68	7.76835646578814	7.12268531804608	62.9	66	419	5.26595177726051	70.162	4.3038	9.41847614468938	17.1260422313239	14.3911528422805	-23.3463907253416	ST8	glacial_like	0.226114715425814	FALSE	FALSE	FALSE	FALSE	FALSE	FALSE	FALSE	FALSE	FALSE	FALSE	265736	419	5.26595177726051	419	0	0	adequate_depth	17.1260422313239	14.3911528422805	-23.3463907253416	[70,80)	other	(50.5,71.3]	FALSE
LV3003047134	ST8		454.2	5.42339334513508	265089	41.22	8.03350448252362	7.21115280498788	64.7	70.5	429	5.40650507748349	68.807	4.46035	8.5256420642359	21.139473964341	45.2791826031817	4.96840237583511	ST8	glacial_like	0.150538748000879	FALSE	FALSE	FALSE	FALSE	FALSE	FALSE	FALSE	FALSE	FALSE	FALSE	265089	429	5.40650507748349	429	0	0	adequate_depth	21.139473964341	45.2791826031817	4.96840237583511	[60,70)	other	(50.5,71.3]	FALSE
LV3003047136	ST8		449.2	5.43713990239991	273614	70.92	7.68984973835744	7.10017913762949	67.8	74.4	468	5.50615912341595	67.8766	4.422468	8.08372539793979	6.87748391743134	29.9373599766922	-11.1826284513666	ST8	glacial_like	0.257234593830699	FALSE	FALSE	FALSE	FALSE	FALSE	FALSE	FALSE	FALSE	FALSE	FALSE	273614	468	5.50615912341595	468	0	0	adequate_depth	6.87748391743134	29.9373599766922	-11.1826284513666	[60,70)	other	(50.5,71.3]	FALSE
LV3003047137	ST8		444.2	5.29899708989525	199065	44.94	7.76024108235845	6.9367951384598	58.1	61.2	339	4.92714821170992	66.9462	4.446994	8.05521044883768	36.9531091329982	-11.0152015530093	-13.7629658855027	ST8	glacial_like	0.150159914874174	FALSE	FALSE	FALSE	FALSE	FALSE	FALSE	FALSE	FALSE	FALSE	FALSE	199065	339	4.92714821170992	339	0	0	adequate_depth	36.9531091329982	-11.0152015530093	-13.7629658855027	[60,70)	other	(50.5,71.3]	FALSE
LV3003047138	ST8		439.2	5.37714773380374	238312	67.91	7.64199466423826	7.0484774235601	62.5	66.1	413	5.36128106600003	66.0158	4.567946	8.02669549973556	20.5143733184362	25.3535855053309	-10.3176716588204	ST8	glacial_like	0.254966269905067	FALSE	FALSE	FALSE	FALSE	FALSE	FALSE	FALSE	FALSE	FALSE	FALSE	238312	413	5.36128106600003	413	0	0	adequate_depth	20.5143733184362	25.3535855053309	-10.3176716588204	[60,70)	other	(50.5,71.3]	FALSE
LV3003047139	ST8		399.5	5.28583399919759	193122	44.97	7.18058064220131	6.93092347170147	77.9	83.7	350	5.20326346145349	58.6141266666667	4.4531524	8.62798528680874	24.2218484629539	-23.0329534247827	-12.4864300587441	ST8	glacial_like	0.562785380520441	FALSE	FALSE	FALSE	FALSE	FALSE	FALSE	FALSE	FALSE	FALSE	FALSE	193122	350	5.20326346145349	350	0	0	adequate_depth	24.2218484629539	-23.0329534247827	-12.4864300587441	[50,60)	40-60 kya	(50.5,71.3]	FALSE
LV3003047140	ST8		349.5	4.46630400597521	29261	83.7	6.38770759937478	6.31283338189959	64.6	65.5	108	4.44454768385953	46.0948	4.361896	8.58009723613548	79.7786386313183	-14.2316864727486	19.0281762851952	ST8	glacial_like	0.841638801122943	TRUE	TRUE	TRUE	TRUE	TRUE	TRUE	TRUE	TRUE	TRUE	TRUE	29261	108	4.44454768385953	108	0	0	low_diversity_but_saturated	79.7786386313183	-14.2316864727486	19.0281762851952	[40,50)	40-60 kya	(33.4,50.5]	FALSE
LV3003047141	ST8		309.5	3.83834526877599	6891	61.93	5.98048151434607	5.92929679515375	61.3	61.8	27	3.05927080149058	39.15347	4.55	8.89722610078355	96.1245698113584	-13.7005741711592	33.1444707320853	ST8	glacial_like	0.888822876603861	TRUE	TRUE	TRUE	TRUE	TRUE	TRUE	TRUE	TRUE	TRUE	TRUE	6891	27	3.05927080149058	27	0	0	low_diversity_but_saturated	96.1245698113584	-13.7005741711592	33.1444707320853	[30,40)	other	(33.4,50.5]	FALSE
LV3003047142	ST8		269.5	5.30548464730047	202061	78.67	7.82823827809652	7.18297200066899	64.9	67.1	434	5.55451837115845	35.5823	4.487593	9.11794716980078	13.3079127792476	-27.1873777863724	-17.6395815572716	ST8	glacial_like	0.226325610498182	FALSE	FALSE	FALSE	FALSE	FALSE	FALSE	FALSE	FALSE	FALSE	FALSE	202061	434	5.55451837115845	434	0	0	adequate_depth	13.3079127792476	-27.1873777863724	-17.6395815572716	[30,40)	other	(33.4,50.5]	FALSE
LV3003047143	ST8		224.5	5.58587902995138	385370	133.26	8.13074125753881	7.38222583216061	57.5	60.5	541	5.44572382676621	31.398	4.61204	8.45453592350455	-11.0014743482802	-11.3940417547896	-28.1479651592657	ST8	glacial_like	0.178436854897231	FALSE	FALSE	FALSE	FALSE	FALSE	FALSE	FALSE	FALSE	FALSE	FALSE	385370	541	5.44572382676621	541	0	0	adequate_depth	-11.0014743482802	-11.3940417547896	-28.1479651592657	[30,40)	other	(19.1,33.4]	FALSE
LV3003047144	ST8		184.5	5.81635930596999	655177	145.85	7.96406053057055	7.42387280465992	60.2	62.3	744	5.80465245382836	27.729	4.75	7.87282431997209	-51.5680635110273	-39.3802931119301	-15.2588953458517	ST8	glacial_like	0.288278505850666	FALSE	FALSE	FALSE	FALSE	FALSE	FALSE	FALSE	FALSE	FALSE	FALSE	655177	744	5.80465245382836	744	0	0	adequate_depth	-51.5680635110273	-39.3802931119301	-15.2588953458517	[20,30)	other	(19.1,33.4]	FALSE
LV3003047145	ST8		144.5	5.80889395972818	644011	279.12	7.52470404390631	7.40704414638498	69.7	71.1	706	5.50425383845745	23.446	4.8377	7.65168510703157	-38.8111238025047	-32.4662589454524	-2.50648813561941	ST8	glacial_like	0.762676032102063	FALSE	FALSE	FALSE	FALSE	FALSE	FALSE	FALSE	FALSE	FALSE	FALSE	644011	706	5.50425383845745	706	0	0	adequate_depth	-38.8111238025047	-32.4662589454524	-2.50648813561941	[20,30)	other	(19.1,33.4]	FALSE
LV3003047146	ST8		424.5	5.58323959346369	383035	97.4	7.76385250356214	7.24584997866504	65	68	588	5.67847857408079	63.2667	4.484661	7.94244093548725	-22.6772525168054	-18.2884994728873	-20.9705951409554	ST8	glacial_like	0.303387342584974	FALSE	FALSE	FALSE	FALSE	FALSE	FALSE	FALSE	FALSE	FALSE	FALSE	383035	588	5.67847857408079	588	0	0	adequate_depth	-22.6772525168054	-18.2884994728873	-20.9705951409554	[60,70)	other	(50.5,71.3]	FALSE
LV3003047147	ST8		419.5	5.36311159506033	230733	48.14	7.71966418201053	6.96489688215443	63.1	66.9	427	5.41067423600899	62.3217	4.577481	7.91347852480206	10.4850108693636	-15.9487226330096	-18.7840131105414	ST8	glacial_like	0.175886562555656	FALSE	FALSE	FALSE	FALSE	FALSE	FALSE	FALSE	FALSE	FALSE	FALSE	230733	427	5.41067423600899	427	0	0	adequate_depth	10.4850108693636	-15.9487226330096	-18.7840131105414	[60,70)	other	(50.5,71.3]	FALSE
LV3003047148	ST8		414.5	5.36409300944604	231255	47.48	7.72859181568263	7.05886696628526	65.5	69.9	399	5.19254468739444	61.3767	4.543903	7.88451611411687	18.4069197942484	-7.99261728052715	-20.1328641940066	ST8	glacial_like	0.21393168941214	FALSE	FALSE	FALSE	FALSE	FALSE	FALSE	FALSE	FALSE	FALSE	FALSE	231255	399	5.19254468739444	399	0	0	adequate_depth	18.4069197942484	-7.99261728052715	-20.1328641940066	[60,70)	other	(50.5,71.3]	FALSE
LV3003047149	ST8		409.5	5.2424072433716	174745	45.56	7.79414352776541	6.96238974750459	65.1	69.9	360	5.23576748314559	60.4317	4.561147	7.85555370343168	26.3926399504437	-6.97472913613121	-15.9910702336385	ST8	glacial_like	0.147314731776789	FALSE	FALSE	FALSE	TRUE	FALSE	FALSE	FALSE	FALSE	FALSE	FALSE	174745	360	5.23576748314559	360	0	0	adequate_depth	26.3926399504437	-6.97472913613121	-15.9910702336385	[60,70)	other	(50.5,71.3]	FALSE
LV3003047150	ST8		404.5	5.56770611091665	369577	73.51	7.8268550212585	7.18830518250931	74.5	80.5	509	5.38008623698788	59.5217933333333	4.51870486666667	8.44254713374637	-9.00566558033979	-25.3552063321812	-20.5098651719955	ST8	glacial_like	0.22985298047806	FALSE	FALSE	FALSE	FALSE	FALSE	FALSE	FALSE	FALSE	FALSE	FALSE	369577	509	5.38008623698788	509	0	0	adequate_depth	-9.00566558033979	-25.3552063321812	-20.5098651719955	[50,60)	40-60 kya	(50.5,71.3]	FALSE
LV3003047152	ST8		344.5	5.44727279400518	280073	114.81	7.93794216994759	7.43764773063596	67.2	69.9	479	5.50885636982524	45.00002	4.3300006	8.47849004532337	-1.74415690133468	-3.44471769847348	-23.7520988220777	ST8	glacial_like	0.316013437351302	FALSE	FALSE	FALSE	FALSE	FALSE	FALSE	FALSE	FALSE	FALSE	FALSE	280073	479	5.50885636982524	479	0	0	adequate_depth	-1.74415690133468	-3.44471769847348	-23.7520988220777	[40,50)	40-60 kya	(33.4,50.5]	FALSE
LV3003047153	ST8		304.5	5.60739925836781	404947	119.12	7.79046451102999	7.33859058622477	65.2	67.7	542	5.35735533716607	38.71393	4.5099502	8.96336671938132	-14.3198201763213	-10.8166517449495	-29.4195652166049	ST8	glacial_like	0.353285702871119	FALSE	FALSE	FALSE	FALSE	FALSE	FALSE	FALSE	FALSE	FALSE	FALSE	404947	542	5.35735533716607	542	0	0	adequate_depth	-14.3198201763213	-10.8166517449495	-29.4195652166049	[30,40)	other	(33.4,50.5]	FALSE
LV3003047154	ST8		264.5	5.34573630819064	221684	109.23	7.39021177549831	7.09949935955701	57.6	58.9	420	5.41100325225749	35.13012	4.5282892	9.04625505944773	10.0692163161059	-2.69111592257426	-21.8363404528255	ST8	glacial_like	0.51202075681965	FALSE	FALSE	FALSE	FALSE	FALSE	FALSE	FALSE	FALSE	FALSE	FALSE	221684	420	5.41100325225749	420	0	0	adequate_depth	10.0692163161059	-2.69111592257426	-21.8363404528255	[30,40)	other	(33.4,50.5]	FALSE
LV3003047155	ST8		219.5	5.43945112163136	275074	72.49	7.76922743168544	7.19514068932708	51.8	53.7	416	5.2051646135034	30.9475	4.62	8.38311017332974	23.4142425985007	-26.9762293188888	-24.146821510915	ST8	glacial_like	0.266632593683519	FALSE	FALSE	FALSE	FALSE	FALSE	FALSE	FALSE	FALSE	FALSE	FALSE	275074	416	5.2051646135034	416	0	0	adequate_depth	23.4142425985007	-26.9762293188888	-24.146821510915	[30,40)	other	(19.1,33.4]	FALSE
LV3003047156	ST8		179.5	5.70832145146083	510882	175.93	7.76098215141717	7.30271733511231	59.1	61	666	5.72755935962286	27.1996666666667	4.75	7.84137599187233	-36.7064338759018	-38.6789484250992	-14.015407007932	ST8	glacial_like	0.348124965593416	FALSE	FALSE	FALSE	FALSE	FALSE	FALSE	FALSE	FALSE	FALSE	FALSE	510882	666	5.72755935962286	666	0	0	adequate_depth	-36.7064338759018	-38.6789484250992	-14.015407007932	[20,30)	other	(19.1,33.4]	FALSE
LV3003047158	ST8		394.5	5.29523493009519	197348	70.06	7.64631925116243	7.10187002647307	79.6	86.6	372	5.29771000398298	57.70646	4.4723876	7.06485967649701	23.9248211878839	-24.4711953568026	-13.6360310081952	ST8	glacial_like	0.285463608124404	FALSE	FALSE	FALSE	FALSE	FALSE	FALSE	FALSE	FALSE	FALSE	FALSE	197348	372	5.29771000398298	372	0	0	adequate_depth	23.9248211878839	-24.4711953568026	-13.6360310081952	[50,60)	40-60 kya	(50.5,71.3]	FALSE
LV3003047159	ST8		389.5	5.22751392514472	168854	81.65	7.59253397593484	7.15534420698372	80.8	84.8	362	5.35133315950927	56.7987933333333	4.41390346666667	6.86838342718166	25.6372970807752	4.33676347724693	-12.9628427230197	ST8	glacial_like	0.365435060301916	FALSE	FALSE	FALSE	TRUE	FALSE	FALSE	FALSE	FALSE	FALSE	FALSE	168854	362	5.35133315950927	362	0	0	adequate_depth	25.6372970807752	4.33676347724693	-12.9628427230197	[50,60)	40-60 kya	(50.5,71.3]	FALSE
LV3003047160	ST8		384.5	3.80645132324726	6403	36.23	6.28012061773137	5.99632556862128	56.6	66.2	24	2.91733029854508	55.8911266666667	4.34564506666667	6.67190717786631	98.1552381579436	-14.1021333104136	34.9551457581799	ST8	glacial_like	0.520241197614462	TRUE	TRUE	TRUE	TRUE	TRUE	TRUE	TRUE	TRUE	TRUE	TRUE	6403	24	2.91733029854508	24	0	0	insufficient_for_call	98.1552381579436	-14.1021333104136	34.9551457581799	[50,60)	40-60 kya	(50.5,71.3]	TRUE
LV3003047161	ST8		379.5	3.88246761489537	7628	31.63	6.0432754104377	5.89954857303288	59.1	62	30	3.22311961846448	54.98346	4.3111578	6.47543092855096	96.121970199066	-14.4388684368415	33.5824952349643	ST8	glacial_like	0.718245656593462	TRUE	TRUE	TRUE	TRUE	TRUE	TRUE	TRUE	TRUE	TRUE	TRUE	7628	30	3.22311961846448	30	0	0	low_diversity_but_saturated	96.121970199066	-14.4388684368415	33.5824952349643	[50,60)	40-60 kya	(50.5,71.3]	FALSE
LV3003047162	ST8		584.2	4.3912174832394	24615	24.03	7.28420540628884	6.35481829529252	49.7	51.8	53	3.25027453727623	102.698	3.87396	7.78994871915485	96.9801114701211	-12.6469761751388	33.6826168475381	ST8	interglacial_like	0.11765563164351	TRUE	TRUE	TRUE	TRUE	TRUE	TRUE	TRUE	TRUE	TRUE	TRUE	24615	53	3.25027453727623	53	0	0	low_diversity_but_saturated	96.9801114701211	-12.6469761751388	33.6826168475381	[100,110)	90-110 kya	(95.4,148]	FALSE
LV3003047164	ST8		339.5	5.28406735375224	192338	61.8	7.66119983187531	7.32178476225851	73.5	75.5	381	5.36862652228102	43.93302	4.4786604	8.37946113303367	20.7512239870454	-10.3361396195019	-23.0472921064579	ST8	glacial_like	0.457704222684571	FALSE	FALSE	FALSE	FALSE	FALSE	FALSE	FALSE	FALSE	FALSE	FALSE	192338	381	5.36862652228102	381	0	0	adequate_depth	20.7512239870454	-10.3361396195019	-23.0472921064579	[40,50)	40-60 kya	(33.4,50.5]	FALSE
LV3003047166	ST8		299.5	5.56033831209221	363360	109.28	7.67822321344316	7.16515098582543	67.1	69.9	538	5.36680330483405	38.27343	4.4482802	9.0296517958074	-12.7871795453298	-11.5739093050501	-26.1627035084891	ST8	glacial_like	0.306851147564813	FALSE	FALSE	FALSE	FALSE	FALSE	FALSE	FALSE	FALSE	FALSE	FALSE	363360	538	5.36680330483405	538	0	0	adequate_depth	-12.7871795453298	-11.5739093050501	-26.1627035084891	[30,40)	other	(33.4,50.5]	FALSE
LV3003047167	ST8		259.5	5.28151968658108	191213	171.35	7.7423922147904	7.1535435055381	57.2	59.7	385	5.32479048232079	34.67812	4.556094	8.97459148768522	22.9347566396252	-22.4550086281747	-19.37111759892	ST8	glacial_like	0.25772186657899	FALSE	FALSE	FALSE	FALSE	FALSE	FALSE	FALSE	FALSE	FALSE	FALSE	191213	385	5.32479048232079	385	0	0	adequate_depth	22.9347566396252	-22.4550086281747	-19.37111759892	[30,40)	other	(33.4,50.5]	FALSE
LV3003047168	ST8		214.5	5.69749785953302	498307	193.15	7.7514322658807	7.37424306115769	53.7	55.4	625	5.6285276263935	30.497	4.62	8.31168442315493	-19.7735964242863	-39.8169240192326	-21.1336241896399	ST8	glacial_like	0.419576141344339	FALSE	FALSE	FALSE	FALSE	FALSE	FALSE	FALSE	FALSE	FALSE	FALSE	498307	625	5.6285276263935	625	0	0	adequate_depth	-19.7735964242863	-39.8169240192326	-21.1336241896399	[30,40)	other	(19.1,33.4]	FALSE
LV3003047169	ST8		174.5	5.74946267021869	561645	195.44	7.89648977490586	7.40460556660882	55.3	57.5	673	5.68762737702749	26.6703333333333	4.72362666666667	7.81462622496645	-33.5020599887056	-43.3028137398046	-22.7076415732368	ST8	glacial_like	0.322192762192086	FALSE	FALSE	FALSE	FALSE	FALSE	FALSE	FALSE	FALSE	FALSE	FALSE	561645	673	5.68762737702749	673	0	0	adequate_depth	-33.5020599887056	-43.3028137398046	-22.7076415732368	[20,30)	other	(19.1,33.4]	FALSE
LV3003061473	ST13		219.8	5.07696795219792	119389	32.31	7.70382346267375	6.81963368046147	67	79.3	164	3.42147912005359	117.088	3.5312	13.8380743760062	69.7067437419306	-7.26137868623121	16.1119411187293	ST13	interglacial_like	0.130560005765604	FALSE	FALSE	FALSE	TRUE	FALSE	TRUE	FALSE	TRUE	TRUE	FALSE	119389	164	3.42147912005359	164	0	0	low_diversity_but_saturated	69.7067437419306	-7.26137868623121	16.1119411187293	[110,120)	other	(95.4,148]	FALSE
LV3003061474	ST13		179.8	5.80171234048059	633449	196.45	7.79172767122205	7.56751821733182	70.5	72.6	658	5.21459367894609	77.7798	4.056606	8.28521641432076	-34.8289059574337	26.7756519018492	-11.6706857883514	ST13	glacial_like	0.596747408088441	FALSE	FALSE	FALSE	FALSE	FALSE	FALSE	FALSE	FALSE	FALSE	FALSE	633449	658	5.21459367894609	658	0	0	adequate_depth	-34.8289059574337	26.7756519018492	-11.6706857883514	[70,80)	other	(71.3,95.4]	FALSE
LV3003061475	ST13		136	5.5314022700764	339939	108.69	8.05297508831583	7.47141489530218	69.7	73.6	471	5.28070860866663	53.844	4.38936	6.25962485846197	-0.0145043943704769	2.85820708190953	-21.488993594874	ST13	glacial_like	0.262083570152226	FALSE	FALSE	FALSE	FALSE	FALSE	FALSE	FALSE	FALSE	FALSE	FALSE	339939	471	5.28070860866663	471	0	0	adequate_depth	-0.0145043943704769	2.85820708190953	-21.488993594874	[50,60)	40-60 kya	(50.5,71.3]	FALSE
LV3003061476	ST13		96	5.72477788597632	530612	137.29	7.9247886834773	7.53438617989142	70.2	72.2	677	5.4892140348747	37.16	4.452	9.19719729556924	-37.2010598267625	2.74117006239152	-14.3585800278713	ST13	glacial_like	0.407002886124731	FALSE	FALSE	FALSE	FALSE	FALSE	FALSE	FALSE	FALSE	FALSE	FALSE	530612	677	5.4892140348747	677	0	0	adequate_depth	-37.2010598267625	2.74117006239152	-14.3585800278713	[30,40)	other	(33.4,50.5]	FALSE
LV3003061477	ST13		50	6.35522099743865	2265796	301.74	8.09862755799564	7.92905972808118	67.8	70.8	978	5.46886547715788	16.726	4.84438	7.31209108888136	-109.681274807334	-34.2505878086752	52.797644734325	ST13	glacial_like	0.676756083515359	FALSE	FALSE	FALSE	FALSE	FALSE	FALSE	FALSE	FALSE	FALSE	FALSE	2265796	978	5.46886547715788	978	0	0	adequate_depth	-109.681274807334	-34.2505878086752	52.797644734325	[10,20)	other	[0.692,19.1]	FALSE
LV3003061485	ST13		174.8	6.20613098873069	1607425	260.72	8.02018817268353	7.78071929857696	70.5	72.6	930	5.39004938223744	75.7796	4.035756	7.95056189669746	-86.2865123311766	40.4656215520635	21.5708198495941	ST13	glacial_like	0.576144105292956	FALSE	FALSE	FALSE	FALSE	FALSE	FALSE	FALSE	FALSE	FALSE	FALSE	1607425	930	5.39004938223744	930	0	0	adequate_depth	-86.2865123311766	40.4656215520635	21.5708198495941	[70,80)	other	(71.3,95.4]	FALSE
LV3003061486	ST13		131	5.31657625643031	207288	128.79	7.44224598673612	7.30358342221931	68.7	70.3	312	4.62984373907256	52.105	4.32365	7.61349281773178	34.6570163435509	-3.92891128969906	-12.8873663139064	ST13	glacial_like	0.726670332177334	FALSE	FALSE	FALSE	FALSE	FALSE	FALSE	FALSE	TRUE	FALSE	FALSE	207288	312	4.62984373907256	312	0	0	adequate_depth	34.6570163435509	-3.92891128969906	-12.8873663139064	[50,60)	40-60 kya	(50.5,71.3]	FALSE
LV3003061488	ST13		91	5.95837368844164	908601	245.05	8.10463469173004	7.82176620379417	79.7	85.6	806	5.44431927593475	35.041	4.53631	9.03212528618341	-66.2354026445406	-19.0789281530739	0.605982459685722	ST13	glacial_like	0.521352558235492	FALSE	FALSE	FALSE	FALSE	FALSE	FALSE	FALSE	FALSE	FALSE	FALSE	908601	806	5.44431927593475	806	0	0	adequate_depth	-66.2354026445406	-19.0789281530739	0.605982459685722	[30,40)	other	(33.4,50.5]	FALSE
LV3003061489	ST13		214.8	5.45940907507892	288010	63.7	7.58665575128882	7.2734627223932	72.6	78.6	295	3.88482623338444	112.6068	3.96932	11.8540635522199	47.3914548564817	23.6401655459161	19.2592579300175	ST13	interglacial_like	0.486191049218846	FALSE	FALSE	FALSE	FALSE	FALSE	FALSE	FALSE	TRUE	FALSE	FALSE	288010	295	3.88482623338444	295	0	0	adequate_depth	47.3914548564817	23.6401655459161	19.2592579300175	[110,120)	other	(95.4,148]	FALSE
LV3003061492	ST13		45	6.35344380617919	2256543	376.09	8.07642517975842	7.90576603440975	67.3	68	1061	5.72454821371316	14.437	4.37177	7.04807643625558	-117.879040435226	-40.2850578507781	54.7844417840041	ST13	glacial_like	0.675057633966992	FALSE	FALSE	FALSE	FALSE	FALSE	FALSE	FALSE	FALSE	FALSE	FALSE	2256543	1061	5.72454821371316	1061	0	0	adequate_depth	-117.879040435226	-40.2850578507781	54.7844417840041	[10,20)	other	[0.692,19.1]	FALSE
LV3003061500	ST13		254.4	5.70891950003649	511586	431.27	8.13866386516462	7.70767397710451	67.8	104.6	501	5.01688536354573	148.086	4.71344	9.56141856461617	-1.72211257658819	-16.0946398680468	-14.4091574527298	ST13	glacial_like	0.370689348092469	FALSE	FALSE	FALSE	FALSE	FALSE	FALSE	FALSE	FALSE	FALSE	FALSE	511586	501	5.01688536354573	501	0	0	adequate_depth	-1.72211257658819	-16.0946398680468	-14.4091574527298	[140,150]	other	(95.4,148]	FALSE
LV3003061501	ST13		209.8	5.78053836434133	603306	182.94	7.83877559433936	7.54974745135985	65.5	68.4	572	4.62904913860665	105.5872	3.93808	8.6530138730751	-8.96754114192062	41.4617745197485	-5.43076274495458	ST13	interglacial_like	0.514010334763471	FALSE	FALSE	FALSE	FALSE	FALSE	FALSE	FALSE	FALSE	FALSE	FALSE	603306	572	4.62904913860665	572	0	0	adequate_depth	-8.96754114192062	41.4617745197485	-5.43076274495458	[100,110)	90-110 kya	(95.4,148]	FALSE
LV3003061503	ST13		169.8	6.06724014951367	1167454	217.76	7.9887679119367	7.69605288825459	68.6	71.4	769	5.10528060282559	73.1472	4.20056	9.58376845577441	-60.3706831598151	30.9437842610056	-1.163065416613	ST13	glacial_like	0.509665189564377	FALSE	FALSE	FALSE	FALSE	FALSE	FALSE	FALSE	FALSE	FALSE	FALSE	1167454	769	5.10528060282559	769	0	0	adequate_depth	-60.3706831598151	30.9437842610056	-1.163065416613	[70,80)	other	(71.3,95.4]	FALSE
LV3003061504	ST13		126	5.59856071842281	396789	187.42	7.98335363780004	7.62952837157611	74.4	77.1	450	4.99036769547687	50.268	4.33732	8.96741444022863	0.202646198730994	-3.28699618780833	-19.6628255926274	ST13	glacial_like	0.442766473134682	FALSE	FALSE	FALSE	FALSE	FALSE	FALSE	FALSE	FALSE	FALSE	FALSE	396789	450	4.99036769547687	450	0	0	adequate_depth	0.202646198730994	-3.28699618780833	-19.6628255926274	[50,60)	40-60 kya	(33.4,50.5]	FALSE
LV3003061505	ST13		86	5.65761510115423	454584	188.85	7.91759845542965	7.66095324782461	80.4	89.7	529	5.1400833314026	32.81	4.5838	8.67840531139984	-16.7840569659559	-17.2277899641869	-21.2954324341341	ST13	glacial_like	0.553802342183102	FALSE	FALSE	FALSE	FALSE	FALSE	FALSE	FALSE	FALSE	FALSE	FALSE	454584	529	5.1400833314026	529	0	0	adequate_depth	-16.7840569659559	-17.2277899641869	-21.2954324341341	[30,40)	other	(19.1,33.4]	FALSE
LV3003061506	ST13		40	5.68565755790552	484905	164.07	7.80338436522968	7.6821135189027	59.2	60.6	467	5.02473693220785	11.95	3.904	6.73798109507347	-0.595466087880631	-21.9800052337202	-5.53862885779921	ST13	interglacial_like	0.756361041989645	FALSE	FALSE	FALSE	FALSE	FALSE	FALSE	FALSE	FALSE	FALSE	FALSE	484905	467	5.02473693220785	467	0	0	adequate_depth	-0.595466087880631	-21.9800052337202	-5.53862885779921	[10,20)	other	[0.692,19.1]	FALSE
LV3003061513	ST13		244.8	5.32997723012551	213784	185.59	7.91332818799457	7.40856690328815	85	146.1	347	5.07662835696749	138.493	4.88014	10.3255171456423	23.1636397909296	-5.85300919782469	-7.90586460011863	ST13	glacial_like	0.312779804344974	FALSE	FALSE	FALSE	FALSE	FALSE	FALSE	FALSE	FALSE	FALSE	FALSE	213784	347	5.07662835696749	347	0	0	adequate_depth	23.1636397909296	-5.85300919782469	-7.90586460011863	[130,140)	other	(95.4,148]	FALSE
LV3003061514	ST13		204.8	6.14379333255492	1392493	311.64	7.98116089367673	7.71269697487024	64.4	66.3	945	5.62120800692466	100.6726	3.883986	7.39288790099721	-82.449263335661	55.9351026163422	30.5099844744795	ST13	interglacial_like	0.538934613396289	FALSE	FALSE	FALSE	FALSE	FALSE	FALSE	FALSE	FALSE	FALSE	FALSE	1392493	945	5.62120800692466	945	0	0	adequate_depth	-82.449263335661	55.9351026163422	30.5099844744795	[100,110)	90-110 kya	(95.4,148]	FALSE
LV3003061515	ST13		164.8	6.23360826256073	1712411	490.61	7.99446936227009	7.83020944812158	71.1	73.4	984	5.68112348535857	71.0012	4.219988	9.97144024824405	-93.8751258680172	50.9325982139308	38.329156294106	ST13	glacial_like	0.685078098814753	FALSE	FALSE	FALSE	FALSE	FALSE	FALSE	FALSE	FALSE	FALSE	FALSE	1712411	984	5.68112348535857	984	0	0	adequate_depth	-93.8751258680172	50.9325982139308	38.329156294106	[70,80)	other	(50.5,71.3]	FALSE
LV3003061516	ST13		121	5.65203542967092	448781	61.03	7.73440060710596	7.42902518905518	75.6	76.7	464	4.95092403884079	48.537	4.45537	8.80675928823849	-3.29350054889059	-3.09429944641163	-22.1483349271151	ST13	glacial_like	0.495022083550913	FALSE	FALSE	FALSE	FALSE	FALSE	FALSE	FALSE	FALSE	FALSE	FALSE	448781	464	4.95092403884079	464	0	0	adequate_depth	-3.29350054889059	-3.09429944641163	-22.1483349271151	[40,50)	40-60 kya	(33.4,50.5]	FALSE
LV3003061517	ST13		81	6.01277355162342	1029848	343.69	8.22228086343806	7.89926703157413	74.7	86	862	5.42351690508695	30.678	4.62	8.34038156140496	-74.9297929925425	-2.1720592078644	7.58702734962591	ST13	glacial_like	0.475320084066555	FALSE	FALSE	FALSE	FALSE	FALSE	FALSE	FALSE	FALSE	FALSE	FALSE	1029848	862	5.42351690508695	862	0	0	adequate_depth	-74.9297929925425	-2.1720592078644	7.58702734962591	[30,40)	other	(19.1,33.4]	FALSE
LV3003061518	ST13		35	6.12170885089362	1323453	303.98	8.05896712792754	7.89745537909105	68.5	69.5	878	5.7125683571885	9.804	3.49256	6.47040385254158	-87.3209800315937	-22.4986859221559	36.6748009230525	ST13	interglacial_like	0.68942693934991	FALSE	FALSE	FALSE	FALSE	FALSE	FALSE	FALSE	FALSE	FALSE	FALSE	1323453	878	5.7125683571885	878	0	0	adequate_depth	-87.3209800315937	-22.4986859221559	36.6748009230525	[0,10)	other	[0.692,19.1]	FALSE
LV3003061527	ST13		239.8	4.16577833129364	14647	28.59	6.42703356445769	5.96033518799448	57.9	60.4	49	3.11848903246255	133.7754	4.634866	11.4223768846317	93.5438715889454	-14.0777127666892	31.1732775778271	ST13	glacial_like	0.341429710774907	TRUE	TRUE	TRUE	TRUE	TRUE	TRUE	TRUE	TRUE	TRUE	TRUE	14647	49	3.11848903246255	49	0	0	low_diversity_but_saturated	93.5438715889454	-14.0777127666892	31.1732775778271	[130,140)	other	(95.4,148]	FALSE
LV3003061528	ST13		199.8	6.00765476588312	1017781	368.13	7.91732445977001	7.68825868487917	65	67.2	825	5.526465262771	95.118	3.76764	6.56201237466214	-64.8582799243469	47.2952766277726	15.2427399898982	ST13	interglacial_like	0.590111694680958	FALSE	FALSE	FALSE	FALSE	FALSE	FALSE	FALSE	FALSE	FALSE	FALSE	1017781	825	5.526465262771	825	0	0	adequate_depth	-64.8582799243469	47.2952766277726	15.2427399898982	[90,100)	90-110 kya	(71.3,95.4]	FALSE
LV3003061529	ST13		156	6.00953970036519	1022208	177.08	7.96359665794011	7.63311715109313	75.1	98.8	869	5.59464357617135	66.015	4.56805	8.02667098129265	-77.7641053159702	11.4830901527162	20.4604018917925	ST13	glacial_like	0.46721899162774	FALSE	FALSE	FALSE	FALSE	FALSE	FALSE	FALSE	FALSE	FALSE	FALSE	1022208	869	5.59464357617135	869	0	0	adequate_depth	-77.7641053159702	11.4830901527162	20.4604018917925	[60,70)	other	(50.5,71.3]	FALSE
LV3003061530	ST13		116	5.79855466197296	628860	117.63	7.96462210299415	7.65168379277124	82.1	91.8	417	3.61461902467479	47.046	4.38322	8.66837868071839	8.19022635819426	3.52054956074258	-19.4613229650091	ST13	glacial_like	0.486476297206786	FALSE	FALSE	FALSE	FALSE	FALSE	FALSE	FALSE	FALSE	FALSE	FALSE	628860	417	3.61461902467479	417	0	0	adequate_depth	8.19022635819426	3.52054956074258	-19.4613229650091	[40,50)	40-60 kya	(33.4,50.5]	FALSE
LV3003061531	ST13		76	5.99261757485742	983144	99.27	7.96551924097558	7.55234125301261	61.2	62.1	924	5.46514438496183	28.445	4.7411	7.98634449117112	-79.0764872029072	-20.9086890004571	-1.70402518935079	ST13	glacial_like	0.386208657134961	FALSE	FALSE	FALSE	FALSE	FALSE	FALSE	FALSE	FALSE	FALSE	FALSE	983144	924	5.46514438496183	924	0	0	adequate_depth	-79.0764872029072	-20.9086890004571	-1.70402518935079	[20,30)	other	(19.1,33.4]	FALSE
LV3003061533	ST13		30	5.85935509007479	723360	290.8	8.01356145799077	7.80211896562223	59.1	59.5	576	4.96619196862672	7.912	3.4156	6.23449698261132	-12.1789016108886	-27.2887198673592	0.859798233990819	ST13	interglacial_like	0.614550399020445	FALSE	FALSE	FALSE	FALSE	FALSE	FALSE	FALSE	FALSE	FALSE	FALSE	723360	576	4.96619196862672	576	0	0	adequate_depth	-12.1789016108886	-27.2887198673592	0.859798233990819	[0,10)	other	[0.692,19.1]	FALSE
LV3003061539	ST13		234.8	5.44925000669768	281351	45.25	7.89767130461597	7.05509973540713	72.6	80.9	374	4.98019913701503	130.0556	3.677784	12.6881606418456	18.6497500238336	-7.33808467527838	-9.33988704280817	ST13	interglacial_like	0.143690613165683	FALSE	FALSE	FALSE	FALSE	FALSE	FALSE	FALSE	FALSE	FALSE	FALSE	281351	374	4.98019913701503	374	0	0	adequate_depth	18.6497500238336	-7.33808467527838	-9.33988704280817	[130,140)	other	(95.4,148]	FALSE
LV3003061541	ST13		194.8	5.81170567667955	648194	185.23	7.82045640288682	7.60194564825453	67.5	69.2	596	5.13451570132319	91.09	4.0255	7.62752397756975	-20.8107264080939	23.0024362530574	-23.8272646798362	ST13	glacial_like	0.604629372468474	FALSE	FALSE	FALSE	FALSE	FALSE	FALSE	FALSE	FALSE	FALSE	FALSE	648194	596	5.13451570132319	596	0	0	adequate_depth	-20.8107264080939	23.0024362530574	-23.8272646798362	[90,100)	90-110 kya	(71.3,95.4]	FALSE
LV3003061543	ST13		151	5.92988260679173	850907	184.56	7.95566310111767	7.64923307970996	80.7	82.9	801	5.67305450848581	62.293	4.57949	7.91259892566273	-63.7349147501253	15.6246132002632	7.76848536472998	ST13	glacial_like	0.493821476510395	FALSE	FALSE	FALSE	FALSE	FALSE	FALSE	FALSE	FALSE	FALSE	FALSE	850907	801	5.67305450848581	801	0	0	adequate_depth	-63.7349147501253	15.6246132002632	7.76848536472998	[60,70)	other	(50.5,71.3]	FALSE
LV3003061544	ST13		111	5.62313346309173	419887	154.76	7.99340304207658	7.56417459566305	76.2	81.2	567	5.56085223781026	45.122	4.33366	8.48981108255027	-23.1623661438592	-2.37982499229537	-17.0201898948304	ST13	glacial_like	0.372195866908489	FALSE	FALSE	FALSE	FALSE	FALSE	FALSE	FALSE	FALSE	FALSE	FALSE	419887	567	5.56085223781026	567	0	0	adequate_depth	-23.1623661438592	-2.37982499229537	-17.0201898948304	[40,50)	40-60 kya	(33.4,50.5]	FALSE
LV3003061545	ST13		65	5.93137395322656	853834	284.94	8.04411298971126	7.73301279929259	77.3	90.3	790	5.51780688699794	23.172	4.8514	7.63783856522009	-62.9110281833978	-37.0814366336911	-3.37874531941876	ST13	glacial_like	0.48853963710854	FALSE	FALSE	FALSE	FALSE	FALSE	FALSE	FALSE	FALSE	FALSE	FALSE	853834	790	5.51780688699794	790	0	0	adequate_depth	-62.9110281833978	-37.0814366336911	-3.37874531941876	[20,30)	other	(19.1,33.4]	FALSE
LV3003061546	ST13		25	5.82093670638072	662119	267.14	7.76199494600907	7.61502715816127	62.4	62.7	461	4.64139205752603	7.197	3.37985	6.14534613060279	15.0510290825131	-25.8405737267913	4.79508487058047	ST13	interglacial_like	0.712905900301117	FALSE	FALSE	FALSE	FALSE	FALSE	FALSE	FALSE	FALSE	FALSE	FALSE	662119	461	4.64139205752603	461	0	0	adequate_depth	15.0510290825131	-25.8405737267913	4.79508487058047	[0,10)	other	[0.692,19.1]	FALSE
LV3003061555	ST13		229.8	4.57377640686517	37477	21.95	7.49529258191944	6.42722717553126	66.5	82.3	99	3.70525750262951	126.443	3.25303	13.9174660887275	83.0487964257158	-14.5767827179	22.7800321284205	ST13	interglacial_like	0.0854937653963025	TRUE	TRUE	TRUE	TRUE	TRUE	TRUE	TRUE	TRUE	TRUE	TRUE	37477	99	3.70525750262951	99	0	0	low_diversity_but_saturated	83.0487964257158	-14.5767827179	22.7800321284205	[120,130)	other	(95.4,148]	FALSE
LV3003061556	ST13		189.8	5.68287851370321	481812	171.57	7.82409723595304	7.53697867160441	68.8	71.6	539	4.94371271124659	86.6174	4.134088	8.5404217959206	-9.41590908348844	31.2224996817502	-12.3909762663005	ST13	glacial_like	0.51627539726866	FALSE	FALSE	FALSE	FALSE	FALSE	FALSE	FALSE	FALSE	FALSE	FALSE	481812	539	4.94371271124659	539	0	0	adequate_depth	-9.41590908348844	31.2224996817502	-12.3909762663005	[80,90)	other	(71.3,95.4]	FALSE
LV3003061557	ST13		146	5.648164778574	444799	188.06	7.77478979212725	7.58628305697417	82.9	90.5	531	5.24559229183399	58.082	4.48508	7.14615019137165	-12.2185055330199	29.5812087079892	-0.18678394741421	ST13	glacial_like	0.647878041813362	FALSE	FALSE	FALSE	FALSE	FALSE	FALSE	FALSE	FALSE	FALSE	FALSE	444799	531	5.24559229183399	531	0	0	adequate_depth	-12.2185055330199	29.5812087079892	-0.18678394741421	[50,60)	40-60 kya	(50.5,71.3]	FALSE
LV3003061558	ST13		106	5.76693160830547	584697	207.2	7.87748202501941	7.58060657014333	85.6	102.9	637	5.36766724903603	42.626	4.47496	8.37469053564879	-37.8795458984745	-9.29400832959521	-17.9172882117863	ST13	glacial_like	0.504806036371339	FALSE	FALSE	FALSE	FALSE	FALSE	FALSE	FALSE	FALSE	FALSE	FALSE	584697	637	5.36766724903603	637	0	0	adequate_depth	-37.8795458984745	-9.29400832959521	-17.9172882117863	[40,50)	40-60 kya	(33.4,50.5]	FALSE
LV3003061559	ST13		60	5.82911585960729	674707	362.3	7.98309771829531	7.75854402389123	67.5	75.1	721	5.53625778144854	21.069	4.90793	7.53156383007576	-51.5188791738561	-17.4843527291562	-6.2183421799291	ST13	glacial_like	0.596274590112547	FALSE	FALSE	FALSE	FALSE	FALSE	FALSE	FALSE	FALSE	FALSE	FALSE	674707	721	5.53625778144854	721	0	0	adequate_depth	-51.5188791738561	-17.4843527291562	-6.2183421799291	[20,30)	other	(19.1,33.4]	FALSE
LV3003061568	ST13		224.8	4.35177698731776	22478	14.6	6.68711078495385	6.10922138099256	58.4	66.6	53	2.87660974165963	121.6354	3.209168	15.0912241071525	93.0831011467949	-13.8793949639724	30.7095163370867	ST13	interglacial_like	0.264308023822521	TRUE	TRUE	TRUE	TRUE	TRUE	TRUE	TRUE	TRUE	TRUE	TRUE	22478	53	2.87660974165963	53	0	0	low_diversity_but_saturated	93.0831011467949	-13.8793949639724	30.7095163370867	[120,130)	other	(95.4,148]	FALSE
LV3003061569	ST13		184.8	5.85738074869307	720079	141.44	7.83267038913678	7.60825774714212	68.4	70.4	710	5.33168804583661	81.6946	3.806108	7.84255695133946	-43.4247951348679	40.5685101433719	-3.7353845363275	ST13	interglacial_like	0.596468280979097	FALSE	FALSE	FALSE	FALSE	FALSE	FALSE	FALSE	FALSE	FALSE	FALSE	720079	710	5.33168804583661	710	0	0	adequate_depth	-43.4247951348679	40.5685101433719	-3.7353845363275	[80,90)	other	(71.3,95.4]	FALSE
LV3003061570	ST13		141	5.68624379716732	485560	127.35	7.90112855745608	7.4926115303805	71.1	73.9	594	5.4487830646287	55.466	4.32864	6.57988298438419	-25.5926140038448	17.4700973089863	-13.5275991066333	ST13	glacial_like	0.390375869362828	FALSE	FALSE	FALSE	FALSE	FALSE	FALSE	FALSE	FALSE	FALSE	FALSE	485560	594	5.4487830646287	594	0	0	adequate_depth	-25.5926140038448	17.4700973089863	-13.5275991066333	[50,60)	40-60 kya	(50.5,71.3]	FALSE
LV3003061571	ST13		101	5.80139341855698	632984	159.84	7.95516423269531	7.65017102439958	63	68.8	558	4.54543217996211	40.457	4.53172	8.70107494147892	-18.5315852536608	-22.5832517314176	-24.66934532201	ST13	glacial_like	0.495457933357655	FALSE	FALSE	FALSE	FALSE	FALSE	FALSE	FALSE	FALSE	FALSE	FALSE	632984	558	4.54543217996211	558	0	0	adequate_depth	-18.5315852536608	-22.5832517314176	-24.66934532201	[40,50)	40-60 kya	(33.4,50.5]	FALSE
LV3003061572	ST13		55	6.27958938453724	1903659	341.81	8.17274037475319	7.88052112792429	75.5	100.4	943	5.69602535409543	19.099	4.96297	7.43201022654066	-103.910369336249	-37.9305067388369	44.5817009755278	ST13	glacial_like	0.510247341201103	FALSE	FALSE	FALSE	FALSE	FALSE	FALSE	FALSE	FALSE	FALSE	FALSE	1903659	943	5.69602535409543	943	0	0	adequate_depth	-103.910369336249	-37.9305067388369	44.5817009755278	[10,20)	other	(19.1,33.4]	FALSE
LV7001898064	ST13		20	5.97930976586787	953475	117.6	8.01964367737722	7.72809033296939	54	54.8	669	5.2210024470266	6.808	3.36232	6.18967560972194	-41.1448201297664	-22.7642281816736	10.8222551758471	ST13	interglacial_like	0.511030300636808	FALSE	FALSE	FALSE	FALSE	FALSE	FALSE	FALSE	FALSE	FALSE	FALSE	953475	669	5.2210024470266	669	0	0	adequate_depth	-41.1448201297664	-22.7642281816736	10.8222551758471	[0,10)	other	[0.692,19.1]	FALSE
LV7001898076	ST13		15	6.37413164999221	2366636	184.76	8.06200291128518	7.89553023882251	55.3	56	1083	5.67977203951547	6.429	3.34716	6.25051014241062	-115.704220457423	-30.874054970657	58.5286171630197	ST13	interglacial_like	0.681596459379157	FALSE	FALSE	FALSE	FALSE	FALSE	FALSE	FALSE	FALSE	FALSE	FALSE	2366636	1083	5.67977203951547	1083	0	0	adequate_depth	-115.704220457423	-30.874054970657	58.5286171630197	[0,10)	other	[0.692,19.1]	FALSE
LV7001898088	ST13		10	6.41095378246667	2576046	202.91	8.06823931750857	7.95101708657308	60.1	61.3	734	4.42971484494853	6.031	3.33124	6.31439442739767	-64.9758266158333	17.292901112454	18.2903401802926	ST13	interglacial_like	0.763445022463516	FALSE	FALSE	FALSE	FALSE	FALSE	FALSE	FALSE	FALSE	FALSE	FALSE	2576046	734	4.42971484494853	734	0	0	adequate_depth	-64.9758266158333	17.292901112454	18.2903401802926	[0,10)	other	[0.692,19.1]	FALSE
LV7001898100	ST13		5	6.51735097543132	3291174	187.66	8.23775659582496	8.18558650558652	66.3	67.1	562	3.8688474116529	5.659	3.30613	6.37410536713431	-27.7059234920953	55.7234826013604	24.8985291365555	ST13	interglacial_like	0.886808627203493	FALSE	FALSE	FALSE	FALSE	FALSE	FALSE	FALSE	FALSE	FALSE	FALSE	3291174	562	3.8688474116529	562	0	0	adequate_depth	-27.7059234920953	55.7234826013604	24.8985291365555	[0,10)	other	[0.692,19.1]	FALSE
LV7008886221	GeoB25202_R1		129.5	5.64206466658945	438595	94.36	7.99112741316529	7.4809102988144	44.9	47	472	4.44667045666844	50.3555	4.336445	8.9755353679	5.78257085826697	-3.26540360954156	-29.646050050856	GeoB25202	glacial_like	0.30887508343987	FALSE	FALSE	FALSE	FALSE	FALSE	FALSE	FALSE	FALSE	FALSE	FALSE	438595	472	4.44667045666844	472	0	0	adequate_depth	5.78257085826697	-3.26540360954156	-29.646050050856	[50,60)	40-60 kya	(33.4,50.5]	FALSE
LV7008886222	GeoB25202_R1		240.5	5.45151779579732	282824	16.76	8.03799318914898	6.99004700677388	47.1	50.6	366	4.79812812981102	136.2775	4.81445	10.5709554267778	27.6246232700349	4.57167145053283	-10.8880576631559	GeoB25202	glacial_like	0.0895475642303771	FALSE	FALSE	FALSE	FALSE	FALSE	FALSE	FALSE	FALSE	FALSE	FALSE	282824	366	4.79812812981102	366	0	0	adequate_depth	27.6246232700349	4.57167145053283	-10.8880576631559	[130,140)	other	(95.4,148]	FALSE
LV7008886226	GeoB25202_R2		105.5	5.80618743835615	640010	46.28	8.28660076672425	7.41814596182794	41.2	42.8	428	4.39917967578849	36.607	4.45607	9.28041102375	12.9838577986524	-4.80292021221839	-22.5302809841506	GeoB25202	glacial_like	0.135377091959947	FALSE	FALSE	FALSE	FALSE	FALSE	FALSE	FALSE	FALSE	FALSE	FALSE	640010	428	4.39917967578849	428	0	0	adequate_depth	12.9838577986524	-4.80292021221839	-22.5302809841506	[30,40)	other	(33.4,50.5]	FALSE
LV7008886228	GeoB25202_R2		223.5	4.62066688195808	41750	6.39	7.9481233395712	6.42502643174099	47.1	51.7	85	3.59322076253541	120.0235	3.269765	15.13774048625	89.3907393224125	-13.1006226507368	24.2717754648476	GeoB25202	interglacial_like	0.0299849227185798	TRUE	TRUE	TRUE	TRUE	TRUE	TRUE	TRUE	TRUE	TRUE	TRUE	41750	85	3.59322076253541	85	0	0	low_diversity_but_saturated	89.3907393224125	-13.1006226507368	24.2717754648476	[120,130)	other	(95.4,148]	FALSE
LV7008886229	GeoB25202_R2		167.5	6.11657188333034	1307891	132.24	8.06811553746586	7.62138217997419	44.2	45.4	903	5.360615992873	68.149	4.42745	8.09207392775	-61.2460271846208	55.1796256605697	-12.8401164297886	GeoB25202	glacial_like	0.35749225376708	FALSE	FALSE	FALSE	FALSE	FALSE	FALSE	FALSE	FALSE	FALSE	FALSE	1307891	903	5.360615992873	903	0	0	adequate_depth	-61.2460271846208	55.1796256605697	-12.8401164297886	[60,70)	other	(50.5,71.3]	FALSE
LV7008886690	GeoB25202_R1		20.5	5.81742520930415	656787	49.49	8.69039887301412	7.66539168929721	43.4	44.7	302	4.14348171984848	2.324	3.21564	6.90941715213889	47.4046966351361	-21.2827564000277	11.1560841743458	GeoB25202	interglacial_like	0.0944045242118422	FALSE	FALSE	FALSE	FALSE	FALSE	FALSE	FALSE	TRUE	FALSE	FALSE	656787	302	4.14348171984848	302	0	0	adequate_depth	47.4046966351361	-21.2827564000277	11.1560841743458	[0,10)	other	[0.692,19.1]	FALSE
LV7008886692	GeoB25202_R1		139.5	5.3544676404192	226186	51.47	8.01224468755067	7.33270176453461	52.6	56	325	4.61920384688473	53.875	4.3875	6.235490352	34.1400529762377	-3.77573755305184	-18.2548763809454	GeoB25202	glacial_like	0.20914961092826	FALSE	FALSE	FALSE	FALSE	FALSE	FALSE	FALSE	FALSE	FALSE	FALSE	226186	325	4.61920384688473	325	0	0	adequate_depth	34.1400529762377	-3.77573755305184	-18.2548763809454	[50,60)	40-60 kya	(50.5,71.3]	FALSE
LV7008886695	GeoB25202_R1		201.5	5.87250356943366	745595	81.19	7.91446671510045	7.48737966016993	42.3	43.5	647	5.01886600343781	95.3875	3.76225	6.490722559125	-10.6533454843781	48.9513774885632	-29.3244594784964	GeoB25202	interglacial_like	0.37403559717966	FALSE	FALSE	FALSE	FALSE	FALSE	FALSE	FALSE	FALSE	FALSE	FALSE	745595	647	5.01886600343781	647	0	0	adequate_depth	-10.6533454843781	48.9513774885632	-29.3244594784964	[90,100)	90-110 kya	(71.3,95.4]	FALSE
LV7008886702	GeoB25202_R2		20.5	6.01527129453217	1035788	70.74	8.52111468349625	7.86287875442185	48.7	49.9	600	4.85682078410213	2.324	3.21564	6.90941715213889	-25.4959578536559	-21.1044863100127	0.301534437589191	GeoB25202	interglacial_like	0.21966661932576	FALSE	FALSE	FALSE	FALSE	FALSE	FALSE	FALSE	FALSE	FALSE	FALSE	1035788	600	4.85682078410213	600	0	0	adequate_depth	-25.4959578536559	-21.1044863100127	0.301534437589191	[0,10)	other	[0.692,19.1]	FALSE
LV7008886703	GeoB25202_R1		84.5	5.79185268990988	619230	41.04	8.14481128013131	7.511104407116	55.3	57.3	750	5.54018440474066	27.6855	4.75	7.86592749392857	-46.1846846379083	-32.2984136021489	-19.4182831167211	GeoB25202	glacial_like	0.232430500134801	FALSE	FALSE	FALSE	FALSE	FALSE	FALSE	FALSE	FALSE	FALSE	FALSE	619230	750	5.54018440474066	750	0	0	adequate_depth	-46.1846846379083	-32.2984136021489	-19.4182831167211	[20,30)	other	(19.1,33.4]	FALSE
LV7008886704	GeoB25202_R2		139.5	5.42625906963631	266844	23.87	8.27107924566535	7.27689005089396	56.9	61.2	383	4.84040681204463	53.875	4.3875	6.235490352	20.4782983800406	3.36334949251177	-18.0522580523787	GeoB25202	glacial_like	0.101346973641638	FALSE	FALSE	FALSE	FALSE	FALSE	FALSE	FALSE	FALSE	FALSE	FALSE	266844	383	4.84040681204463	383	0	0	adequate_depth	20.4782983800406	3.36334949251177	-18.0522580523787	[50,60)	40-60 kya	(50.5,71.3]	FALSE
LV7008886705	GeoB25202_R1		159.5	4.91791492919863	82777	23.86	7.97819463242036	7.09799862242348	43.4	45.3	207	4.76097197354299	59.738	4.55546	7.834293148625	62.5393391852582	-4.81621946005701	6.12814522348241	GeoB25202	glacial_like	0.131766181309146	FALSE	TRUE	FALSE	TRUE	FALSE	TRUE	FALSE	TRUE	TRUE	TRUE	82777	207	4.76097197354299	207	0	0	low_diversity_but_saturated	62.5393391852582	-4.81621946005701	6.12814522348241	[50,60)	40-60 kya	(50.5,71.3]	FALSE
LV7008886706	GeoB25202_R1		185.5	6.00677314884995	1015717	126.07	8.08193157725449	7.64711180355567	45.3	46.5	767	5.19771072379959	79.0255	4.046175	8.49363513875	-42.3231746685961	51.3883453229376	-14.5378548534706	GeoB25202	glacial_like	0.367434744047517	FALSE	FALSE	FALSE	FALSE	FALSE	FALSE	FALSE	FALSE	FALSE	FALSE	1015717	767	5.19771072379959	767	0	0	adequate_depth	-42.3231746685961	51.3883453229376	-14.5378548534706	[70,80)	other	(71.3,95.4]	FALSE
LV7008886707	GeoB25202_R2		201.5	5.7550420408717	568907	68.75	7.84402521225956	7.39977048396913	43.2	44.1	560	4.92558542007848	95.3875	3.76225	6.490722559125	9.33041055516293	38.569889272783	-30.6370564488952	GeoB25202	interglacial_like	0.359538382792532	FALSE	FALSE	FALSE	FALSE	FALSE	FALSE	FALSE	FALSE	FALSE	FALSE	568907	560	4.92558542007848	560	0	0	adequate_depth	9.33041055516293	38.569889272783	-30.6370564488952	[90,100)	90-110 kya	(71.3,95.4]	FALSE
LV7008886708	GeoB25202_R1		213.5	5.72831481553461	534951	133.59	7.72298328210781	7.37573488726542	42	43.3	539	4.84714684284077	109.6305	4.06956	10.5363336105	20.5612901903296	43.0517853146641	-19.6383919920144	GeoB25202	glacial_like	0.449522666324013	FALSE	FALSE	FALSE	FALSE	FALSE	FALSE	FALSE	FALSE	FALSE	FALSE	534951	539	4.84714684284077	539	0	0	adequate_depth	20.5612901903296	43.0517853146641	-19.6383919920144	[100,110)	90-110 kya	(95.4,148]	FALSE
LV7008886709	GeoB25202_R1		249.5	5.31730474543867	207636	17.31	8.11074679212513	6.93353400489384	45.6	48.3	388	5.24304754053314	147.206	4.79734	9.36027059022222	24.4480439209798	-2.59652864419772	-15.1143874664101	GeoB25202	glacial_like	0.066494720599756	FALSE	FALSE	FALSE	FALSE	FALSE	FALSE	FALSE	FALSE	FALSE	FALSE	207636	388	5.24304754053314	388	0	0	adequate_depth	24.4480439209798	-2.59652864419772	-15.1143874664101	[140,150]	other	(95.4,148]	FALSE
LV7008886714	GeoB25202_R1		4.5	6.576821573273	3774170	129.27	8.55709991946339	8.33818741065027	64.2	64.8	505	4.013911297423	0.692	3.23	8.77194686709375	-20.6205554069442	36.5499307027724	13.5208951691251	GeoB25202	interglacial_like	0.60407030955119	FALSE	FALSE	FALSE	FALSE	FALSE	FALSE	FALSE	FALSE	FALSE	FALSE	3774170	505	4.013911297423	505	0	0	adequate_depth	-20.6205554069442	36.5499307027724	13.5208951691251	[0,10)	other	[0.692,19.1]	FALSE
LV7008886715	GeoB25202_R2		84.5	5.90930457911436	811529	77.28	8.21328494729575	7.6484871772082	53.6	55.5	780	5.14776903344886	27.6855	4.75	7.86592749392857	-53.5116328686492	-33.6066987872044	-15.9033493561445	GeoB25202	glacial_like	0.272396938895251	FALSE	FALSE	FALSE	FALSE	FALSE	FALSE	FALSE	FALSE	FALSE	FALSE	811529	780	5.14776903344886	780	0	0	adequate_depth	-53.5116328686492	-33.6066987872044	-15.9033493561445	[20,30)	other	(19.1,33.4]	FALSE
LV7008886717	GeoB25202_R2		159.5	5.30334511800236	201068	49.74	8.10894537215759	7.29879185621448	41.9	43.6	373	5.13492191109937	59.738	4.55546	7.834293148625	25.0205389212196	12.0531710797988	-10.0613492652794	GeoB25202	glacial_like	0.154826916874443	FALSE	FALSE	FALSE	FALSE	FALSE	FALSE	FALSE	FALSE	FALSE	FALSE	201068	373	5.13492191109937	373	0	0	adequate_depth	25.0205389212196	12.0531710797988	-10.0613492652794	[50,60)	40-60 kya	(50.5,71.3]	FALSE
LV7008886718	GeoB25202_R2		185.5	5.83218754364935	679496	84.54	7.95144528235301	7.49316027247895	43.8	44.8	691	5.19741940564576	79.0255	4.046175	8.49363513875	-30.3952954514645	32.3796558832387	-20.4019960781797	GeoB25202	glacial_like	0.348108783072121	FALSE	FALSE	FALSE	FALSE	FALSE	FALSE	FALSE	FALSE	FALSE	FALSE	679496	691	5.19741940564576	691	0	0	adequate_depth	-30.3952954514645	32.3796558832387	-20.4019960781797	[70,80)	other	(71.3,95.4]	FALSE
LV7008886719	GeoB25202_R1		195.5	5.63698609630368	433496	42.16	8.36940462312284	7.4285015207567	39.4	40.8	432	4.7751798853992	87.2825	4.160225	8.63470754958333	28.8000599488473	19.2893064893185	-28.9136519571551	GeoB25202	glacial_like	0.114576851331159	FALSE	FALSE	FALSE	FALSE	FALSE	FALSE	FALSE	FALSE	FALSE	FALSE	433496	432	4.7751798853992	432	0	0	adequate_depth	28.8000599488473	19.2893064893185	-28.9136519571551	[80,90)	other	(71.3,95.4]	FALSE
LV7008886720	GeoB25202_R2		213.5	5.96096235080796	914033	81.94	7.98156540626257	7.56353649593675	40.9	42.2	639	4.67968530605698	109.6305	4.06956	10.5363336105	5.40060071316817	58.7314864104179	-15.8889561467448	GeoB25202	glacial_like	0.381918839785911	FALSE	FALSE	FALSE	FALSE	FALSE	FALSE	FALSE	FALSE	FALSE	FALSE	914033	639	4.67968530605698	639	0	0	adequate_depth	5.40060071316817	58.7314864104179	-15.8889561467448	[100,110)	90-110 kya	(95.4,148]	FALSE
LV7008886721	GeoB25202_R2		249.5	5.45077087217787	282338	26.71	7.9461790451966	7.08300497447324	46.7	49.8	473	5.38215838445962	147.206	4.79734	9.36027059022222	3.46240203352741	1.18279051532455	-19.6585389612278	GeoB25202	glacial_like	0.137033231182736	FALSE	FALSE	FALSE	FALSE	FALSE	FALSE	FALSE	FALSE	FALSE	FALSE	282338	473	5.38215838445962	473	0	0	adequate_depth	3.46240203352741	1.18279051532455	-19.6585389612278	[140,150]	other	(95.4,148]	FALSE
LV7008886726	GeoB25202_R2		4.5	6.38444356166251	2423502	204.6	8.32406833444972	8.14988034752459	63.5	64.2	450	3.9122140000224	0.692	3.23	8.77194686709375	-4.61004229830314	43.1132748750812	14.1709662964496	GeoB25202	interglacial_like	0.669594707097204	FALSE	FALSE	FALSE	FALSE	FALSE	FALSE	FALSE	FALSE	FALSE	FALSE	2423502	450	3.9122140000224	450	0	0	adequate_depth	-4.61004229830314	43.1132748750812	14.1709662964496	[0,10)	other	[0.692,19.1]	FALSE
LV7008886727	GeoB25202_R1		59.5	6.08164249889909	1206819	79.12	8.2586548935589	7.75909459811802	47.9	48.6	945	5.77138928308655	16.4375	4.806875	7.29751179212	-92.7853789210796	-39.4349460241111	41.5143856062207	GeoB25202	glacial_like	0.316548091448664	FALSE	FALSE	FALSE	FALSE	FALSE	FALSE	FALSE	FALSE	FALSE	FALSE	1206819	945	5.77138928308655	945	0	0	adequate_depth	-92.7853789210796	-39.4349460241111	41.5143856062207	[10,20)	other	[0.692,19.1]	FALSE
LV7008886728	GeoB25202_R2		129.5	5.51912678372496	330465	42.73	8.18254974779563	7.44325179738464	58.3	61.8	449	4.93136718610584	50.3555	4.336445	8.9755353679	6.50339785444154	-12.4428623696306	-25.5224185275013	GeoB25202	glacial_like	0.182264478283105	FALSE	FALSE	FALSE	FALSE	FALSE	FALSE	FALSE	FALSE	FALSE	FALSE	330465	449	4.93136718610584	449	0	0	adequate_depth	6.50339785444154	-12.4428623696306	-25.5224185275013	[50,60)	40-60 kya	(33.4,50.5]	FALSE
LV7008886730	GeoB25202_R1		179.5	6.02737244331616	1065055	65.59	7.949785771079	7.50191547110233	43.4	44.5	837	5.33979750738577	75.351	3.98861	7.8788526045	-52.4017728165537	48.9188435663636	-15.8775325659921	GeoB25202	interglacial_like	0.356557594570524	FALSE	FALSE	FALSE	FALSE	FALSE	FALSE	FALSE	FALSE	FALSE	FALSE	1065055	837	5.33979750738577	837	0	0	adequate_depth	-52.4017728165537	48.9188435663636	-15.8775325659921	[70,80)	other	(71.3,95.4]	FALSE
LV7008886731	GeoB25202_R2		195.5	5.68329204815765	482271	63.44	7.90116941676874	7.4074115563396	39.2	40.6	444	4.65922763269075	87.2825	4.160225	8.63470754958333	26.7996017333644	18.8598989072227	-28.5233776895205	GeoB25202	glacial_like	0.320805738340574	FALSE	FALSE	FALSE	FALSE	FALSE	FALSE	FALSE	FALSE	FALSE	FALSE	482271	444	4.65922763269075	444	0	0	adequate_depth	26.7996017333644	18.8598989072227	-28.5233776895205	[80,90)	other	(71.3,95.4]	FALSE
LV7008886739	GeoB25202_R2		59.5	6.24543789363425	1759696	82.56	8.30381708210945	7.8309824023023	49.7	50.8	1047	5.80722293982221	16.4375	4.806875	7.29751179212	-112.00415909621	-35.1200022491347	51.5049434272698	GeoB25202	glacial_like	0.336639688240749	FALSE	FALSE	FALSE	FALSE	FALSE	FALSE	FALSE	FALSE	FALSE	FALSE	1759696	1047	5.80722293982221	1047	0	0	adequate_depth	-112.00415909621	-35.1200022491347	51.5049434272698	[10,20)	other	[0.692,19.1]	FALSE
LV7008886740	GeoB25202_R1		119.5	5.59160213125582	390482	37.22	8.1023142033718	7.44969869954058	46	47.8	528	5.1948438527589	43.105	4.4621	8.3026120984	-12.3578122619029	-7.2216651727633	-19.8754548894118	GeoB25202	glacial_like	0.222527907520338	FALSE	FALSE	FALSE	FALSE	FALSE	FALSE	FALSE	FALSE	FALSE	FALSE	390482	528	5.1948438527589	528	0	0	adequate_depth	-12.3578122619029	-7.2216651727633	-19.8754548894118	[40,50)	40-60 kya	(33.4,50.5]	FALSE
LV7008886741	GeoB25202_R1		155.5	4.56063581867836	36360	11.14	7.92521834701676	6.63544594546492	45.8	50.5	90	3.97868853906934	58.997	4.43018	9.918947659625	84.8191404817895	-10.8589331272577	25.3199937615389	GeoB25202	glacial_like	0.0513130114331322	TRUE	TRUE	TRUE	TRUE	TRUE	TRUE	TRUE	TRUE	TRUE	TRUE	36360	90	3.97868853906934	90	0	0	low_diversity_but_saturated	84.8191404817895	-10.8589331272577	25.3199937615389	[50,60)	40-60 kya	(50.5,71.3]	FALSE
LV7008886742	GeoB25202_R2		179.5	6.12594329135435	1336420	108.77	7.9674595920427	7.59728283818888	43.1	43.9	958	5.50869370121997	75.351	3.98861	7.8788526045	-72.957367948023	46.8534322970204	-7.87629290884455	GeoB25202	interglacial_like	0.426405934009307	FALSE	FALSE	FALSE	FALSE	FALSE	FALSE	FALSE	FALSE	FALSE	FALSE	1336420	958	5.50869370121997	958	0	0	adequate_depth	-72.957367948023	46.8534322970204	-7.87629290884455	[70,80)	other	(71.3,95.4]	FALSE
LV7008886743	GeoB25202_R1		189.5	5.72944585578515	536346	85.87	7.73362488675602	7.38706847195066	42.7	43.7	512	4.8288529817183	81.6705	3.80659	7.83914049266667	14.8749801021594	40.7370001366602	-26.5926617238212	GeoB25202	interglacial_like	0.450239481276987	FALSE	FALSE	FALSE	FALSE	FALSE	FALSE	FALSE	FALSE	FALSE	FALSE	536346	512	4.8288529817183	512	0	0	adequate_depth	14.8749801021594	40.7370001366602	-26.5926617238212	[80,90)	other	(71.3,95.4]	FALSE
LV7008886744	GeoB25202_R1		209.5	5.62029120681951	417148	52.79	7.68901334954828	7.32888158599926	42	43	430	4.62624744378642	105.5785	3.936775	8.648961519375	39.1582520057539	33.7600714658716	-15.6962258127462	GeoB25202	interglacial_like	0.436383403295375	FALSE	FALSE	FALSE	FALSE	FALSE	FALSE	FALSE	FALSE	FALSE	FALSE	417148	430	4.62624744378642	430	0	0	adequate_depth	39.1582520057539	33.7600714658716	-15.6962258127462	[100,110)	90-110 kya	(95.4,148]	FALSE
LV7008886745	GeoB25202_R2		240.5	5.17573499149085	149876	11.25	7.95301724481487	6.75284888696593	46.7	49.6	265	4.44350428943579	136.2775	4.81445	10.5709554267778	49.6625290764413	-2.30274721882236	-2.63731759669024	GeoB25202	glacial_like	0.0630712691651896	FALSE	FALSE	FALSE	TRUE	FALSE	FALSE	FALSE	TRUE	FALSE	FALSE	149876	265	4.44350428943579	265	0	0	adequate_depth	49.6625290764413	-2.30274721882236	-2.63731759669024	[130,140)	other	(95.4,148]	FALSE
LV7008886751	GeoB25202_R1		38.5	5.74471298921875	555536	84.76	8.22362761632251	7.60395583138504	43.1	44.4	552	4.90063183188987	7.1335	3.376675	6.13742853745238	-2.57526390578406	-23.2614125701556	-6.83839351085836	GeoB25202	interglacial_like	0.24006464602775	FALSE	FALSE	FALSE	FALSE	FALSE	FALSE	FALSE	FALSE	FALSE	FALSE	555536	552	4.90063183188987	552	0	0	adequate_depth	-2.57526390578406	-23.2614125701556	-6.83839351085836	[0,10)	other	[0.692,19.1]	FALSE
LV7008886752	GeoB25202_R2		119.5	5.58041743238211	380554	26.14	8.34881468443	7.42934158879657	57.3	61.2	491	5.05264546243521	43.105	4.4621	8.3026120984	-1.08868707405842	-8.22982918216202	-30.0218499883353	GeoB25202	glacial_like	0.12037239182923	FALSE	FALSE	FALSE	FALSE	FALSE	FALSE	FALSE	FALSE	FALSE	FALSE	380554	491	5.05264546243521	491	0	0	adequate_depth	-1.08868707405842	-8.22982918216202	-30.0218499883353	[40,50)	40-60 kya	(33.4,50.5]	FALSE
LV7008886753	GeoB25202_R2		155.5	5.26367630109068	183516	24.03	8.11124352126373	6.98361212609747	43.9	47.9	313	4.97200014016842	58.997	4.43018	9.918947659625	37.5054146507159	11.9458853090344	2.62861327499195	GeoB25202	glacial_like	0.0745364257379404	FALSE	FALSE	FALSE	FALSE	FALSE	FALSE	FALSE	FALSE	FALSE	FALSE	183516	313	4.97200014016842	313	0	0	adequate_depth	37.5054146507159	11.9458853090344	2.62861327499195	[50,60)	40-60 kya	(50.5,71.3]	FALSE
LV7008886754	GeoB25202_R1		173.5	6.05530798220513	1135815	93.18	7.98091354879309	7.58824401198085	45.2	46.3	933	5.59716456725788	71.8895	4.211105	10.5567572325	-66.9232872805893	56.4195071932224	5.54422552553808	GeoB25202	glacial_like	0.40488385236276	FALSE	FALSE	FALSE	FALSE	FALSE	FALSE	FALSE	FALSE	FALSE	FALSE	1135815	933	5.59716456725788	933	0	0	adequate_depth	-66.9232872805893	56.4195071932224	5.54422552553808	[70,80)	other	(71.3,95.4]	FALSE
LV7008886755	GeoB25202_R2		189.5	5.80364417706739	636273	58.83	7.74322793847916	7.38854784733442	44.5	45.1	630	5.03278574728939	81.6705	3.80659	7.83914049266667	-6.43577495486233	55.6015726515102	-23.8208940162903	GeoB25202	interglacial_like	0.441895825559038	FALSE	FALSE	FALSE	FALSE	FALSE	FALSE	FALSE	FALSE	FALSE	FALSE	636273	630	5.03278574728939	630	0	0	adequate_depth	-6.43577495486233	55.6015726515102	-23.8208940162903	[80,90)	other	(71.3,95.4]	FALSE
LV7008886756	GeoB25202_R2		209.5	5.61769528539364	414662	62.05	7.72008248025816	7.27310942687438	43.1	44.3	493	4.96069583130431	105.5785	3.936775	8.648961519375	22.2027554390686	33.9804577119981	-27.5345590147235	GeoB25202	interglacial_like	0.357294994259273	FALSE	FALSE	FALSE	FALSE	FALSE	FALSE	FALSE	FALSE	FALSE	FALSE	414662	493	4.96069583130431	493	0	0	adequate_depth	22.2027554390686	33.9804577119981	-27.5345590147235	[100,110)	90-110 kya	(95.4,148]	FALSE
LV7008886757	GeoB25202_R1		227.5	4.61532918738783	41240	7.44	7.78502340693055	6.45410776284002	49.7	54	97	3.84135451533403	123.1195	3.120315	15.0483957938462	89.1827954247172	-13.0237346222484	23.2954053456135	GeoB25202	interglacial_like	0.0466749875084023	TRUE	TRUE	TRUE	TRUE	TRUE	TRUE	TRUE	TRUE	TRUE	TRUE	41240	97	3.84135451533403	97	0	0	low_diversity_but_saturated	89.1827954247172	-13.0237346222484	23.2954053456135	[120,130)	other	(95.4,148]	FALSE
LV7008886763	GeoB25202_R2		38.5	5.46275876170626	290240	37.96	8.18696504950524	7.54666717216855	44.3	46.4	323	4.36617471261151	7.1335	3.376675	6.13742853745238	44.5742169669566	-21.8043501896042	7.92456515493543	GeoB25202	interglacial_like	0.228929686293353	FALSE	FALSE	FALSE	FALSE	FALSE	FALSE	FALSE	FALSE	FALSE	FALSE	290240	323	4.36617471261151	323	0	0	adequate_depth	44.5742169669566	-21.8043501896042	7.92456515493543	[0,10)	other	[0.692,19.1]	FALSE
LV7008886765	GeoB25202_R1		149.5	5.60798014831692	405489	42.2	8.12703409335713	7.46566588350838	51.4	54.5	549	5.21668099168653	58.181	4.47914	7.16758002833333	-8.2795209019892	-2.22697205724196	-29.0171703536462	GeoB25202	glacial_like	0.218088004401611	FALSE	FALSE	FALSE	FALSE	FALSE	FALSE	FALSE	FALSE	FALSE	FALSE	405489	549	5.21668099168653	549	0	0	adequate_depth	-8.2795209019892	-2.22697205724196	-29.0171703536462	[50,60)	40-60 kya	(50.5,71.3]	FALSE
LV7008886766	GeoB25202_R2		173.5	6.07432300955226	1186650	126.44	7.89746884733528	7.59202072768276	43.7	44.9	900	5.4589647578697	71.8895	4.211105	10.5567572325	-62.9415102926921	60.5418442459583	4.78765132813873	GeoB25202	glacial_like	0.494939225896969	FALSE	FALSE	FALSE	FALSE	FALSE	FALSE	FALSE	FALSE	FALSE	FALSE	1186650	900	5.4589647578697	900	0	0	adequate_depth	-62.9415102926921	60.5418442459583	4.78765132813873	[70,80)	other	(71.3,95.4]	FALSE
LV7008886768	GeoB25202_R1		205.5	5.79634533166474	625669	82.16	7.84531218124984	7.39368617545801	44	45.4	669	5.29570283054352	102.2955	3.86591	7.669916553875	-19.1508839896214	50.8956139202108	-23.1991501592669	GeoB25202	interglacial_like	0.353487436474725	FALSE	FALSE	FALSE	FALSE	FALSE	FALSE	FALSE	FALSE	FALSE	FALSE	625669	669	5.29570283054352	669	0	0	adequate_depth	-19.1508839896214	50.8956139202108	-23.1991501592669	[100,110)	90-110 kya	(95.4,148]	FALSE
LV7008886769	GeoB25202_R2		227.5	5.05232834986261	112804	14.6	7.9147650112889	6.78176355797553	49.9	54.2	187	4.38099130928001	123.1195	3.120315	15.0483957938462	72.8088576092394	-15.885977761508	11.5273648387243	GeoB25202	interglacial_like	0.0736204521145884	FALSE	FALSE	FALSE	TRUE	FALSE	TRUE	FALSE	TRUE	TRUE	FALSE	112804	187	4.38099130928001	187	0	0	low_diversity_but_saturated	72.8088576092394	-15.885977761508	11.5273648387243	[120,130)	other	(95.4,148]	FALSE
LV7008886776	GeoB25202_R1		105.5	5.90345409881058	800670	70.05	8.18458544151618	7.61704494318164	56	58.3	829	5.70399081923291	36.607	4.45607	9.28041102375	-67.1308547195354	-12.1321438537908	-3.40477363104884	GeoB25202	glacial_like	0.270682073110335	FALSE	FALSE	FALSE	FALSE	FALSE	FALSE	FALSE	FALSE	FALSE	FALSE	800670	829	5.70399081923291	829	0	0	adequate_depth	-67.1308547195354	-12.1321438537908	-3.40477363104884	[30,40)	other	(33.4,50.5]	FALSE
LV7008886777	GeoB25202_R2		149.5			0.08							58.181	4.47914	7.16758002833333				GeoB25202	glacial_like																						[50,60)	40-60 kya	(50.5,71.3]	FALSE
LV7008886778	GeoB25202_R1		167.5	6.02920434047086	1069557	72.83	7.85906544023652	7.50907053322555	47.2	48	840	5.36535063361141	68.149	4.42745	8.09207392775	-52.1557300436086	61.1761422041888	-7.4033325168665	GeoB25202	glacial_like	0.446688822804033	FALSE	FALSE	FALSE	FALSE	FALSE	FALSE	FALSE	FALSE	FALSE	FALSE	1069557	840	5.36535063361141	840	0	0	adequate_depth	-52.1557300436086	61.1761422041888	-7.4033325168665	[60,70)	other	(50.5,71.3]	FALSE
LV7008886780	GeoB25202_R2		205.5	5.95032200706702	891911	96.96	7.95729628408626	7.5146659788839	44.1	45.2	789	5.38299105738129	102.2955	3.86591	7.669916553875	-43.8758376418196	50.975735680661	-15.3600596516674	GeoB25202	interglacial_like	0.360885710565617	FALSE	FALSE	FALSE	FALSE	FALSE	FALSE	FALSE	FALSE	FALSE	FALSE	891911	789	5.38299105738129	789	0	0	adequate_depth	-43.8758376418196	50.975735680661	-15.3600596516674	[100,110)	90-110 kya	(95.4,148]	FALSE
LV7008886781	GeoB25202_R1		223.5	4.39557099712082	24863	10.9	7.01763955023627	6.21594698382105	51.1	53.5	66	3.63057435440158	120.0235	3.269765	15.13774048625	92.6388398394822	-13.1643449424513	28.4762144830833	GeoB25202	interglacial_like	0.157872763484384	TRUE	TRUE	TRUE	TRUE	TRUE	TRUE	TRUE	TRUE	TRUE	TRUE	24863	66	3.63057435440158	66	0	0	low_diversity_but_saturated	92.6388398394822	-13.1643449424513	28.4762144830833	[120,130)	other	(95.4,148]	FALSE
