state	module	index	analysis_set	n	median_centered	mean_centered	p_value	status	q_value	direction
3	leiden1	OAP	include_grey	32	60.9800793959379	41.8884280459734	0.0171202595759901	ok	0.0277185155039839	enriched
3	leiden2	OAP	include_grey	32	98.3604949533529	122.242489666049	8.34288912027683e-07	ok	2.57871118263102e-06	enriched
3	leiden3	OAP	include_grey	32	92.0663864961283	75.6764337828919	0.000152762397228616	ok	0.000288551194765163	enriched
3	leiden4	OAP	include_grey	32	-47.258791145564	-28.9447785350775	0.0293742997448304	ok	0.0434228778836623	depleted
3	grey	OAP	include_grey	31	46.3062995353047	-9.108991672763	0.746435497338403	ok	0.769054754833506	no_call
3	leiden5	OAP	include_grey	32	-233.456127980535	-224.847099185446	8.34288912027683e-07	ok	2.57871118263102e-06	depleted
3	leiden6	OAP	include_grey	24	16.0647334924365	30.4118158781306	0.247213999419846	ok	0.300188427866956	no_call
1	leiden3	OAP	include_grey	60	29.8967240042376	30.1612962926513	0.0318803772790539	ok	0.0451638678119931	enriched
1	leiden4	OAP	include_grey	60	-102.724661104607	-99.4786590076588	5.17540092611361e-09	ok	6.64592126118016e-08	depleted
1	leiden1	OAP	include_grey	60	60.0568252480401	82.3890750219412	4.41602127148369e-08	ok	3.00289446460891e-07	enriched
1	leiden2	OAP	include_grey	60	93.9687449450547	104.935339949568	2.26770415822908e-10	ok	7.71019413797887e-09	enriched
1	leiden6	OAP	include_grey	48	120.342921659344	79.6216972661277	0.0118029410480155	ok	0.0200649997816263	enriched
1	grey	OAP	include_grey	59	58.3964624666138	27.7576075060137	0.0257191153541983	ok	0.0397477237292155	enriched
1	leiden5	OAP	include_grey	59	-192.381940670947	-212.541753339306	9.45448531916812e-09	ok	8.03631252129291e-08	depleted
2	leiden4	OAP	include_grey	39	-40.3968598683437	-33.4638727632441	0.104001304285487	ok	0.141441773828263	no_call
2	leiden3	OAP	include_grey	39	-35.7374177745647	-36.928239878001	0.129996098212404	ok	0.169994897662374	no_call
2	leiden2	OAP	include_grey	38	302.394606618435	289.704661499626	9.45817607908727e-08	ok	4.59397123841382e-07	enriched
5	leiden1	OAP	include_grey	35	96.2802913383193	97.274916478386	3.66226511425751e-07	ok	1.38352237649728e-06	enriched
5	leiden4	OAP	include_grey	35	-69.4116060746806	-74.0338105088888	1.84269263293643e-05	ok	4.19631230669982e-05	depleted
5	leiden2	OAP	include_grey	35	107.255132271311	111.245257067562	2.58769141670957e-07	ok	1.09976885210157e-06	enriched
5	leiden6	OAP	include_grey	35	-49.0363551320206	-40.8051192457705	0.00856735253037497	ok	0.0153310518964605	depleted
5	leiden3	OAP	include_grey	35	25.6062570645308	16.0417597599676	0.363327726597275	ok	0.411771423476912	no_call
5	grey	OAP	include_grey	33	33.6359287111035	-30.3161936154791	0.381289059671392	ok	0.418188000929914	no_call
5	leiden5	OAP	include_grey	35	-101.566401661551	-81.1391638566616	1.98326328291524e-05	ok	4.21443447619488e-05	depleted
2	leiden1	OAP	include_grey	34	167.967083240469	65.7924386657804	0.160940857588514	ok	0.202666265111462	no_call
2	leiden5	OAP	include_grey	36	-343.474585680588	-276.291897226483	2.53471548093479e-06	ok	7.18169386264856e-06	depleted
2	grey	OAP	include_grey	29	-46.6191278000747	-45.8693637054891	0.260840632464634	ok	0.305813155303364	no_call
4	leiden4	OAP	include_grey	48	-56.5869553701166	-76.1864031229299	3.4658171221206e-06	ok	9.0644447809308e-06	depleted
4	leiden1	OAP	include_grey	48	86.6187028130004	77.9270489326643	1.8513142529558e-05	ok	4.19631230669982e-05	enriched
4	leiden2	OAP	include_grey	48	117.33532643142	113.70846110841	5.86404817162955e-09	ok	6.64592126118016e-08	enriched
4	leiden5	OAP	include_grey	46	-179.007934616084	-179.776628988347	5.30310831901527e-08	ok	3.00509471410865e-07	depleted
4	leiden6	OAP	include_grey	43	120.158713079989	105.229691942779	6.92940333652314e-05	ok	0.000138588066730463	enriched
4	leiden3	OAP	include_grey	48	-19.2102368019328	-8.94126439866367	0.521500547516428	ok	0.554094331736205	no_call
4	grey	OAP	include_grey	36	43.9730575110265	-37.9868961391836	0.795462039288642	ok	0.795462039288642	no_call
2	leiden6	OAP	include_grey	5	178.102116892816	155.258437799764		insufficient_n		no_call
3	leiden1	MGI	include_grey	32	-1.53165425427787	1.09384983883611	0.919080601875762	ok	1	no_call
3	leiden2	MGI	include_grey	32	-1.70508105946115	-1.63428097273992	8.80366976890794e-06	ok	5.94247709401286e-05	depleted
3	leiden3	MGI	include_grey	32	-1.70508105946115	-1.63428097273992	8.80366976890794e-06	ok	5.94247709401286e-05	depleted
3	leiden4	MGI	include_grey	32	-1.70508105946115	-1.63428097273992	8.80366976890794e-06	ok	5.94247709401286e-05	depleted
3	grey	MGI	include_grey	32	-1.70508105946115	-1.63428097273992	8.80366976890794e-06	ok	5.94247709401286e-05	depleted
3	leiden5	MGI	include_grey	32	9.08419520282731	6.60546614759174	1.76865143677082e-05	ok	9.55071775856243e-05	enriched
3	leiden6	MGI	include_grey	24	-1.61504915752399	-1.54958946062425	0.000214092025846018	ok	0.000963414116307082	depleted
1	leiden3	MGI	include_grey	60	0	-0.0272348829524695	1	ok	1	no_call
1	leiden4	MGI	include_grey	60	0	-0.0272348829524695	1	ok	1	no_call
1	leiden1	MGI	include_grey	60	0	-0.0272348829524695	1	ok	1	no_call
1	leiden2	MGI	include_grey	60	0	-0.0272348829524695	1	ok	1	no_call
1	leiden6	MGI	include_grey	51	0	-0.0320410387676112	1	ok	1	no_call
1	grey	MGI	include_grey	59	0	-0.0276964911381046	1	ok	1	no_call
1	leiden5	MGI	include_grey	59	0	0.166178946828627	1	ok	1	no_call
2	leiden4	MGI	include_grey	39	0	-0.136970742983233	0.371093369522698	ok	0.677831905917742	no_call
2	leiden3	MGI	include_grey	39	0	-0.136970742983233	0.371093369522698	ok	0.677831905917742	no_call
2	leiden2	MGI	include_grey	38	0	-0.0640855926489646	1	ok	1	no_call
5	leiden1	MGI	include_grey	35	0	0.722153998671709	0.401678166469773	ok	0.677831905917742	no_call
5	leiden4	MGI	include_grey	35	0	-0.303594813204479	0.0360316862182336	ok	0.0884414116265733	no_call
5	leiden2	MGI	include_grey	35	0	-0.303594813204479	0.0360316862182336	ok	0.0884414116265733	no_call
5	leiden6	MGI	include_grey	35	0	-0.303594813204479	0.0360316862182336	ok	0.0884414116265733	no_call
5	leiden3	MGI	include_grey	35	0	-0.303594813204479	0.0360316862182336	ok	0.0884414116265733	no_call
5	grey	MGI	include_grey	34	0	-0.312524072416375	0.0360316862182336	ok	0.0884414116265733	no_call
5	leiden5	MGI	include_grey	35	0	0.795820067350685	0.401678166469773	ok	0.677831905917742	no_call
2	leiden1	MGI	include_grey	34	0	-0.157113499304297	0.371093369522698	ok	0.677831905917742	no_call
2	leiden5	MGI	include_grey	36	0	0.255310369502252	1	ok	1	no_call
2	grey	MGI	include_grey	29	0	0.319643315435098	1	ok	1	no_call
2	leiden6	MGI	include_grey	7	0	0		insufficient_n		no_call
4	leiden4	MGI	include_grey	48	0	0		ok		no_call
4	leiden1	MGI	include_grey	48	0	0		ok		no_call
4	leiden2	MGI	include_grey	48	0	0		ok		no_call
4	leiden5	MGI	include_grey	46	0	0		ok		no_call
4	leiden6	MGI	include_grey	43	0	0		ok		no_call
4	leiden3	MGI	include_grey	48	0	0		ok		no_call
4	grey	MGI	include_grey	37	0	0		ok		no_call
3	leiden1	MFI	include_grey	32	0.273450211127777	-2.15682466783171	0.259826483892312	ok	0.339773094320715	no_call
3	leiden2	MFI	include_grey	32	0.449297469036604	0.571306143744316	0.00230935745216598	ok	0.0196295383434108	enriched
3	leiden3	MFI	include_grey	32	0.449297469036604	0.571306143744316	0.00230935745216598	ok	0.0196295383434108	enriched
3	leiden4	MFI	include_grey	32	0.449297469036604	0.571306143744316	0.00230935745216598	ok	0.0196295383434108	enriched
3	grey	MFI	include_grey	32	0.449297469036604	0.571306143744316	0.00230935745216598	ok	0.0196295383434108	enriched
3	leiden5	MFI	include_grey	32	-1.48006104715866	-0.537345954760469	0.138996275759779	ok	0.193410009033494	no_call
3	leiden6	MFI	include_grey	24	0.407754051234789	0.545261396819891	0.0143490767816456	ok	0.0975737221151899	no_call
1	leiden3	MFI	include_grey	60	0	-0.10721395033074	0.142213241936393	ok	0.193410009033494	no_call
1	leiden4	MFI	include_grey	60	0	-0.10721395033074	0.142213241936393	ok	0.193410009033494	no_call
1	leiden1	MFI	include_grey	60	0	-0.10721395033074	0.142213241936393	ok	0.193410009033494	no_call
1	leiden2	MFI	include_grey	60	0	-0.10721395033074	0.142213241936393	ok	0.193410009033494	no_call
1	leiden6	MFI	include_grey	51	0	-0.126134059212635	0.142213241936393	ok	0.193410009033494	no_call
1	grey	MFI	include_grey	59	0	-0.109031135929566	0.142213241936393	ok	0.193410009033494	no_call
1	leiden5	MFI	include_grey	59	0	0.654186815577395	0.142213241936393	ok	0.193410009033494	no_call
2	leiden4	MFI	include_grey	39	0	0.07793153310821	0.422678074170636	ok	0.47903515072672	no_call
2	leiden3	MFI	include_grey	39	0	0.07793153310821	0.422678074170636	ok	0.47903515072672	no_call
2	leiden2	MFI	include_grey	38	0	0.00714085727533725	1	ok	1	no_call
5	leiden1	MFI	include_grey	35	0	-0.842490691855846	0.293621543928906	ok	0.369745647910474	no_call
5	leiden4	MFI	include_grey	35	0	0.183258120020342	0.0800579199844347	ok	0.193410009033494	no_call
5	leiden2	MFI	include_grey	35	0	0.183258120020342	0.0800579199844347	ok	0.193410009033494	no_call
5	leiden6	MFI	include_grey	35	0	0.183258120020342	0.0800579199844347	ok	0.193410009033494	no_call
5	leiden3	MFI	include_grey	35	0	0.183258120020342	0.0800579199844347	ok	0.193410009033494	no_call
5	grey	MFI	include_grey	34	0	0.188648064726822	0.0800579199844347	ok	0.193410009033494	no_call
5	leiden5	MFI	include_grey	35	0	-0.0737999082458619	0.944182513250483	ok	1	no_call
2	leiden1	MFI	include_grey	34	0	0.0893920526829468	0.422678074170636	ok	0.47903515072672	no_call
2	leiden5	MFI	include_grey	36	0	0.041380475119879	1	ok	1	no_call
2	grey	MFI	include_grey	29	0	-0.375139277739277	0.789268026134281	ok	0.865648802856954	no_call
2	leiden6	MFI	include_grey	7	0	0		insufficient_n		no_call
4	leiden4	MFI	include_grey	48	0	-0.13578824005396	0.100348246462291	ok	0.193410009033494	no_call
4	leiden1	MFI	include_grey	48	0	-0.13578824005396	0.100348246462291	ok	0.193410009033494	no_call
4	leiden2	MFI	include_grey	48	0	-0.13578824005396	0.100348246462291	ok	0.193410009033494	no_call
4	leiden5	MFI	include_grey	46	0	0.850152459468271	0.100348246462291	ok	0.193410009033494	no_call
4	leiden6	MFI	include_grey	43	0	-0.151577570292793	0.100348246462291	ok	0.193410009033494	no_call
4	leiden3	MFI	include_grey	48	0	-0.13578824005396	0.100348246462291	ok	0.193410009033494	no_call
4	grey	MFI	include_grey	37	0	-0.176157716826759	0.100348246462291	ok	0.193410009033494	no_call
3	leiden1	DCI	include_grey	32	1.47249196864927	0.663290743559843	0.0388064986482967	ok	0.0659710477021044	no_call
3	leiden2	DCI	include_grey	32	2.69903845319369	2.60227190359291	7.08168084004665e-05	ok	0.000401295247602644	enriched
3	leiden3	DCI	include_grey	32	1.4632742714218	-0.200039992091827	0.257934794711997	ok	0.302406311041651	no_call
3	leiden4	DCI	include_grey	32	1.65312315619408	0.993525953424092	0.0529485538276133	ok	0.085726230006612	no_call
3	grey	DCI	include_grey	32	-7.75262063412671	-1.15062689199429	0.494915698265862	ok	0.560904458034643	no_call
3	leiden5	DCI	include_grey	32	0.57755895445163	0.134582603450847	0.227786022140464	ok	0.276597312599135	no_call
3	leiden6	DCI	include_grey	24	-0.562605550407143	-4.05733909325543	0.0696337497749372	ok	0.102936847493385	no_call
1	leiden3	DCI	include_grey	60	1.41143741240389	1.68071478930563	0.0010127675003413	ok	0.00313037227378221	enriched
1	leiden4	DCI	include_grey	60	0.736470788351268	1.10274811025912	0.00066226739572707	ok	0.00225170914547204	enriched
1	leiden1	DCI	include_grey	60	0.220241710896238	-0.481934064806616	0.645444309442853	ok	0.705769982947585	no_call
1	leiden2	DCI	include_grey	60	1.67493381531281	1.21862097759623	0.00035149067145272	ok	0.00132785364771028	enriched
1	leiden6	DCI	include_grey	51	-0.706214560319094	-2.49989256608111	0.0564558053677022	ok	0.0872498810228125	no_call
1	grey	DCI	include_grey	59	1.09799600721629	0.831206613256219	0.00931483415450597	ok	0.0186296683090119	enriched
1	leiden5	DCI	include_grey	59	-2.56426880402288	-2.2500958992075	0.00481481566462585	ok	0.0109135821731519	depleted
2	leiden4	DCI	include_grey	39	-0.642576075184777	-2.32825895060912	0.0139439151698106	ok	0.0263385064318645	depleted
2	leiden3	DCI	include_grey	39	2.41319918354145	2.86243342175636	6.81566076974871e-05	ok	0.000401295247602644	enriched
2	leiden2	DCI	include_grey	38	1.71229812992517	-0.126374962074413	0.931141958770873	ok	0.931141958770873	no_call
5	leiden1	DCI	include_grey	35	1.92094521086466	1.52722197783379	0.00311217511163411	ok	0.00755813955682569	enriched
5	leiden4	DCI	include_grey	35	2.48863568235358	2.16679462688023	1.01394025207311e-05	ok	0.000114913228568286	enriched
5	leiden2	DCI	include_grey	35	4.35145336704958	3.96952634960831	2.58769141670957e-07	ok	4.39907540840628e-06	enriched
5	leiden6	DCI	include_grey	35	1.28356394599807	1.29545764626996	0.000159755939104318	ok	0.000678962741193351	enriched
5	leiden3	DCI	include_grey	35	1.47466874693807	0.377558086479616	0.664254101597727	ok	0.705769982947585	no_call
5	grey	DCI	include_grey	34	-7.36766093117146	-3.78991142258545	0.00116081340171568	ok	0.00328897130486108	depleted
5	leiden5	DCI	include_grey	35	-7.52403634095855	-5.6549304479889	1.7116454388431e-05	ok	0.000145489862301663	depleted
2	leiden1	DCI	include_grey	34	1.90159410029627	0.943976468987341	0.0224305157778913	ok	0.0401388177078056	enriched
2	leiden5	DCI	include_grey	36	0	-1.75994746197537	0.163411033853427	ok	0.222239006040661	no_call
2	grey	DCI	include_grey	29	1.896290551379	0.880728843143969	0.207196298172298	ok	0.260913856957708	no_call
2	leiden6	DCI	include_grey	7	1.88999777402803	-1.47268336879228		insufficient_n		no_call
4	leiden4	DCI	include_grey	48	1.08166753370098	1.16794486410521	0.00260993209988593	ok	0.00682597626124011	enriched
4	leiden1	DCI	include_grey	48	0.797698004555969	-1.01192500765887	0.897985307750873	ok	0.925196983743324	no_call
4	leiden2	DCI	include_grey	48	2.84455879088711	3.1236432614127	1.21569271717677e-08	ok	4.13335523840103e-07	enriched
4	leiden5	DCI	include_grey	46	-7.57128251872938	-5.03951468018473	9.18068194967876e-05	ok	0.000445918837555825	depleted
4	leiden6	DCI	include_grey	43	2.18606917231	1.02862593071315	0.182111374646139	ok	0.238145643768028	no_call
4	leiden3	DCI	include_grey	48	0.244094345614925	-1.17662779694352	0.135613359259824	ok	0.192118925618084	no_call
4	grey	DCI	include_grey	37	2.55011003472154	2.34165040172669	0.00828815668059043	ok	0.0176123329462547	enriched
3	leiden1	MII	include_grey	32	0.018688916069076	-0.023932359990409	0.257934794711997	ok	0.324806778526218	no_call
3	leiden2	MII	include_grey	32	-0.471363530107806	-0.277729925352041	0.00548982038267274	ok	0.0233317366263591	depleted
3	leiden3	MII	include_grey	32	-0.658846458843484	-0.0250372552286488	0.137129548809085	ok	0.194266860812871	no_call
3	leiden4	MII	include_grey	32	-0.421198422261882	-0.103821791229084	0.0506965804016561	ok	0.0907201965082266	no_call
3	grey	MII	include_grey	32	0.516198329077674	-0.523014615583642	0.0772198866743199	ok	0.129233028253587	no_call
3	leiden5	MII	include_grey	32	0.316416540573318	0.385915260902677	0.0293742997448304	ok	0.0711140422683234	no_call
3	leiden6	MII	include_grey	24	1.20558350096118	0.756827581974864	0.000417809173819042	ok	0.00473517063661581	enriched
1	leiden3	MII	include_grey	60	0.320558989517144	0.453677874063388	0.0440727315997003	ok	0.0832484930216561	no_call
1	leiden4	MII	include_grey	60	-0.267958403160119	0.426889526980255	0.134110853213962	ok	0.194266860812871	no_call
1	leiden1	MII	include_grey	60	0.756297352974682	1.06830749786612	8.18837480353509e-08	ok	2.78404743320193e-06	enriched
1	leiden2	MII	include_grey	60	0.134025650852364	0.589183605220651	0.0116905829407963	ok	0.0364818177847751	enriched
1	leiden6	MII	include_grey	51	0.848069696132647	-1.73224016644889	0.988781952873144	ok	0.988781952873144	no_call
1	grey	MII	include_grey	59	0.590380222234777	-0.957851833300097	0.203432122986982	ok	0.266026622367592	no_call
1	leiden5	MII	include_grey	59	0.371802545441179	-0.12586446769874	0.110400203657919	ok	0.170618496562239	no_call
2	leiden4	MII	include_grey	39	0.211248196443989	-0.0283482621615944	0.489708584707462	ok	0.528287843627846	no_call
2	leiden3	MII	include_grey	39	2.00429234286187	1.66307042639852	0.00129707102627768	ok	0.00882008297868822	enriched
2	leiden2	MII	include_grey	38	1.29021574024084	0.701287126430116	0.0188052772654256	ok	0.0527611470883911	no_call
5	leiden1	MII	include_grey	35	0.00126646101670502	0.238170332160098	0.354746658847169	ok	0.411771423476912	no_call
5	leiden4	MII	include_grey	35	-0.642838098284455	-0.468633164396948	0.00522792124705726	ok	0.0233317366263591	depleted
5	leiden2	MII	include_grey	35	-0.457535653167757	-0.241473975098633	0.0414297416563663	ok	0.0828594833127325	no_call
5	leiden6	MII	include_grey	35	1.16012687775468	1.48261101469337	1.29815121129788e-06	ok	2.2068570592064e-05	enriched
5	leiden3	MII	include_grey	35	-0.50300342035709	-0.616703875095544	0.14718288871703	ok	0.200168728655161	no_call
5	grey	MII	include_grey	34	0.335047949962555	-0.418484312609495	0.0402103209996616	ok	0.0828594833127325	no_call
5	leiden5	MII	include_grey	35	0.0153374823209467	0.0125572857011684	0.363327726597275	ok	0.411771423476912	no_call
2	leiden1	MII	include_grey	34	0.683976226832886	-0.998522365781105	0.771326085320784	ok	0.794699603057778	no_call
2	leiden5	MII	include_grey	36	0.00284542839418633	-2.41020044859701	0.0798203998036864	ok	0.129233028253587	no_call
2	grey	MII	include_grey	29	2.07947712096462	1.51448722739663	0.000686680701191712	ok	0.00583678596012955	enriched
2	leiden6	MII	include_grey	7	0.982373710606726	-1.94374688829102		insufficient_n		no_call
4	leiden4	MII	include_grey	48	0.0948226529176861	0.26776847506205	0.279223419701471	ok	0.3390570096375	no_call
4	leiden1	MII	include_grey	48	0.679538825567755	0.49563195762326	0.00487132756190232	ok	0.0233317366263591	enriched
4	leiden2	MII	include_grey	48	0.00688854865875488	0.610061061144022	0.0201733797690907	ok	0.0527611470883911	no_call
4	leiden5	MII	include_grey	46	0.495047722161719	-0.046147305601705	0.0313738421772015	ok	0.0711140422683234	no_call
4	leiden6	MII	include_grey	43	1.34721426508363	0.0874683628954886	0.00833038881452363	ok	0.0314703577437559	enriched
4	leiden3	MII	include_grey	48	0.66404163707043	0.604487305123968	0.0118029410480155	ok	0.0364818177847751	enriched
4	grey	MII	include_grey	37	0.154387341399315	-2.61026772693476	0.497212088120326	ok	0.528287843627846	no_call
3	leiden1	SRPI	include_grey	32	0.208028029074904	0.44652681469349	0.00581395442138468	ok	0.0089852022875945	enriched
3	leiden2	SRPI	include_grey	32	-0.0182606017231184	0.109378306367928	0.844344941193497	ok	0.869931151532694	no_call
3	leiden3	SRPI	include_grey	32	0.353645312460988	0.442712658270753	0.000560681266601015	ok	0.00112136253320203	enriched
3	leiden4	SRPI	include_grey	32	0.0699921267111064	0.220776683178739	0.274004111875618	ok	0.345042214954482	no_call
3	grey	SRPI	include_grey	32	-0.100248137354774	-0.330604679291111	0.518853685762041	ok	0.608311217789979	no_call
3	leiden5	SRPI	include_grey	32	0.682173746197122	0.711218985899957	2.69387283342094e-05	ok	6.54226259545085e-05	enriched
3	leiden6	SRPI	include_grey	24	-0.97773526331961	-2.13334502549301	1.94224739173131e-05	ok	5.07972394760496e-05	depleted
1	leiden3	SRPI	include_grey	60	0.685178167238219	0.766227408403896	7.82242510995495e-11	ok	2.65962453738468e-09	enriched
1	leiden4	SRPI	include_grey	60	0.877775547684503	0.681974031036988	1.3510743980977e-08	ok	1.14841323838304e-07	enriched
1	leiden1	SRPI	include_grey	60	0.447406212220696	0.464362337389504	4.32545537435965e-05	ok	9.80436551521521e-05	enriched
1	leiden2	SRPI	include_grey	60	0.437956173502272	0.505364636654755	1.11767588915249e-06	ok	4.75012252889809e-06	enriched
1	leiden6	SRPI	include_grey	51	-7.06955101494404	-4.52803989800293	5.30109746670603e-10	ok	9.01186569340025e-09	depleted
1	grey	SRPI	include_grey	59	1.02044243076267	0.71471685776145	6.94861970651145e-07	ok	3.37504385744842e-06	enriched
1	leiden5	SRPI	include_grey	59	0.965470193654409	0.740441277646026	2.71783854280851e-06	ok	9.24065104554895e-06	enriched
2	leiden4	SRPI	include_grey	39	0.183295770892263	0.596302970079225	0.00316252917295863	ok	0.0051202853276473	enriched
2	leiden3	SRPI	include_grey	39	0.856130938172398	1.2028893205717	8.71116834832536e-08	ok	5.92359447686124e-07	enriched
2	leiden2	SRPI	include_grey	38	-0.107185459256129	-0.404032858955328	0.816509733701217	ok	0.867541592057543	no_call
5	leiden1	SRPI	include_grey	35	-0.122990511433198	0.0168220906935912	0.372037513766156	ok	0.451759838144617	no_call
5	leiden4	SRPI	include_grey	35	0.0146831743632154	0.230482241278285	0.216226224747429	ok	0.282757370823561	no_call
5	leiden2	SRPI	include_grey	35	-0.161281099403271	0.0732024422888847	0.889274159096343	ok	0.889274159096343	no_call
5	leiden6	SRPI	include_grey	35	-0.443877042057462	-0.268818779408868	0.0179432968863018	ok	0.0265248736580113	depleted
5	leiden3	SRPI	include_grey	35	0.654645514986273	0.683119439319859	1.01394025207311e-05	ok	2.87283071420714e-05	enriched
5	grey	SRPI	include_grey	34	-0.535761164228236	-1.70444974783208	0.000270993347646532	ok	0.000575860863748881	depleted
5	leiden5	SRPI	include_grey	35	1.08038590289705	0.920943749436558	5.07673877533844e-06	ok	1.56917380328643e-05	enriched
2	leiden1	SRPI	include_grey	34	0.259897452273379	-0.984877175020164	0.719575027391125	ok	0.78921132036446	no_call
2	leiden5	SRPI	include_grey	36	-0.276483463103217	-0.124838505370111	0.643033275059094	ok	0.728771045066973	no_call
2	grey	SRPI	include_grey	29	1.15333108846998	0.924122964708126	0.000686680701191712	ok	0.00129706354669546	enriched
2	leiden6	SRPI	include_grey	7	-7.35706728186668	-6.23354378965852		insufficient_n		no_call
4	leiden4	SRPI	include_grey	48	0.197162218816447	0.520350083653849	0.00260993209988593	ok	0.00443688456980607	enriched
4	leiden1	SRPI	include_grey	48	0.327332540858855	0.435359035731479	0.00252313929753823	ok	0.00443688456980607	enriched
4	leiden2	SRPI	include_grey	48	0.0985555907011589	0.339455612653732	0.0213016756552505	ok	0.0301773738449381	enriched
4	leiden5	SRPI	include_grey	46	1.14338308473931	1.14410124246511	5.31034217872334e-07	ok	3.00919390127656e-06	enriched
4	leiden6	SRPI	include_grey	43	-0.896563867979314	-2.70390280915463	2.27475842883296e-06	ok	8.59353184225785e-06	depleted
4	leiden3	SRPI	include_grey	48	1.02894489284514	1.13711068600511	2.96704227361808e-09	ok	3.36264791010049e-08	enriched
4	grey	SRPI	include_grey	37	0.0403533983634268	-1.43540693042881	0.135295293675937	ok	0.184001599399275	no_call
3	leiden1	OAP	exclude_grey	32	59.7899156856944	39.0173224772605	0.0132265807738611	ok	0.016676993149651	enriched
3	leiden2	OAP	exclude_grey	32	109.009122395978	119.371384097336	8.34288912027683e-07	ok	2.41943784488028e-06	enriched
3	leiden3	OAP	exclude_grey	32	104.32628323062	72.805328214179	0.000141670049667449	ok	0.00022824619113089	enriched
3	leiden4	OAP	exclude_grey	32	-46.3170688101593	-31.8158841037904	0.00322868018860738	ok	0.0046815862734807	depleted
3	leiden5	OAP	exclude_grey	32	-231.713610287644	-227.718204754159	1.1099335898159e-06	ok	2.92618855496919e-06	depleted
3	leiden6	OAP	exclude_grey	24	27.7545647021866	37.7867387588976	0.119436571746115	ok	0.133217714639898	no_call
1	leiden3	OAP	exclude_grey	60	32.7556000609498	35.1864643805862	0.00831179538163609	ok	0.0114781936222594	enriched
1	leiden4	OAP	exclude_grey	60	-81.3690222508957	-94.4534909197239	3.46945646366948e-09	ok	3.3538079148805e-08	depleted
1	leiden1	OAP	exclude_grey	60	76.8161009060191	87.4142431098761	2.16215546363386e-08	ok	1.25405016890764e-07	enriched
1	leiden2	OAP	exclude_grey	60	105.664512787735	109.960508037503	1.62075623574555e-10	ok	4.70019308366211e-09	enriched
1	leiden6	OAP	exclude_grey	48	135.426644430139	82.4563256614665	0.00904653021514754	ok	0.0119249716472399	enriched
1	leiden5	OAP	exclude_grey	59	-165.922304804411	-207.531645902456	1.23409619651408e-08	ok	8.94719742472708e-08	depleted
2	leiden4	OAP	exclude_grey	39	-56.9304374314751	-40.932715576889	0.0707354293140085	ok	0.0820530980042499	no_call
2	leiden3	OAP	exclude_grey	39	-61.8230880727451	-44.3970826916458	0.0550081035734558	ok	0.066468125151259	no_call
2	leiden2	OAP	exclude_grey	38	282.039650550539	281.575961278424	8.73054435060908e-08	ok	3.61693980239519e-07	enriched
5	leiden1	OAP	exclude_grey	35	86.3573944600279	92.5109431959536	2.69722337863317e-06	ok	6.51828983169684e-06	enriched
5	leiden4	OAP	exclude_grey	35	-79.8397749628844	-78.7977837913213	3.42577501819932e-06	ok	7.0962482519843e-06	depleted
5	leiden2	OAP	exclude_grey	35	100.441671280553	106.481283785129	2.58769141670957e-07	ok	9.38038138557221e-07	enriched
5	leiden6	OAP	exclude_grey	35	-36.7556800316802	-45.5690925282029	0.00114894782237622	ok	0.00175365720257423	depleted
5	leiden3	OAP	exclude_grey	35	4.63551979531889	11.2777864775351	0.507103033167524	ok	0.507103033167524	no_call
5	leiden5	OAP	exclude_grey	35	-87.0454882637022	-85.903137139094	1.58950927033695e-05	ok	3.07305125598478e-05	depleted
2	leiden1	OAP	exclude_grey	34	181.119364410408	58.3778130702551	0.273877370848343	ok	0.283658705521498	no_call
2	leiden5	OAP	exclude_grey	36	-345.721709157829	-280.482102931397	2.95538969564609e-06	ok	6.59279239797975e-06	depleted
4	leiden4	OAP	exclude_grey	48	-59.6030058933762	-80.7831157469079	3.93942932498525e-07	ok	1.26937167138414e-06	depleted
4	leiden1	OAP	exclude_grey	48	87.9933916178769	73.3303363086863	4.9821323527415e-05	ok	9.03011488934396e-05	enriched
4	leiden2	OAP	exclude_grey	48	115.522444151669	109.111748484432	2.30885378688691e-09	ok	3.34783799098602e-08	enriched
4	leiden5	OAP	exclude_grey	46	-185.86682063357	-185.544375755845	4.14552288221866e-08	ok	2.00366939307235e-07	depleted
4	leiden6	OAP	exclude_grey	43	107.226051440387	100.121713200874	9.37406501124492e-05	ok	0.00015991052078006	enriched
4	leiden3	OAP	exclude_grey	48	-19.5985324867565	-13.5379770226416	0.261398554658363	ok	0.280761410558983	no_call
2	leiden6	OAP	exclude_grey	5	160.678905457605	148.097133006872		insufficient_n		no_call
3	leiden1	MGI	exclude_grey	32	-1.78692996332419	0.805733380803736	0.919080601875762	ok	1	no_call
3	leiden2	MGI	exclude_grey	32	-1.99416237072281	-1.92239743077229	8.80366976890794e-06	ok	6.45602449719915e-05	depleted
3	leiden3	MGI	exclude_grey	32	-1.99416237072281	-1.92239743077229	8.80366976890794e-06	ok	6.45602449719915e-05	depleted
3	leiden4	MGI	exclude_grey	32	-1.99416237072281	-1.92239743077229	8.80366976890794e-06	ok	6.45602449719915e-05	depleted
3	leiden5	MGI	exclude_grey	32	8.75350447977182	6.31734968955936	1.76865143677082e-05	ok	9.72758290223951e-05	enriched
3	leiden6	MGI	exclude_grey	24	-1.88422401711132	-1.80785437072829	0.000214092025846018	ok	0.00094200491372248	depleted
1	leiden3	MGI	exclude_grey	60	0	-0.0317740301112144	1	ok	1	no_call
1	leiden4	MGI	exclude_grey	60	0	-0.0317740301112144	1	ok	1	no_call
1	leiden1	MGI	exclude_grey	60	0	-0.0317740301112144	1	ok	1	no_call
1	leiden2	MGI	exclude_grey	60	0	-0.0317740301112144	1	ok	1	no_call
1	leiden6	MGI	exclude_grey	51	0	-0.0373812118955464	1	ok	1	no_call
1	leiden5	MGI	exclude_grey	59	0	0.161562864972277	1	ok	1	no_call
2	leiden4	MGI	exclude_grey	39	0	-0.0931604633232511	1	ok	1	no_call
2	leiden3	MGI	exclude_grey	39	0	-0.0931604633232511	1	ok	1	no_call
2	leiden2	MGI	exclude_grey	38	0	0		ok		no_call
5	leiden1	MGI	exclude_grey	35	0	0.671554863137629	0.401678166469773	ok	0.803356332939546	no_call
5	leiden4	MGI	exclude_grey	35	0	-0.354193948738559	0.0360316862182336	ok	0.0880774552001265	no_call
5	leiden2	MGI	exclude_grey	35	0	-0.354193948738559	0.0360316862182336	ok	0.0880774552001265	no_call
5	leiden6	MGI	exclude_grey	35	0	-0.354193948738559	0.0360316862182336	ok	0.0880774552001265	no_call
5	leiden3	MGI	exclude_grey	35	0	-0.354193948738559	0.0360316862182336	ok	0.0880774552001265	no_call
5	leiden5	MGI	exclude_grey	35	0	0.745220931816606	0.401678166469773	ok	0.803356332939546	no_call
2	leiden1	MGI	exclude_grey	34	0	-0.106860531459023	1	ok	1	no_call
2	leiden5	MGI	exclude_grey	36	0	0.302771505800566	1	ok	1	no_call
2	leiden6	MGI	exclude_grey	7	0	0		insufficient_n		no_call
4	leiden4	MGI	exclude_grey	48	0	0		ok		no_call
4	leiden1	MGI	exclude_grey	48	0	0		ok		no_call
4	leiden2	MGI	exclude_grey	48	0	0		ok		no_call
4	leiden5	MGI	exclude_grey	46	0	0		ok		no_call
4	leiden6	MGI	exclude_grey	43	0	0		ok		no_call
4	leiden3	MGI	exclude_grey	48	0	0		ok		no_call
3	leiden1	MFI	exclude_grey	32	0.324379920302673	-2.05619497400335	0.259826483892312	ok	0.342498546948957	no_call
3	leiden2	MFI	exclude_grey	32	0.531494917213064	0.671935837572682	0.00230935745216598	ok	0.0223237887042712	enriched
3	leiden3	MFI	exclude_grey	32	0.531494917213064	0.671935837572682	0.00230935745216598	ok	0.0223237887042712	enriched
3	leiden4	MFI	exclude_grey	32	0.531494917213064	0.671935837572682	0.00230935745216598	ok	0.0223237887042712	enriched
3	leiden5	MFI	exclude_grey	32	-1.42913133798376	-0.436716260932103	0.213359515727754	ok	0.294639331243088	no_call
3	leiden6	MFI	exclude_grey	24	0.47571305977392	0.636138296289873	0.0143490767816456	ok	0.10403080666693	no_call
1	leiden3	MFI	exclude_grey	60	0	-0.12508294205253	0.142213241936393	ok	0.206209200807769	no_call
1	leiden4	MFI	exclude_grey	60	0	-0.12508294205253	0.142213241936393	ok	0.206209200807769	no_call
1	leiden1	MFI	exclude_grey	60	0	-0.12508294205253	0.142213241936393	ok	0.206209200807769	no_call
1	leiden2	MFI	exclude_grey	60	0	-0.12508294205253	0.142213241936393	ok	0.206209200807769	no_call
1	leiden6	MFI	exclude_grey	51	0	-0.147156402414741	0.142213241936393	ok	0.206209200807769	no_call
1	leiden5	MFI	exclude_grey	59	0	0.636014959589134	0.142213241936393	ok	0.206209200807769	no_call
2	leiden4	MFI	exclude_grey	39	0	0.0256902779761603	1	ok	1	no_call
2	leiden3	MFI	exclude_grey	39	0	0.0256902779761603	1	ok	1	no_call
2	leiden2	MFI	exclude_grey	38	0	-0.0646855441414859	1	ok	1	no_call
5	leiden1	MFI	exclude_grey	35	0	-0.811947671852456	0.293621543928906	ok	0.370218468432099	no_call
5	leiden4	MFI	exclude_grey	35	0	0.213801140023732	0.0800579199844347	ok	0.206209200807769	no_call
5	leiden2	MFI	exclude_grey	35	0	0.213801140023732	0.0800579199844347	ok	0.206209200807769	no_call
5	leiden6	MFI	exclude_grey	35	0	0.213801140023732	0.0800579199844347	ok	0.206209200807769	no_call
5	leiden3	MFI	exclude_grey	35	0	0.213801140023732	0.0800579199844347	ok	0.206209200807769	no_call
5	leiden5	MFI	exclude_grey	35	0	-0.0432568882424716	0.833634883024682	ok	1	no_call
2	leiden1	MFI	exclude_grey	34	0	0.029468260031478	1	ok	1	no_call
2	leiden5	MFI	exclude_grey	36	0	-0.0152142179398415	1	ok	1	no_call
2	leiden6	MFI	exclude_grey	7	0	0		insufficient_n		no_call
4	leiden4	MFI	exclude_grey	48	0	-0.158419613396287	0.100348246462291	ok	0.206209200807769	no_call
4	leiden1	MFI	exclude_grey	48	0	-0.158419613396287	0.100348246462291	ok	0.206209200807769	no_call
4	leiden2	MFI	exclude_grey	48	0	-0.158419613396287	0.100348246462291	ok	0.206209200807769	no_call
4	leiden5	MFI	exclude_grey	46	0	0.82653711337193	0.100348246462291	ok	0.206209200807769	no_call
4	leiden6	MFI	exclude_grey	43	0	-0.176840498674925	0.100348246462291	ok	0.206209200807769	no_call
4	leiden3	MFI	exclude_grey	48	0	-0.158419613396287	0.100348246462291	ok	0.206209200807769	no_call
3	leiden1	DCI	exclude_grey	32	0.9304416681265	0.551961412660897	0.0189396367876712	ok	0.0305138592690258	enriched
3	leiden2	DCI	exclude_grey	32	2.75616094664402	2.49094257269396	6.88882058876853e-06	ok	4.99439492685719e-05	enriched
3	leiden3	DCI	exclude_grey	32	0.462226170144178	-0.311369322990772	0.326250454895399	ok	0.394219299665274	no_call
3	leiden4	DCI	exclude_grey	32	1.14997897875687	0.882196622525147	0.00689244254993736	ok	0.0142772024248703	enriched
3	leiden5	DCI	exclude_grey	32	0.323858750048633	0.0232532725519019	0.354655182630313	ok	0.411400011851163	no_call
3	leiden6	DCI	exclude_grey	24	-1.96443463616598	-4.84931274325485	0.0044711106157731	ok	0.0108051839881183	depleted
1	leiden3	DCI	exclude_grey	60	1.3162688422846	1.81769272599226	0.000680344730629033	ok	0.001793636108022	enriched
1	leiden4	DCI	exclude_grey	60	1.03739988994505	1.23972604694575	0.000332227182817967	ok	0.000963458830172104	enriched
1	leiden1	DCI	exclude_grey	60	-0.014841882445166	-0.344956128119991	0.629674533992143	ok	0.702329287914313	no_call
1	leiden2	DCI	exclude_grey	60	1.56746768188445	1.35559891428286	7.13960711478542e-05	ok	0.000345081010547962	enriched
1	leiden6	DCI	exclude_grey	51	-1.19800273688112	-2.37511279201178	0.0540734846662994	ok	0.0784065527661342	no_call
1	leiden5	DCI	exclude_grey	59	-2.32460933066598	-2.08394815514325	0.00891298845169819	ok	0.016154791568703	depleted
2	leiden4	DCI	exclude_grey	39	-0.686444549150965	-2.2072104817518	0.0139439151698106	ok	0.0237866788190887	depleted
2	leiden3	DCI	exclude_grey	39	2.74207905001093	2.98348189061367	0.000114812445375453	ok	0.000475651559412592	enriched
2	leiden2	DCI	exclude_grey	38	1.55036097193907	-0.00214100719453707	0.993732451868159	ok	0.993732451868159	no_call
5	leiden1	DCI	exclude_grey	35	1.52242710777251	0.913617271319953	0.00856735253037497	ok	0.016154791568703	enriched
5	leiden4	DCI	exclude_grey	35	1.42492587250744	1.5531899203664	1.84269263293643e-05	ok	0.000106876172710313	enriched
5	leiden2	DCI	exclude_grey	35	3.13351768369889	3.35592164309448	2.58769141670957e-07	ok	3.75215255422888e-06	enriched
5	leiden6	DCI	exclude_grey	35	0.877401223467293	0.681852939756124	0.00607868543117391	ok	0.013560144423388	enriched
5	leiden3	DCI	exclude_grey	35	1.20871461866112	-0.236046620034218	0.967337464699107	ok	0.993732451868159	no_call
5	leiden5	DCI	exclude_grey	35	-8.41562136188611	-6.26853515450274	3.70807369903559e-06	ok	3.58447124240107e-05	depleted
2	leiden1	DCI	exclude_grey	34	2.20172732289578	1.12209241011922	0.0368852377873856	ok	0.056298520833378	no_call
2	leiden5	DCI	exclude_grey	36	0	-1.64198030509786	0.120064925978221	ok	0.165803945398496	no_call
2	leiden6	DCI	exclude_grey	7	2.29927202682477	-1.31901109039304		insufficient_n		no_call
4	leiden4	DCI	exclude_grey	48	1.43901336615499	1.47010243273267	0.000192810878226731	ok	0.000684645212813079	enriched
4	leiden1	DCI	exclude_grey	48	1.00464290426815	-0.709767439031409	0.655481881899815	ok	0.704036095373875	no_call
4	leiden2	DCI	exclude_grey	48	3.29109494798973	3.42580083004017	5.51470946558692e-09	ok	1.59926574502021e-07	enriched
4	leiden5	DCI	exclude_grey	46	-7.45389175326038	-4.73827791560641	0.000212476100528197	ok	0.000684645212813079	depleted
4	leiden6	DCI	exclude_grey	43	2.11139492904745	1.37211245435993	0.132753561055404	ok	0.174993330482124	no_call
4	leiden3	DCI	exclude_grey	48	0.386785423070783	-0.874470228316055	0.19802583721294	ok	0.249684751268489	no_call
3	leiden1	MII	exclude_grey	32	0.114404431676584	-0.120167339756902	0.101806684597247	ok	0.173670226665893	no_call
3	leiden2	MII	exclude_grey	32	-0.460542767882015	-0.373964905118534	0.000131339518635754	ok	0.000761769208087374	depleted
3	leiden3	MII	exclude_grey	32	-0.583792705499286	-0.121272234995142	0.0242451394305973	ok	0.0585924202906102	no_call
3	leiden4	MII	exclude_grey	32	-0.458425811234343	-0.200056770995578	0.0125493420899973	ok	0.040436768956658	depleted
3	leiden5	MII	exclude_grey	32	0.293963614124751	0.289680281136184	0.0242451394305973	ok	0.0585924202906102	no_call
3	leiden6	MII	exclude_grey	24	1.26717397741833	0.701041292973296	0.00046525815807105	ok	0.0020635888284605	enriched
1	leiden3	MII	exclude_grey	60	0.143905305109347	0.300958695319	0.204128618913323	ok	0.281891902308874	no_call
1	leiden4	MII	exclude_grey	60	-0.33466975151742	0.274170348235868	0.420187769542372	ok	0.468670973720338	no_call
1	leiden1	MII	exclude_grey	60	0.652361991630683	0.915588319121731	2.51201975173311e-07	ok	3.75215255422888e-06	enriched
1	leiden2	MII	exclude_grey	60	0.00886078973672833	0.436464426476264	0.0954342818770144	ok	0.172974635902089	no_call
1	leiden6	MII	exclude_grey	51	0.889708115591047	-1.94236542384066	0.981304349856116	ok	0.981304349856116	no_call
1	leiden5	MII	exclude_grey	59	0.169167824299201	-0.280852046327083	0.117300629090369	ok	0.188984346867817	no_call
2	leiden4	MII	exclude_grey	39	0.284189207068211	0.199955943482214	0.243920917143643	ok	0.307552460746332	no_call
2	leiden3	MII	exclude_grey	39	2.40151352191181	1.89137463204233	0.000498107648249087	ok	0.0020635888284605	enriched
2	leiden2	MII	exclude_grey	38	1.62377199955385	0.92296176686769	0.0148349958971087	ok	0.0430214881016153	enriched
5	leiden1	MII	exclude_grey	35	0.0124771601333109	0.170415729166179	0.337972069030974	ok	0.408382916745761	no_call
5	leiden4	MII	exclude_grey	35	-0.637545031381781	-0.536387767390866	5.79320231448374e-05	ok	0.000560009557066762	depleted
5	leiden2	MII	exclude_grey	35	-0.469423698848394	-0.309228578092551	0.00013102185346389	ok	0.000761769208087374	depleted
5	leiden6	MII	exclude_grey	35	1.23827140546478	1.41485641169945	2.58769141670957e-07	ok	3.75215255422888e-06	enriched
5	leiden3	MII	exclude_grey	35	-0.5293005716265	-0.684458478089462	0.075545699704387	ok	0.146055019428481	no_call
5	leiden5	MII	exclude_grey	35	0.0764083391013846	-0.0551973172927499	0.241555078135558	ok	0.307552460746332	no_call
2	leiden1	MII	exclude_grey	34	0.716521947877224	-0.757749399419542	0.784434888427729	ok	0.812450420157291	no_call
2	leiden5	MII	exclude_grey	36	0.0163639955582238	-2.17531275783519	0.0745618476803788	ok	0.146055019428481	no_call
2	leiden6	MII	exclude_grey	7	0.982373710606726	-1.79424296058546		insufficient_n		no_call
4	leiden4	MII	exclude_grey	48	-0.625611081311083	-0.0774324688924151	0.403206420968855	ok	0.467719448323872	no_call
4	leiden1	MII	exclude_grey	48	0.292503891654458	0.150431013668796	0.155453004897579	ok	0.237270375896305	no_call
4	leiden2	MII	exclude_grey	48	-0.259725844579117	0.264860117189557	0.618877084899694	ok	0.664719831929301	no_call
4	leiden5	MII	exclude_grey	46	0.105014696020166	-0.363843717103213	0.186178067474629	ok	0.269958197838212	no_call
4	leiden6	MII	exclude_grey	43	1.10642458809205	-0.277352328459382	0.0095954383789316	ok	0.034783464123627	enriched
4	leiden3	MII	exclude_grey	48	0.409928193249304	0.259286361169504	0.0751560920796528	ok	0.146055019428481	no_call
3	leiden1	SRPI	exclude_grey	32	0.219212173715404	0.39577314087238	0.00615524322624332	ok	0.00892510267805281	enriched
3	leiden2	SRPI	exclude_grey	32	-0.0240134495251759	0.0586246325468173	0.68766400435174	ok	0.738602078748165	no_call
3	leiden3	SRPI	exclude_grey	32	0.308727305207955	0.391958984449642	0.000367832868577958	ok	0.000592619621597822	enriched
3	leiden4	SRPI	exclude_grey	32	0.00944347718097216	0.170023009357628	0.506810412041426	ok	0.612395914550057	no_call
3	leiden5	SRPI	exclude_grey	32	0.656577961614568	0.660465312078846	5.28380481987676e-06	ok	1.27691949813688e-05	enriched
3	leiden6	SRPI	exclude_grey	24	-0.984488653261168	-2.23579343907375	1.94224739173131e-05	ok	3.75501162401387e-05	depleted
1	leiden3	SRPI	exclude_grey	60	0.772439492056559	0.885006833969367	1.04836853233785e-10	ok	3.04026874377975e-09	enriched
1	leiden4	SRPI	exclude_grey	60	0.781170036338579	0.800753456602459	2.42279115865489e-09	ok	2.3420314533664e-08	enriched
1	leiden1	SRPI	exclude_grey	60	0.578599833309411	0.583141762954975	4.27957866828004e-06	ok	1.1282525580011e-05	enriched
1	leiden2	SRPI	exclude_grey	60	0.542968908442946	0.624144062220226	2.51201975173311e-07	ok	1.04069389714658e-06	enriched
1	leiden6	SRPI	exclude_grey	51	-6.8194496297315	-4.40093300771306	5.30109746670603e-10	ok	7.68659132672375e-09	depleted
1	leiden5	SRPI	exclude_grey	59	1.09986210820461	0.862115533026176	3.15819060586354e-07	ok	1.14484409462553e-06	enriched
2	leiden4	SRPI	exclude_grey	39	0.255055982974764	0.734624504703055	0.000498107648249087	ok	0.000760269568380186	enriched
2	leiden3	SRPI	exclude_grey	39	1.05423716584058	1.34121085519553	5.90954779798786e-08	ok	2.85628143569413e-07	enriched
2	leiden2	SRPI	exclude_grey	38	0.00769232071554643	-0.273927661322237	0.827792107846902	ok	0.857356111698578	no_call
5	leiden1	SRPI	exclude_grey	35	-0.275276395436904	-0.259136439907794	1.84269263293643e-05	ok	3.75501162401387e-05	depleted
5	leiden4	SRPI	exclude_grey	35	-0.161692585198118	-0.0454762893231004	0.0703120253271391	ok	0.0970975587850969	no_call
5	leiden2	SRPI	exclude_grey	35	-0.269362545186786	-0.2027560883125	5.03841386016835e-05	ok	9.13212512155513e-05	depleted
5	leiden6	SRPI	exclude_grey	35	-0.525109354382324	-0.544777310010253	2.11867547074472e-06	ok	6.14415886515968e-06	depleted
5	leiden3	SRPI	exclude_grey	35	0.478141272097734	0.407160908718474	0.00013102185346389	ok	0.000223507867673694	enriched
5	leiden5	SRPI	exclude_grey	35	0.888336346933374	0.644985218835173	7.47495622189464e-06	ok	1.66749023411496e-05	enriched
2	leiden1	SRPI	exclude_grey	34	0.384233055439918	-0.844128900128065	0.620036273817229	ok	0.714664835869344	no_call
2	leiden5	SRPI	exclude_grey	36	-0.120788100012871	0.0097227364729097	0.931141958770873	ok	0.931141958770873	no_call
2	leiden6	SRPI	exclude_grey	7	-6.99814041521511	-6.02828054492433		insufficient_n		no_call
4	leiden4	SRPI	exclude_grey	48	-0.0822961407123843	0.326879222300845	0.177421879579434	ok	0.233874295809254	no_call
4	leiden1	SRPI	exclude_grey	48	-0.027592505598224	0.241888174378475	0.201623477522137	ok	0.254220906440955	no_call
4	leiden2	SRPI	exclude_grey	48	-0.205078856602769	0.145984751300729	0.640733990779412	ok	0.714664835869344	no_call
4	leiden5	SRPI	exclude_grey	46	0.879675844525883	0.971227593503556	5.6204902130236e-07	ok	1.81104684641872e-06	enriched
4	leiden6	SRPI	exclude_grey	43	-1.05223480452412	-2.89021590668621	2.5097897014694e-08	ok	1.45567802685225e-07	depleted
4	leiden3	SRPI	exclude_grey	48	0.712329669084852	0.943639824652105	4.8757254796769e-09	ok	3.53490097276575e-08	enriched
