sample	MEblack	MEgreen	MEpink	MEyellow	MEred	MEturquoise	MEmagenta	MEblue	MEbrown	MEgrey
LV3003046953	-0.0457560349697191	-0.0305487212940014	0.110321642981049	0.0842923501590056	0.0552528555726328	-0.0126400741126455	0.139506511604863	-0.0399777330852821	0.077304316102393	-0.0360317397600232
LV3003046939	-0.0390926829636824	-0.0365424796508158	0.105252093759967	0.139993477005238	0.0538049197832675	-0.0267729315598753	0.105793381317301	-0.0405831995096405	0.07568224289961	-0.041007209393313
LV3003047045	-0.0366064161341108	-0.0357295099130916	0.111903978204787	0.136847984186732	0.0558826687281254	-0.0342094336339983	0.0592739629083945	-0.0633434080540528	0.0684852609639888	-0.0457649188670357
LV3003047013	-0.0419448473092695	-0.0367667867243076	0.0975701143962032	0.155865418894819	0.00503366288979424	-0.0422527083707251	0.0350073630381438	-0.0993956975019385	0.0282171030684371	-0.0466060056627292
LV3003046995	-0.0441890699119565	-0.036977543473531	0.103714532105162	0.121969339955054	0.0323543692323841	-0.038232639657548	-0.0154982717201129	-0.0727382360344712	0.0515842161105132	-0.041181629161217
LV3003046980	-0.0548393337854217	-0.0369422593207797	0.0932109082699566	0.197762898299839	0.0586197739942164	-0.0432378575265848	0.022277191066665	-0.0785572640605648	0.0346647712624914	-0.050228120937241
LV3003046952	-0.0326621874260488	-0.0380076982203977	0.109776925392929	0.236720063031702	0.0701562338705958	-0.0300334615736685	-0.0808322098676614	-0.053630324663305	0.0336004631116619	-0.0510222894798248
LV3003046938	0.00959027417125595	-0.0380076982203977	0.11791076784838	0.249082890170888	0.0911892745981195	-0.0197885245380757	-0.130782320842027	-0.0127515123348982	0.0539901161874678	-0.0555278713344359
LV3003047044	0.041255753711898	-0.030992202941807	-0.0589197360123693	-0.0365930439869648	-0.01346804372173	-0.0118995645382395	-0.0801091113667193	0.0157583623002966	-0.0128849496896637	-0.0453280809336038
LV3003047027	0.00230527525066104	-0.0335154352532623	0.11193946108757	0.217851044191607	0.104825968858572	-0.00194738494473819	-0.05487298950704	0.0172299322846121	0.0600491242496191	-0.0494270221606718
LV3003047010	-0.0403152043815356	-0.0362486684144755	0.110122922826407	0.218081729992162	0.0474576459258108	-0.0183229087725579	-0.0499394117361475	-0.0559399895433008	0.0574177785113875	-0.0526187601749919
LV3003046994	-0.0548393337854218	0.244229179722699	-0.069590759045695	-0.0507156092719542	-0.0611504676402379	-0.0368379346833932	0.0603886972734214	-0.0280334033540783	-0.0931530248968765	0.0084093640112187
LV3003046979	-0.0211174682452846	0.0831994895707426	0.063985770844664	0.0402892811606703	0.0299468685791403	-0.00590921832748303	0.042194124923193	0.0293258168949575	0.0279596663488487	-0.0196192168684596
LV3003046966	0.0758058863064454	0.0378639539997568	-0.0271709840365323	-0.0440304403366035	0.0446445022882808	0.0783154865111389	0.0493924530522775	0.0824928344081965	0.0417648079224208	-0.0398083475589138
LV3003046950	0.0302495623700871	0.0215299710112115	0.0289026666470514	-0.0411774292748575	0.113407175854354	0.111496472339377	0.0406201303364136	0.0911692806337034	0.0666006398086015	-0.0429737761838859
LV3003046937	-0.0369553815263076	0.000356947502387335	-0.00372218457068776	-0.0536021593409237	0.0273708718407354	0.015343351550983	-0.00249076156494772	0.0543982217176494	0.0317325588246346	-0.0303475071812407
LV3003047041	-0.0268608251732312	0.14863010114442	0.0638629472724659	-0.0358176565738315	0.12886772256404	0.177059574151941	0.0915901429139627	0.109130602123684	0.103191867046685	-0.0210582000669648
LV3003047026	-0.0548393337854217	0.330138627475983	0.0264038282117576	-0.0313788382161939	0.0464769480407379	0.0612598250184236	0.134333159998319	0.0625819122358523	0.0374918637426576	0.0197521921659828
LV3003047009	-0.0548393337854217	0.279350950296326	-0.0762628152959117	-0.0546242210301936	-0.0451062376625139	-0.00240543609537976	0.0767746232788296	0.00620805309361242	-0.035587909444556	0.0106932054954523
LV3003046993	-0.0548393337854217	0.33049802978928	0.0909168160661779	0.187583960268975	0.109660121705266	0.0685597315115468	0.0662897373691499	0.0512373831068901	0.0722306710427349	-0.0217257911224893
LV3003046978	-0.0333628610441999	0.0954375546383407	0.0516211286560058	-0.0468001536760924	0.140837908068268	0.185295932315751	0.0687415452037081	0.102544198017094	0.104642900165716	0.00971009829562328
LV3003046965	0.0282636332229592	0.106917378456756	0.0823433541281016	-0.0276913490748322	0.173467346694442	0.273385537123982	0.0763592960587244	0.130322724875435	0.136047368923209	-0.0337446017692367
LV3003046949	-0.0198607267771533	0.0202624615405718	0.0500052222571249	-0.0395088084897354	0.126839029314553	0.196917163322417	0.0366576021751516	0.103054667336301	0.0929153777155937	-0.0211432451376219
LV3003046936	0.000554258482235178	0.0724082991540304	0.0684796357549745	-0.0390444373663991	0.157824325663357	0.248392504427081	0.0691873404236088	0.127117904787293	0.124690819042923	-0.0336493954868216
LV3003047145	-0.0548393337854218	0.186290903049989	-0.0156297882156576	-0.0547806161723724	0.0308324118052571	0.0215720720531423	0.0690190569845983	0.0560073150067975	0.0272136961676684	0.00313306264601205
LV3003047132	0.110889954913847	0.0329725021989994	0.0772748276248388	-0.0215072699574545	0.171027495529615	0.26654249782537	0.0665476891058719	0.140006101441647	0.137458972857551	-0.0275559879406668
LV3003047118	-0.0341993234937967	0.0112677669450892	0.0631448418381849	-0.0390385253573028	0.145359154769808	0.173645298089912	0.02862530634631	0.0985050180285822	0.104046933612335	-0.0270086470113103
LV3003047099	-0.0103582693499774	-0.021967039492521	-0.07642038606707	-0.048861592918448	0.0161157248290962	0.0304050499801914	0.0245488442136672	0.0507638057164581	0.0295313541876065	-0.0229586078207821
LV3003047071	0.11562658774863	-0.0310311984592362	-0.103422200643735	-0.0520014596678951	-0.0486128591409227	0.0131861456221272	0.018335566543966	0.0508058741836307	-0.00248562383011553	-0.0214955241013544
LV3003047169	0.208678750688059	-0.0227882607399964	-0.0870987701505826	-0.0535817919521354	-0.0134392594006947	0.0403567893280934	0.0382995010324796	0.0624563688596081	0.000949356260226498	-0.0273547490854375
LV3003047156	0.132328661370963	-0.026053583875108	-0.0373475933152067	-0.0534706300101303	-0.00601091506006302	0.0483674068033832	-0.00857728426874216	0.0612691360560596	0.0191691413366269	-0.0319202299569841
LV3003047144	0.179790432169776	-0.0266774056894349	0.00798929626216638	-0.0533505584607677	0.0225467122256475	0.0585236267896825	0.0255805268332665	0.0769466841520781	0.0407083128977893	-0.036025794154688
LV3003047131	0.0722844918927121	-0.0294889195202386	0.015737011432805	-0.0269466530688033	-0.0568489170382795	-0.0269881964616571	0.00383416258391612	0.0369079241080859	0.00182731236082129	-0.0265776577682473
LV3003047117	0.0684748746796303	-0.0315084745748402	-0.0140171242560814	-0.0447409750660189	-0.0546015001303179	-0.0306105550143491	-0.0281689279347844	0.0234720554354896	-0.0167172856922865	-0.0311049062576365
LV3003047098	0.149995297302328	-0.0282777811181735	-0.110589247559709	-0.0536948663940234	-0.0681926690980369	-0.0364482003578115	-0.0184292542364121	-0.0140173442200955	-0.0836531371358288	-0.0272707869340443
LV3003047085	0.228657130800519	-0.0150710013896441	-0.123500106394981	-0.0503776465314827	-0.0239602251546335	0.00834970564640251	0.0270577044407859	0.0460093524019027	-0.0187736825737682	-0.0314936471611602
LV3003047070	0.163201094062612	-0.027794836615771	-0.105134508728115	-0.0535189058979664	-0.0605597432001931	-0.0279307459152845	-0.00432502269730307	0.0195384911755629	-0.0332431011167881	-0.0246805352822599
LV3003047168	0.187337435199618	-0.00305569315046014	-0.116648613434429	-0.0491661040756059	-0.027330697149422	0.0127019203396097	0.0324815974712545	0.0460971478156261	-0.0163904235558537	-0.0191782969879349
LV3003047155	0.220986014583006	-0.0281705183052759	-0.149004175156977	-0.0534507300380291	-0.0704301534365639	-0.0385003922959997	-0.00129764066397373	-0.0284821470486608	-0.0943679380117792	-0.0185318766258791
LV3003047143	0.169792747999357	-0.0296541607307593	-0.00442677783394697	-0.0303347052057889	-0.0455571424863479	-0.0284908314994731	0.00885204073599775	0.0241704358207453	-0.00806264863820189	-0.0236235799826039
LV3003047130	0.099409453226304	-0.0353071859679898	-0.050785670339029	-0.0403082600717631	-0.0653751313232757	-0.0282910041691656	-0.062364461122979	0.00528117214441545	-0.0232366987950031	-0.0298428892264052
LV3003047114	0.0214048666742899	-0.0370496425168504	-0.0431490017029052	-0.0271779506600945	-0.0644095974383882	-0.0445908886477407	-0.0473401598445042	-0.010018313021166	-0.0262218917258539	-0.0289791053220184
LV3003047097	0.120338465668544	-0.0314134683884919	-0.0122367498592078	-0.0311700831761374	-0.0551844433345639	-0.0309358052001748	-0.0191791270325872	0.024307197517313	-0.0115033280266012	-0.0267849456847165
LV3003047084	0.00811157881556826	-0.0292571030513334	0.0472229303704168	0.0305527787359873	0.023222495643973	-0.0113871289630475	-0.00261768553650942	0.0455160392865299	0.0399138682424591	-0.0140371993506727
LV3003047069	-0.00515450464955103	-0.0257925976891536	-0.0264008987723424	-0.0489702603415745	-0.0462862648780772	-0.0409577620007001	-0.0365673283865282	0.0142006069646502	-0.012369366960273	-0.0276634362212577
LV3003047167	-0.0058738382693501	-0.0315800784770349	-0.124941824905333	-0.0535685717189926	-0.0663507593112189	-0.0360359111010422	-0.0572423047330062	-0.0141637568914648	-0.0882955897780219	-0.0299290203637196
LV3003047154	-0.044562551085658	-0.0310145705764527	-0.0110537078274645	-0.0403347158611543	-0.0606204115470324	-0.0497108752882575	-0.0482541140164215	0.00351204074975669	-0.0294498629492333	-0.0264418324463135
LV3003047142	-0.00198972519328051	-0.0289033301691789	-0.124264406935712	-0.0549027685063977	-0.0681298654192826	-0.0238346504819637	-0.0646354744078649	-0.00135264098078055	-0.0550993330062215	-0.0365022299656374
LV3003047129	0.104609972678975	-0.0230596901866356	-0.123113498359519	-0.055024764204563	-0.0426262419128112	-0.00494005727942797	-0.00844901725781443	0.0331768010899781	-0.00455700150055303	-0.0280979707131101
LV3003047113	0.139416975871769	-0.0190487681418489	-0.0310222212293081	-0.0534839663846767	0.00435619782088662	0.0108079379981413	0.026196417509997	0.0558414016026157	0.0237534776621897	-0.0294492724483166
LV3003047096	0.129188395406001	-0.0236111995841817	-0.0798334805375878	-0.0518348612161888	-0.0319560816047778	-0.00719858378540781	0.0140518421564291	0.0388882934736717	0.00174750138083125	-0.0238037430945795
LV3003047083	0.00371588649990251	-0.0344866048920826	-0.0292405486032757	-0.0435154546762138	-0.0544387261157348	-0.0436735735070219	-0.0426202768603314	0.00700439966457509	-0.0150913490897234	-0.0317242192913905
LV3003047068	-0.015164877116532	-0.031831535066013	-0.0364794866495706	-0.0499674025837262	-0.0624783305735131	-0.0388431290633778	-0.0491649099574057	0.010089332799319	-0.0146147062764617	-0.0288269816937259
LV3003047166	0.026802184314967	-0.033310008451349	-0.00817383706121687	-0.0341373898787522	-0.0522885251657362	-0.0166537976795251	-0.023231934386412	0.0280056228191671	0.00932012888730581	-0.0302726543445309
LV3003047153	0.0137745256699993	-0.0320143142492165	0.0203921113136613	-0.0389066429927725	-0.0589542736654784	-0.0242521059249427	-0.0248288439739765	0.0341450128650093	0.00708415609120903	-0.033157139177492
LV3003047128	0.0824515418272911	-0.0260875643527302	-0.1098797211301	-0.0514331225830464	-0.0292826194541939	0.00138299694597411	0.0114229568559231	0.0350415342597221	-0.0174531695234658	-0.0317388010377816
LV3003047112	-0.02586302777178	-0.0305407480319254	0.000186608279956166	-0.0472391889423968	-0.0338773815288672	-0.0277531544589632	-0.0590608191102681	0.0309335519498063	0.0130475783981322	-0.0333853938854474
LV3003047095	-0.0376298381267496	-0.0322497573123619	-0.00691874493229369	-0.0377184010670481	-0.0595722326690296	-0.051413062362216	-0.0604141798033769	-0.00793594751292848	-0.0212168308937212	-0.0249246270899254
LV3003047082	-0.0359695345694201	-0.0328483570917156	-0.0356958350486301	-0.0433291726193306	-0.0656251605199527	-0.0547884778621887	-0.0374739099751163	-0.0240552297938838	-0.0470852089365471	-0.0297531802930675
LV3003047067	0.00234357317938053	-0.0214915184026921	0.0186084958781658	-0.029041067376478	-0.0152788560221413	-0.0257044207497815	-0.00879163616196153	0.0373632085379726	0.0215417220426247	-0.0320794031593452
LV3003047164	-0.00772854818973822	-0.0358702031810787	-0.044752438331009	-0.0520947865310321	-0.0700406111107618	-0.0488835914301027	-0.055446292566133	-0.0178545132319028	-0.054003859105783	-0.0271779835723143
LV3003047152	-0.0153375367161579	-0.0337596631911662	0.00898797686180266	-0.0341993702016673	-0.0501870051867963	-0.0423887125569028	-0.0536596635444781	0.0158933742769112	-0.00759725986572831	-0.0281139952172597
LV3003047110	-0.0445137648072615	-0.0360948619750733	-0.0551792113866166	-0.0545283917730375	-0.065109799797111	-0.0563957885992273	-0.0706886830897903	-0.0424652273370016	-0.0593932275203123	-0.0282817148863338
LV3003047094	-0.0315529616343152	-0.0348417443566586	0.0154425615553866	-0.0276119001659708	-0.0535880666470799	-0.0532913782223319	-0.0394407827997104	-0.0220421785734572	-0.0139510736234352	-0.0194476630104977
LV3003047081	-0.00886544455454151	-0.0319144721213424	-0.0372679448902903	-0.0364759126451091	-0.0358080957047575	-0.0234594704719102	-0.00213877914768252	0.0184798343736055	-0.0165977187644486	-0.0306002706850183
LV3003047065	-0.0548393337854217	-0.0238220247482634	-0.138709267577115	-0.0498934834835677	-0.063239156925594	-0.0466102126330915	-0.0189489289193511	-0.121890853079739	-0.147735383962263	-0.026113905136611
LV3003047159	-0.051173294410525	-0.0317816809621443	-0.0247937556185531	-0.0290182879758066	-0.0695036274590332	-0.0540129419387056	-0.093286943810796	-0.0541717971445548	-0.0357206360508664	-0.0322471682078703
LV3003047158	-0.0512852837803471	-0.0310697900982002	-0.137500358861704	-0.0548428794913235	-0.0704276798156243	-0.0328111806362892	-0.0951803553029072	-0.007730137612637	-0.0851944261071568	-0.031976239474784
LV3003047139	-0.0548393337854217	-0.0307616487601693	-0.146063864046514	-0.0535486234277388	-0.0677509123416929	-0.0338947572893425	-0.0835506994321495	-0.00884339535478752	-0.0804042387561629	-0.0323770084149614
LV3003047150	-0.0478761635127052	-0.0217497933566712	-0.0940465307660135	-0.0494924008467872	-0.0443586426021954	-0.0053718659859712	-0.0409034946788653	0.0374700816591353	-0.00824751550853275	-0.0292040814634854
LV3003047149	-0.0548393337854217	-0.0290608323021129	-0.0450495271984906	-0.0495401252695771	-0.0704169530545834	-0.0489984027120492	-0.0414117089795151	-0.0402458202789527	-0.0745687212757764	-0.0274677508219651
LV3003047148	-0.0548393337854217	-0.0306175511467243	-0.0601244687245805	-0.0479068737433627	-0.0657036205224792	-0.0453917412694827	-0.0266241862055474	-0.0285551626299664	-0.045747350965192	-0.0169181062423977
LV3003047147	-0.0548393337854217	-0.0303633821715326	-0.0953177552791441	-0.0520897498696315	-0.0673790260675054	-0.0331873379345781	-0.0231002949587845	-0.00689964995197883	-0.0356560494317331	-0.0254921229632521
LV3003047146	-0.0348157946948053	-0.0249434769003699	-0.0552275210651447	-0.046143853417116	-0.00993267538697486	-3.81837707747164e-06	0.0135571034865267	0.0441096593523142	0.0136311248056935	-0.0249950665334222
LV3003047126	-0.0481502700463157	-0.0371337361612439	-0.0688941632717048	-0.0489328928937359	-0.074757032560639	-0.0489798085132621	-0.0491477385266271	-0.037838498988216	-0.0527475080605604	-0.0263635719038274
LV3003047138	-0.0506621187469581	-0.0345095846684983	0.0358906657760241	0.0112133693497768	-0.0635753705537128	-0.056186914172678	-0.0264216807023862	-0.0738130145546317	-0.0251588154086837	-0.0113636693087894
LV3003047137	-0.0360663258985	-0.0288149566418158	-0.0873393478745011	-0.0497958745585967	-0.0691559738918962	-0.0461271305839499	-0.0204219031210463	-0.056939608340193	-0.149429926549857	-0.0119353226854237
LV3003047136	-0.0548393337854217	-0.0343694123346832	0.0482529402774524	0.057597610006091	-0.0479321958188746	-0.0488661439535217	-0.0509024530118002	-0.0399770508317675	-0.00699332343182449	-0.0148605445282917
LV3003047134	-0.0548393337854217	-0.0347480159853668	0.05658373370862	0.107085820514955	-0.0478522191828664	-0.0570282258889637	-0.0660960262153087	-0.104111359461727	-0.0187224207462055	-0.0107981099886146
LV3003047133	-0.0351820289603953	-0.0370072720336633	-0.0165120438933632	-0.022086949676708	-0.0708192407697551	-0.0565009130435645	-0.0341320917992046	-0.0355880922260575	-0.0221171923600607	-0.00879833369504729
LV3003047107	-0.0448260320696868	-0.0354933604813643	0.00103774894381387	-0.0206260417241267	-0.0589583762097866	-0.0507363393904392	-0.0328020502933565	-0.0248893358952857	-0.0113748365025451	-0.00831785615849229
LV3003047093	-0.0548393337854217	-0.0347846965207528	0.0412507281261535	0.0515777250241347	-0.0518107434591223	-0.0592869900131207	-0.032171561429514	-0.0816475602920589	0.00449789898608475	0.00433780586198065
LV3003047106	-0.0548393337854217	-0.0342829938598133	-0.074834018724336	-0.0332149838794178	-0.0773520895674751	-0.0610070798174248	-0.0754782457257977	-0.136972962417358	-0.09374364572894	0.0045771467852307
LV3003047101	-0.0548393337854217	-0.0380076982203977	-0.0336082335416452	-0.0354319204045429	-0.0675040026786357	-0.0564576620128527	-0.0309484171132252	-0.091974910487912	-0.0600117773113562	-0.0117632967860605
LV3003047100	-0.0548393337854217	-0.0327990599387211	0.0530350944507545	0.0189392008107332	-0.0565245608105822	-0.0548785978060979	-0.0119194961079267	-0.0660034997077772	-0.0153247219687074	0.00148355149935158
LV3003047080	-0.0548393337854217	-0.0316401842083919	0.0200222620445379	-0.0149247439391966	-0.0555707593323129	-0.0580690408325961	0.00670304286743679	-0.0412902763758668	-0.0067311989765317	0.0183621755967558
LV3003047091	-0.0548393337854217	-0.0371194732543321	0.0285910497732362	0.00402854605331748	-0.0656909582427887	-0.0580389149160351	-0.0477608105029263	-0.155014292852533	-0.0435197758853879	0.0145781931503004
LV3003047079	-0.0548393337854217	-0.0265637885144904	0.031070263398413	0.0465085274127992	-0.0552496363214137	-0.0582661511669109	-0.104334827126417	-0.161782482166115	-0.0785018025599336	-0.0128765517833459
LV7001898100	-0.0465337698905619	-0.032177784123712	0.0967142804542597	0.144681083949291	0.0599094477479821	-0.0250949557584439	0.17145620904471	-0.0256917524444422	0.0732141578382138	-0.0349141630076428
LV7001898088	-0.0207027703850291	-0.028989615759878	0.111258415136859	0.0989131349928667	0.0744450822767598	0.0655672648126058	0.122991304017162	0.0758866604140307	0.0910730353750254	-0.034832056472778
LV7001898076	-0.0236558220274827	0.238761133920915	0.080378946720009	0.0286065560843736	0.180977246275884	0.247344916218691	0.125112389289899	0.128656075925935	0.120363645170072	-0.0373146021821739
LV7001898064	-0.0515876398405063	0.213641967586536	0.0193810863375493	-0.0496186912047196	0.0493466821303247	0.0197418799100647	0.111566790042495	0.0498835643606606	0.0448996361350837	-0.0216725486215238
LV3003061546	-0.0548393337854217	0.26517195681231	-0.0878238796025121	-0.0560072323562718	-0.0724185115258172	-0.0351689597857446	0.0919357543951987	-0.0433702165692196	-0.0671299344875979	-0.0122914696795492
LV3003061533	-0.0548393337854217	0.288699467967959	-0.0263866182118658	-0.0532115639637328	-0.053596239044628	-0.0265758189154045	0.0818039600544022	0.0194134052531467	-0.00895604157129171	-0.0173694567787839
LV3003061518	-0.0104851142668404	0.0322999111767663	0.0821692811192072	-0.0062989190549184	0.145689050920925	0.17138356080312	0.0785965898658315	0.100959143761173	0.0950696009555378	-0.0337639376193809
LV3003061506	-0.0515266557350564	0.132489055641076	-0.0543255476570072	-0.0533555298763024	-0.052409208316863	-0.0349030678295454	0.0595845942198986	0.00993862484698381	-0.0151312538319655	-0.0309236172915562
LV3003061492	0.00408779659983579	0.146244198985316	0.0857272517898912	-0.00785355502814084	0.188778005365121	0.264606555172491	0.0936880971883075	0.129125828769141	0.137226995333623	-0.0425548890060501
LV3003061477	-0.0237155135876575	0.0294133534481838	0.0915549522394821	0.0018897607096363	0.174153424732308	0.259120625220117	0.0771994839701693	0.121626518027774	0.131397290876443	-0.0478480976957902
LV3003061572	-0.0307206496096962	0.0579080017693778	0.0669620798098161	-0.0288418401170325	0.174435941316689	0.241319866188905	0.0673999427866746	0.124849172689144	0.120891966207014	-0.0338460737088623
LV3003061559	0.167650589454364	-0.0112044240855566	0.039239836938469	-0.0290302450582627	0.0561949641825884	0.033876896598878	0.0482810395507015	0.0635249215447228	0.0477425014548481	-0.024970432061787
LV3003061545	0.281065804689963	-0.01102359267177	0.0258099157433951	-0.0548022285957591	0.0881688112089648	0.081307552636269	0.054824825379759	0.0785423013185503	0.0588094004931726	-0.0287732614750633
LV3003061531	0.275786474918681	-0.00538018598730478	0.0600193965304422	-0.00661737726706048	0.102809773789476	0.0867588160435427	0.0618247104280004	0.0828332191610923	0.0760909156887832	-0.0181139539286416
LV3003061517	0.178840664690313	-0.0213439156051971	0.0793173362605726	0.0530311640833643	0.104113074525613	0.083374044519852	0.0407957100583781	0.0786999658843368	0.0714432471403771	-0.0214373677438403
LV3003061505	0.0377038797797547	-0.0317203474075498	0.00174030751707744	-0.0547129607867691	-0.0241126509842327	-0.0215129907790379	-0.00398812960566444	0.042581823493013	0.0156899637137875	-0.0326245727029688
LV3003061488	0.13971604629775	-0.0162514295211378	0.060855492143537	-0.0283154134375513	0.102631363371146	0.0756163353972454	0.0316747703063846	0.079147035936281	0.0624439133283487	-0.0293666720027245
LV3003061476	0.0509263692150667	-0.0325204673656734	0.0510144840074707	0.000641383748421462	0.0124649006990731	-0.00223279542351254	0.0276013716103186	0.0411059101924652	0.0304036189321283	-0.0252510083077886
LV3003061571	0.0410792156449434	-0.0140347414625595	-0.0567519452600523	-0.0536156551269108	-0.0345416207587314	-0.00875754848582501	0.0392632885631141	0.0410922962430649	0.0097767406684488	-0.0114095322216054
LV3003061558	0.0777174149464909	-0.0318633416391449	0.0492528743957478	-0.0278255935171534	-0.00498275020367782	0.00431571053786658	0.0249952783134761	0.0570025170608952	0.0391981064678331	-0.0287920277014827
LV3003061544	-0.00967094905220962	-0.034883102872007	0.0509489630714197	-0.02784468179589	-0.0236015416012125	-0.0210798134280677	-0.00699850153452227	0.0410433912577831	0.0252664592477365	-0.0298026526628798
LV3003061530	-0.0339824668691349	-0.0380076982203977	0.00737918038518231	-0.0369906183460581	-0.0580219415690659	-0.0528803858233531	0.00408107968637549	0.000650626691436288	-0.026590647892193	-0.025202826988227
LV3003061516	-0.0313018314772365	-0.035961323086307	0.0181440624865827	-0.044643006208954	-0.0670720260564507	-0.0357338259348433	-0.00627878717880895	0.0179010419208114	0.00320614793956046	-0.0331261400475914
LV3003061504	-0.0228985719407026	-0.0371558416654948	-0.00251006707949536	-0.0436628953126619	-0.0466148954536493	-0.039989120501862	1.84815433197332e-05	0.0133136271993776	-0.0101976726548752	-0.0330980801947642
LV3003061486	-0.0511884371595441	-0.0372964487337988	-0.0617015103127391	-0.0535830938636889	-0.0748946326581135	-0.0586090755903774	-0.0617035834872182	-0.0527090359924015	-0.0720206135287101	-0.0223262155666553
LV3003061475	-0.0512843366146668	-0.0322480990092805	0.0375441272501817	-0.0449633476631117	-0.0528394821586438	-0.0445012552828479	-0.00469612638744021	0.00585846543743143	-0.00642449734590374	-0.0152747279902921
LV3003061570	-0.0230222605137615	-0.0372025553670192	0.068903488779763	0.0241614106776716	-0.00744564089704244	-0.0306398452045665	0.016733890321529	0.0371216138472428	0.0309738988035824	-0.0233330176609589
LV3003061557	-0.0391578257024079	-0.0367474687463507	0.073276392867019	0.0712950972440942	0.0159170182172356	-0.03719272739009	-0.0479919078830495	-0.00381050913359284	0.0199261277279769	-0.0255866828494395
LV3003061543	-0.00934232400328882	-0.0305656703314143	0.0829225272875161	0.0837522657903757	0.0882214791626513	0.0386690471844678	0.0194064185520073	0.0759199381425116	0.0767496452868614	-0.0263428710521401
LV3003061529	-0.0420033260684122	-0.00580527091004462	0.0929928151084951	0.100655733073556	0.116755513697668	0.0843438896356019	0.0586076750608232	0.0806989453189988	0.0881298285115767	-0.00830551405431584
LV3003061515	0.0122483106381274	-0.0268625578876197	0.136493651751398	0.283365480326745	0.162747002691911	0.0894441593516923	0.0845702292386376	0.0795711542638285	0.126358724378153	0.0125335861103117
LV3003061503	-0.0194568029631531	-0.0316095710589012	0.0897724899967063	0.100448246317889	0.104027315828609	0.00765871128014225	0.0864349806708729	0.0591191273149442	0.0840311398088708	0.0115918510726084
LV3003061485	-0.0320596765057751	-0.0308463591983044	0.119981200794095	0.18527224462144	0.162979009566236	0.0749260475556185	0.0760134019948527	0.0832582612558317	0.115039874828094	0.0241057874986401
LV3003061474	-0.0464924135286784	-0.0299934532488886	0.0563775699706952	0.0372094166131108	0.0300869462680221	-0.0230183687530208	0.0538142074026463	0.0352303607010712	0.051970312593115	0.0253434651138148
LV3003061569	-0.0548393337854217	-0.0341591796237999	0.0810081653812116	0.107499119715168	0.0790275053503646	-0.0212962367233113	0.050955998407285	0.039220887944001	0.0660028447527682	0.0380466376323872
LV3003061556	-0.0403566608518072	-0.0364917447893579	0.0551905778645663	0.0405224309071838	-0.0236691590026864	-0.046990098003338	0.0220433750806311	-0.00449830273319398	0.0155233959988675	0.00914849276592123
LV3003061541	-0.0379325952132266	-0.0369872767904386	0.0515675176594779	0.00681915351729517	-0.0197715733398929	-0.040014749697743	0.0414260705556925	0.0307165640825474	0.0319980749236032	0.0536285226646759
LV3003061528	-0.0517828251504596	-0.0358894393454505	0.109410574108444	0.161592587096037	0.137748158875902	0.0170008260088914	0.0703988883677479	0.0571620464392718	0.0899365396780167	0.0343157367023738
LV3003061514	-0.0403759567457727	-0.0329543438386127	0.129082573001047	0.231597485006606	0.163539477654518	0.0643957687845382	0.0706405014039706	0.0667915602457555	0.118838848625842	0.0475343358827659
LV3003061501	-0.025933229045565	-0.036867440925256	0.0815934243437206	0.0613897926128179	-0.011418771082287	-0.0457752681080398	0.0237346284109119	-0.0309218791790096	0.032212011902706	0.0534395451173495
LV3003061489	-0.0334295602941101	-0.0354152309362249	0.0108835485948439	0.0132508056400913	-0.05423506175423	-0.0580252205823051	-0.0746952118516058	-0.162771106769578	-0.0890539324253278	-0.0164004969322737
LV3003061473	-0.0548393337854217	-0.035464806066055	-0.105293222419169	-0.0462387969872065	-0.0694382244532447	-0.061250908643247	-0.18163426485077	-0.155366173713482	-0.178232037807081	-0.0331058703206465
LV3003061568	-0.0548393337854217	-0.0380076982203977	-0.173379595341511	-0.0548873405002723	-0.0773520895674751	-0.0609545851000578	-0.263298515613642	-0.238112499016349	-0.250683807051323	-0.0340974494713078
LV3003061555	-0.0548393337854217	-0.0380076982203977	-0.173379595341511	-0.0550001008569569	-0.0773520895674751	-0.0613315384652111	-0.222690976501113	-0.189954266142001	-0.213586419079102	-0.0346075194916236
LV3003061539	-0.0505842612300587	-0.0365072939909785	-0.0246797758652899	-0.0462687668582866	-0.0695128630679028	-0.0419892536194698	-0.134307806664446	-0.00712379728998533	-0.0328142617459748	-0.0349347044698866
LV3003061527	-0.0548393337854217	-0.0370886998108784	-0.173379595341511	-0.0560072323562718	-0.0773520895674751	-0.0618603430293269	-0.328975466269013	-0.246114121483779	-0.237562357800815	-0.035448137686281
LV3003061513	-0.0507372878969854	-0.0334426212317988	-0.0154666206597528	-0.0464929358706212	-0.0746248763465632	-0.044640442731888	-0.105451250053085	-0.0202217871256665	-0.0514002882426899	-0.0338540241096627
LV3003061500	-0.0548393337854217	0.0588548324488334	-0.0278320335153748	-0.0521483173733859	-0.0568800555789706	-0.0332652726084913	0.061221581086798	0.0148581621130197	-0.0195071251357332	-0.000964076520386572
LV7008886714	-0.0410885584548149	-0.0206111087069074	0.0903623778931746	0.0622614189746778	0.0507336369292962	-0.0341263247749351	0.22317360712549	-0.0262908667795595	0.048247636064843	-0.0354074647074486
LV7008886690	-0.0548393337854217	0.186803852715782	-0.156534416943216	-0.0560072323562718	-0.0686448845140022	-0.0524132446739339	0.0790076968829211	-0.13457218082919	-0.150747680891794	-0.00692724912373752
LV7008886751	-0.0548393337854217	0.250864488246129	-0.0781003485501014	-0.0550823358802369	-0.0480378135330211	-0.033123532984205	0.0546809105656625	0.000100294615051955	-0.026733511618802	0.0184188237035023
LV7008886727	-0.0464150016306976	0.140558780466118	0.0664796527374617	-0.0432785625645436	0.147350372911105	0.253482112692019	0.057290936306928	0.103709537478456	0.106881553800216	-0.0239924033227699
LV7008886703	0.279202175868964	-0.0240844941258384	-0.00748854508307759	-0.0523725114492292	0.0232279886172022	0.0381254911411886	0.0332408944244577	0.0647903718981609	0.0340468655876924	0.00129850814985564
LV7008886776	0.16633395459986	-0.0350816470059713	0.054843331663352	-0.00579097487702183	0.127578325477992	0.0662203497425086	0.0432212350214717	0.0745253059437151	0.0626834716215608	-0.0149341023457774
LV7008886740	-0.00147892975656947	-0.0347658717899337	-0.0123384230568676	-0.0444542367690781	-0.0126091875485105	-0.029376238691735	-0.0195766477295672	0.02908927294122	0.0122016897672284	-0.00734818998566071
LV7008886221	-0.0247047411654068	-0.033164800436301	-0.04302919453318	-0.0518831645182805	-0.0720798897898178	-0.0481894140968886	0.0175515195475967	0.00283907024539265	-0.0288292490249915	0.0474023468860833
LV7008886692	-0.028052412802135	-0.0320891959173383	-0.0696539420566182	-0.0538207305919694	-0.0739743490400219	-0.0599896796476407	-0.0197844552376279	-0.0616999371359577	-0.0737483236463091	-0.00174175994446205
LV7008886765	-0.00720058171771939	-0.0291094091401099	0.00916731879014476	-0.0435009249505416	-0.0647780618606986	-0.0360335113196888	0.0176778635358808	0.0186493012014741	-0.00125738724011341	0.0239942334971638
LV7008886741	-0.0548393337854217	-0.0371010532551825	-0.169191360990584	-0.0546204908782674	-0.0773520895674751	-0.0588802414136986	-0.207688574196499	-0.233111145136032	-0.223749863827513	-0.0295142238792893
LV7008886705	-0.0171902887236985	-0.0316121221371979	-0.0884123354810592	-0.0510685781507223	-0.0753830646700052	-0.057931252269297	-0.0961393840092446	-0.156345642166039	-0.161315727023037	-0.0223276747649809
LV7008886778	-0.0477044951361802	-0.0282619019797209	0.0855806191968536	0.156422193516982	0.115188906191743	-0.0179769661137256	0.0625526631152915	0.039140884095293	0.0861799634406907	0.302080399047693
LV7008886754	0.00162958781062867	-0.0115160509105766	0.101844237977799	0.234209760780231	0.140037419617911	0.0115979568486674	0.0675466966822952	0.0502737738679439	0.081466581543707	0.230696092416213
LV7008886730	-0.029247605930127	-0.0258421609991287	0.0898949451954406	0.0744499154012372	0.111869440307204	-0.0199185179739684	0.0592980417711193	0.0490043050051615	0.0868290295981047	0.292109254656494
LV7008886706	-0.0548393337854217	-0.0243123507943512	0.0831103335472416	0.0916196774153534	0.0698414963726941	-0.0241377963889328	0.080589529262239	0.0315426031496487	0.0632822074214095	0.270812348147531
LV7008886743	-0.0548393337854217	-0.0290801528641079	0.029936953743258	0.00474320113598324	-0.055608192902291	-0.0597367134912642	0.0422763607297604	-0.0593452356616034	-0.0209156857509558	0.285501006362312
LV7008886719	-0.048366306108802	-0.0315797127298507	-0.0448004702599342	-0.0414359388153051	-0.07175668895482	-0.0581413953721919	0.0403285363438804	-0.0853131701421246	-0.065018753354595	0.23986430846454
LV7008886695	-0.0514558605657426	-0.0330891490841128	0.0638153593800668	0.0183963031384206	-0.0267468130532025	-0.0513545683313405	0.0599048576865782	-0.0139308379171699	0.0319814801958676	0.347754766390206
LV7008886768	-0.0548393337854217	-0.0337173335722209	0.0716956510421929	0.045671254286763	0.0086668353224698	-0.0566948931673292	0.0381645247666417	0.0107033634612069	0.0447387946583619	0.289154923988018
LV7008886744	-0.0514441434694419	-0.0295883642787324	0.000448625300847585	-0.0271539061802761	-0.0752356716861555	-0.0591062227804423	-0.00375840553680602	-0.148042030349685	-0.0638799317403769	0.305406160741147
LV7008886708	-0.0422764546316116	-0.0265098213961588	0.0353644373757177	-0.00220322980306555	-0.0639229437946483	-0.0582423968246278	0.0112335876167689	-0.0982415295849882	-0.0238898656702975	0.365701263553101
LV7008886781	-0.0548393337854217	-0.0380076982203977	-0.173379595341511	-0.0560072323562718	-0.0773520895674751	-0.0618603430293269	-0.240629110760424	-0.237032375188318	-0.251509357510372	-0.0287925272743135
LV7008886757	-0.0548393337854217	-0.0332650320418765	-0.173379595341511	-0.0550021107855251	-0.0750157575956607	-0.0610048963954289	-0.221532156448112	-0.219827915408121	-0.248193916897585	-0.00339616305242319
LV7008886222	-0.0504967940801441	-0.034181031562024	-0.00840709777922975	-0.0423268113091333	-0.0746985659343622	-0.0527888378452641	-0.0788076423319782	-0.0389900216615376	-0.0434888566459672	0.0148308269102284
LV7008886709	-0.0548393337854217	-0.0308746371962783	-0.071437308630234	-0.0490939127903113	-0.0654851808999861	-0.046199449621906	-0.0428331921496984	-0.0355334494093003	-0.0428668837958278	0.0189914222865742
LV7008886726	-0.00366345799477583	-0.00290941438350984	0.229794257952186	0.00310647510558106	0.0702074128797329	-0.00064462731875276	0.400379355647435	-0.113216226034974	0.0981477482103206	-0.000153235913540657
LV7008886702	-0.00366346888331509	0.0312477650870643	-0.0195437698355243	-0.00393460651800193	0.0401037527715646	-0.000627882705731221	0.228072935492048	0.157864469060796	0.0872555021139975	-0.00014527814910731
LV7008886763	-0.00366368137096861	0.0269187047372186	-0.354783920075484	-0.00393085159991528	-0.154767712103664	-0.000645856527617823	0.0362347885858063	-0.171380714108252	-0.310303941481582	-0.000163401837959496
LV7008886739	-0.00327444376255205	0.00552834350861144	0.226369969489516	-0.0023044270182686	0.485071964114292	0.0148462858861576	0.131831405442495	0.393327657153439	0.333808840081762	0.00632370503832502
LV7008886715	0.0869254680520746	-0.0028796525941168	-0.0573527505443196	-0.00383444329923031	0.115088784638161	-0.000130658215840309	0.0709270139259465	0.260153102705455	0.154044626842626	0.000104070548552249
LV7008886226	-0.00362139050244009	-0.00289236870032334	-0.136527317363595	-0.00386372156414788	-0.121427043637657	-0.000646279941764736	0.0781613435294837	0.0106230391340179	-0.0762861056837626	-0.000167088726328837
LV7008886752	-0.00339736459867656	-0.0029094088546704	-0.0575867082738755	-0.00391823725771319	-0.148772929116621	-0.000644972908981325	-0.0346724231184489	0.125739362937094	0.00773062449553149	-0.000153126902626379
LV7008886728	-0.00342579672439086	-0.00290942198660484	-0.150582867787535	-0.00393628827031175	-0.131050627458416	-0.000646245954964063	-0.0318202619011385	0.0678062916149619	-0.0162557566550386	-0.000156806640084807
LV7008886704	-0.00366315345898094	-0.00290949669611068	0.00482768880505798	-0.00385186057813916	-0.16316027005491	-0.000647270859262378	-0.114205629769027	-0.0349294350027693	-0.0517294207960805	-0.000155572042460542
LV7008886753	-0.00366368137096861	-0.00290943334168868	-0.106245783910079	-0.00372815116822987	-0.100140636930894	-0.000646053778952187	-0.230144129732407	-0.252263617032497	-0.0507554527027284	-0.00015307949409759
LV7008886717	-0.00366265935148605	-0.00290922524003271	-0.039841009989337	-0.00322959243157256	-0.138307245219583	-0.000646701778388821	-0.057716884015299	-0.107470088751725	-0.0740876694612682	-0.000159110193007165
LV7008886229	-0.00365333075465653	-0.00290583009619852	0.249293447446796	0.0134271013025753	0.292534822355753	-0.000621171862704516	0.171763074003193	0.22794678565517	0.229437026050019	-0.000402162325213281
LV7008886766	-0.00365067227064261	-0.00288773085373113	0.278295909818083	0.0199154762730237	0.372445759500932	-0.00061659658143076	0.142619358349924	0.186006982883328	0.228399116028349	-0.000464540612992146
LV7008886742	-0.0036466367201058	-0.00285886915815878	0.257178562900482	0.0123543009918251	0.398539582200019	-0.00058375738130872	0.151204887090962	0.256244490529341	0.262736383430372	-0.000578992175976784
LV7008886718	-0.00366282941478516	-0.00290870170269957	0.135009929338973	0.00201240819368585	0.111860251547664	-0.000642433354659068	0.113242306193101	0.126620221936221	0.135775057487873	-0.000333851169154415
LV7008886755	-0.00366368137096861	-0.00290949519547955	0.16752882374196	0.00364464539870977	-0.0636569328312918	-0.000647348273746334	0.0772354312873741	0.00099862391675961	0.0887340985758381	-0.000459133512741992
LV7008886731	-0.00366327190573982	-0.00290943758551318	-0.110261663773986	-0.0034413485877249	-0.157729831156599	-0.000647360318846152	0.037859524256047	-0.117004057738942	-0.0995476006452364	-0.00035322542118348
LV7008886707	-0.00366329166190009	-0.00290947295940464	0.0659128859597924	-0.00230645389548069	-0.120344385127974	-0.000647330437912895	0.0418976009480586	-0.0476786521676342	0.00374173183596183	-0.000441569359970135
LV7008886780	-0.00366238418353674	-0.00290910730117131	0.231014360157449	0.00597038340394998	0.225183457346738	-0.000637965750952733	0.102145475873248	0.173802792822234	0.19968223310653	-0.000393803860444959
LV7008886756	-0.00366351380179483	-0.0029094790394524	0.000994152769416424	-0.00293010035495776	-0.139078781027271	-0.000647354559064951	0.00192354767151282	-0.122476791233458	-0.0445506677574621	-0.000419265765791508
LV7008886720	-0.003656476292116	-0.00290897465187799	0.156498158576634	6.23498310346429e-05	-0.0517673995678909	-0.000644710183301579	0.0585482955281199	-0.135921417918814	0.0408089361358936	-0.000502834522134512
LV7008886228	-0.00366368137096861	-0.0029042898529191	-0.410864866947699	-0.00393994536101611	-0.173156893332565	-0.000647385558401858	-0.487168128732544	-0.477215034565871	-0.51115596293624	-0.000157002856474828
LV7008886769	-0.00366368137096861	-0.00287088594019118	-0.411789848094509	-0.00392954101706466	-0.173156893332565	-0.00064584089566663	-0.472455044822368	-0.314090203428079	-0.427928151935712	-0.000171626776785207
LV7008886745	-0.00364923754436791	-0.00290952036276996	-0.155065095751822	-0.00390307479872411	-0.166491555046876	-0.000647171509884386	-0.331876948129689	-0.178879413057909	-0.190036657010146	-0.000159197937905122
LV7008886721	-0.00366368137096861	-0.00276459683626975	0.0077274553914197	-0.00351049677988661	-0.108026651410078	-0.000643309228021391	-0.0839868936038331	0.0853918306921074	-0.0176645373298164	-0.000183869390896114
