sample	MEleiden6	MEleiden5	MEleiden3	MEleiden1	MEleiden2	MEleiden4	MEgrey
LV3003046953	-0.043155488252918	-0.0300608955769776	0.0928545780249894	-0.00594231699121728	-0.00721689138686354	0.0490608260185233	-0.0200299599506063
LV3003046939	-0.0213634286255447	-0.0329064985428552	0.130416319077356	-0.014899401934411	-0.0123119444561803	0.04629103127336	-0.0250233234630843
LV3003047045	-0.0245169538203445	-0.0341343005748746	0.124724351256041	-0.0264697725940463	-0.0179590146498536	0.0320780164661067	-0.0237265538651036
LV3003047028	-0.0473857724742114	-0.0351345564866786	-0.055610337246984	-0.0444911103566707	-0.122164302589062	-0.163923365178223	-0.0183216844454355
LV3003047013	-0.0376171277230196	-0.0339699280906683	0.120278627900945	-0.0285225843020019	-0.0480807437851448	0.0123475113788402	-0.0286686722596747
LV3003046995	-0.0353591477330843	-0.0332842464469174	0.110957332580911	-0.0259560145615607	-0.027543682926311	0.0165784668278181	-0.021655555337187
LV3003046980	-0.0458857741120446	-0.0330588028226331	0.161755827588801	-0.0236610592562704	-0.0394220957338812	0.0165276998947802	-0.033789403266047
LV3003046952	-0.011998615780249	-0.0347537472015125	0.187778321436195	-0.0125853058427262	-0.0231116617606695	0.0118330478887168	-0.0324601027901165
LV3003046938	0.0321438970054742	-0.0351345564866786	0.205094338964309	-0.00859697362379498	0.00843145503152599	0.021122709527096	-0.037468519519836
LV3003047044	0.0846710760605112	-0.0279792326375767	-0.0321428965468654	-0.00339519014409024	0.0333695829498783	0.0104918033928875	-0.0216744649676923
LV3003047027	0.0180002414157131	-0.0294832079052863	0.191234857871259	0.00583446845290225	0.0399191449786113	0.035920702773118	-0.0324433542096364
LV3003047010	-0.0268701629295785	-0.0334975837812508	0.180179875783805	-0.00913615245924096	-0.0189206622155185	0.0187836343315765	-0.0324915757848952
LV3003046994	-0.0473857724742114	0.24315053315842	-0.044513202741048	-0.0279539754097436	-0.0177252842936922	-0.00585651580389421	-0.0197463423313719
LV3003046979	-0.00476569225468337	0.0871947703910952	0.0481577439982731	-0.00441769648805412	0.0565687240891608	0.0399484431707937	-0.0164588678433252
LV3003046966	0.0994110592225552	0.0420956508372122	-0.00478554043628936	0.078618174388081	0.0898155514705529	0.0525919284371379	-0.0303826811768129
LV3003046950	0.044581262860434	0.0269062749469529	0.0210402135332665	0.108300551174884	0.104076775089699	0.057184586205815	-0.029407209411563
LV3003046937	-0.0245627814879554	0.00459043913456991	-0.0218053843422256	0.00267248822599818	0.0673088897160789	0.0374014701250082	-0.0230164729398724
LV3003047041	-0.0195520796470619	0.152835130919584	0.0418158084401768	0.173363575471205	0.115208548770331	0.0817257666089354	-0.0261007144663009
LV3003047026	-0.042353946748272	0.340382322198921	0.0147938654254026	0.0736513315683175	0.0730034960047615	0.0603480573398497	-0.0139494190914853
LV3003047009	-0.0454257686856935	0.284955257078377	-0.039344900165326	0.00734804945525351	0.0128422712006834	0.0142286690981232	-0.00544271006611397
LV3003046993	-0.0411345137243602	0.331511159899355	0.175983718803236	0.0804872143471987	0.0701798430577494	0.0565414455737016	-0.0359610817802295
LV3003046978	-0.0214220789551997	0.108048213063644	0.0353163235797362	0.192580418854899	0.110756726296003	0.0781660105287833	-0.0150951305138172
LV3003046965	0.028220610953237	0.114539486792551	0.0638316685412304	0.291199999952753	0.138679104674185	0.0908091066153325	-0.0359386969413079
LV3003046949	-0.0150372025145183	0.0232434167558247	0.0344102188025525	0.196561407936985	0.107594159914048	0.0702401313402841	-0.0204661691873008
LV3003046936	0.00225004516506056	0.0793164241077044	0.0511438687430448	0.261891773830465	0.133805892139708	0.0895687895242743	-0.0309775213736046
LV3003047145	-0.0473857724742114	0.191386418648769	-0.0172183150073059	0.0145773952678428	0.0636425417451602	0.0454164711548721	-0.0144472893555947
LV3003047132	0.0988921361379982	0.0427761671398183	0.0685521877306355	0.280408618652893	0.143199254226003	0.095368609815059	-0.0429662496799226
LV3003047118	-0.0217029614498584	0.0186564064087972	0.0346222852901742	0.167503033419908	0.108119711271763	0.0713769577255937	-0.0184801522092707
LV3003047099	-0.00465164605457798	-0.0152528183009088	-0.0198362905872807	0.0251961778342474	0.0541467377082153	0.0380028861299109	-0.0229862484379784
LV3003047071	0.111454998781119	-0.0208834757232595	-0.0442213548660046	0.00679877462357472	0.0684071768470019	0.0258882297870334	-0.0217352284678881
LV3003047169	0.196598838068331	-0.0126518709796846	-0.0403723446972762	0.0352713202148126	0.0756677150764487	0.0367221829375729	-0.024043456064244
LV3003047156	0.118987933718432	-0.0211671651090305	-0.0270391085525919	0.0377847997335087	0.0831040612533978	0.0294687134178177	-0.0223328671531892
LV3003047144	0.195911194923629	-0.020337431766438	-0.0159674215005064	0.0545227140902013	0.0905109597448768	0.0483271004589583	-0.020778823299801
LV3003047131	0.072275027350304	-0.0233702147635415	-0.0285156535077919	-0.027514543508447	0.0404326190603816	0.0326691385819084	-0.0182023842376852
LV3003047117	0.0686983431943559	-0.0261130603721036	-0.0449394942312285	-0.0281658826350843	0.0265905624146688	0.0216979845439099	-0.0178461580843838
LV3003047098	0.141569415135522	-0.0233145447210936	-0.0589651683568702	-0.0292002075850174	-0.0170167175400531	-0.00678451447922662	-0.0187070552115348
LV3003047085	0.226265148469657	-0.00871397046406597	-0.0413702929540599	0.00468170416716496	0.0515023571819892	0.0166780782653838	-0.0181883317739008
LV3003047070	0.14874148873243	-0.0209618428492504	-0.0553354639342091	-0.0298790731133344	0.0247132778888235	0.0112640389753221	-0.0206660031095026
LV3003047168	0.182186003196535	0.00561097012325016	-0.0391602883588586	0.011176260200231	0.0525226104723742	0.0208151626706785	-0.0163066926032222
LV3003047155	0.220928238569266	-0.0220477341708946	-0.0566524493255071	-0.0305135939870184	-0.0242588308148894	-0.0179391286186017	-0.0187953623347576
LV3003047143	0.161567649069109	-0.0235801330910992	-0.0297499307005823	-0.0352216470352557	0.0408378531232739	0.0270397925464065	-0.0171548279230478
LV3003047130	0.102610558578584	-0.0311409750879905	-0.0472832904333045	-0.0321875771890325	0.0208090186713265	0.0080475940427838	-0.0191242123945775
LV3003047114	0.024800729708345	-0.0321121207908266	-0.0400936268083414	-0.0388453660658817	-0.000118660612190648	0.00716673811190106	-0.0190196884341579
LV3003047097	0.124046762450804	-0.0258135678677598	-0.0378601377609408	-0.0325706221928287	0.0348360745108569	0.0252840220109945	-0.013917162621753
LV3003047084	0.0270952275365474	-0.0244782169937394	0.0365718336241566	-0.0101857434430935	0.0515469695174465	0.0456731941031283	-0.0130061097399245
LV3003047069	-0.00410696778217971	-0.0233261645604766	-0.0505016649503574	-0.0359952753124057	0.0218761003634402	0.0166389631026026	-0.014542380459288
LV3003047167	0.00095782480448514	-0.0290524675398684	-0.0593589967672335	-0.0283713856928535	-0.0154757028717073	-0.0157696570994022	-0.0170395953641606
LV3003047154	-0.0410164451516647	-0.0241614469683024	-0.0481750331259323	-0.038434844319553	-0.00634873526764735	0.0155749533386389	-0.0177815699723175
LV3003047142	0.0215800637839466	-0.0218147331017725	-0.0557052747813679	-0.0241753509581671	0.0127815394556456	-0.0107724308431865	-0.0198410348593714
LV3003047129	0.10234067831788	-0.0189888354561338	-0.0516082101820249	-0.00958196970238508	0.0458537476415697	0.0215371839224417	-0.0192558665061768
LV3003047113	0.149279706525671	-0.012528703287548	-0.0374147427780555	0.00537324305191631	0.0710091699380466	0.0430462556978919	-0.021931606686814
LV3003047096	0.159614966813903	-0.0195265733503705	-0.0461330667249843	-0.010828798437967	0.0524202946472895	0.0257793032707959	-0.0183216844454355
LV3003047083	0.00375124309698018	-0.0312301839842094	-0.051192767264669	-0.0316703096561309	0.00732722228572564	0.0198858570341862	-0.0189582417001175
LV3003047068	-0.0166939206384704	-0.0293200815048831	-0.0565029943439795	-0.0315090012491376	0.0105776939254393	0.018708110865188	-0.0183216844454355
LV3003047166	0.0284386889880526	-0.029049296911937	-0.0360149305806552	-0.0206096782362596	0.0446013169833162	0.0298317184266298	-0.0183216844454355
LV3003047153	0.0260117857288455	-0.0265192796034261	-0.0410139043009692	-0.0282070954696356	0.047258581202398	0.0350325400859438	-0.0219334935409357
LV3003047141	-0.0473857724742114	-0.0337660206843222	-0.0606329344363885	-0.0444911103566707	-0.120634443278952	-0.172564685209652	-0.0183216844454355
LV3003047128	0.0895967211443154	-0.0227652447299068	-0.0412211113931735	-0.00112328011921337	0.0445174360868423	0.0186043888830018	-0.0214659976241225
LV3003047112	-0.0180182760094966	-0.0294630836753963	-0.0390058194337047	-0.0275812447224991	0.036744012826986	0.0286282227877901	-0.0192441404186931
LV3003047095	-0.0350036768293317	-0.0306661910929436	-0.0439961076646926	-0.0354947522500632	-0.0102695896918401	0.0158064081444545	-0.0183216844454355
LV3003047082	-0.0339122026977557	-0.0300064154721819	-0.0490007334035365	-0.0402393623295711	-0.0283806149519253	0.00481472749505504	-0.0187935134420922
LV3003047067	0.0163674856260895	-0.0165226613100862	-0.0193902887277385	-0.0283407676168872	0.0556849472810691	0.0356005717687884	-0.0200757007985293
LV3003047164	0.000821619709157072	-0.0305689829773179	-0.0561912869423932	-0.0385737907154277	-0.0178263322382324	0.00102859114706314	-0.0183216844454355
LV3003047152	-0.00799147947610384	-0.0287509464780883	-0.0367961429395287	-0.0376548173832479	0.0281670463503925	0.0205158398686273	-0.0192698232909214
LV3003047140	-0.0438896465098572	-0.0351345564866786	-0.0604882571909736	-0.0443176851428038	-0.0978853777960763	-0.12270197366254	-0.0183216844454355
LV3003047127	-0.0440170257588609	-0.026886811228665	-0.0596773862814066	-0.0429893096390738	-0.0844264880272247	-0.0527715634205357	-0.0183216844454355
LV3003047110	-0.0321878214116951	-0.0316781114137877	-0.0571268517933696	-0.040084572950701	-0.0369595531363928	-0.00594563060578193	-0.0183216844454355
LV3003047094	-0.0300327255425807	-0.030260806554844	-0.0289857471172554	-0.0388311257885987	-0.0137568464034809	0.0228828653264099	-0.0189778587828839
LV3003047081	0.00216089604705689	-0.0238080955127855	-0.0307347294284798	-0.0193131963971759	0.0325984077559882	0.0203376613005393	-0.0219022491242577
LV3003047065	-0.0473857724742114	-0.0117944574979495	-0.0562883577262613	-0.0311153075747964	-0.0656248139513561	-0.0613051287892713	-0.0163914946804736
LV3003047161	-0.0473857724742114	-0.0339876318060474	-0.0604551794772173	-0.0441655184371148	-0.117142658147777	-0.174958112494012	-0.0183216844454355
LV3003047160	-0.0473857724742114	-0.0330083169732759	-0.0605435528597944	-0.0435939181794991	-0.120055870610798	-0.181286583371811	-0.018399178405165
LV3003047159	-0.0399486963546084	-0.0298044853121634	-0.0403820018216605	-0.0412114943033617	-0.0410291718215438	-0.00154351410838089	-0.0183216844454355
LV3003047158	-0.0401577961079919	-0.0275971712192788	-0.0584680456293023	-0.0261567571107222	-0.00242379340330178	-0.0277729300038073	-0.0179867587503969
LV3003047139	-0.0454097768908387	-0.0295170904248549	-0.0586830097423774	-0.0300045291807446	-0.00854421418742917	-0.0241471492009517	-0.019384059635237
LV3003047150	-0.0346578708105125	-0.0205828506671933	-0.0448752004887432	-0.00952978614287946	0.0415635338790353	0.0160237935007683	-0.0201935778258663
LV3003047149	-0.0473857724742114	-0.0229130240459007	-0.0534639925183735	-0.0380334835917366	-0.035317091296408	-0.00799500171731638	-0.0178482899689572
LV3003047148	-0.0441873747071992	-0.0201652663208193	-0.056655484735504	-0.0350736882580383	-0.0185312786413549	0.00210428947258353	-0.0139823899897226
LV3003047147	-0.0412826379689126	-0.0225443241042889	-0.0513797157082099	-0.031218992213325	0.00398799105653314	0.00150522168570011	-0.0189184852444751
LV3003047146	-0.0244575202995205	-0.0149728296489164	-0.0268752684107318	-0.00417939471169436	0.0514714247289067	0.0339835307152853	-0.0203175900614723
LV3003047126	-0.041532786065749	-0.0302973139156769	-0.0534324558209071	-0.0386445628271481	-0.0322770897962254	-0.00524323661377219	-0.0180108787413157
LV3003047138	-0.0422007064557385	-0.0272934105380039	-0.0129267665465858	-0.0389970713092382	-0.0502313959392075	0.0101823372591455	-0.0152034274427759
LV3003047137	-0.0308373804580509	-0.0220964048909418	-0.0546821637127275	-0.036253819910621	-0.0429221741481971	-0.0357637560482294	-0.0155597424446258
LV3003047136	-0.0473857724742114	-0.0306199135614403	0.0209495199040517	-0.0382564144799476	-0.0206213558984359	0.0173625625656731	-0.0155845928997848
LV3003047134	-0.0444399155540617	-0.0294235429090882	0.0539484900523779	-0.0375632562349597	-0.0608066752722162	-0.00352434498323846	-0.0087530853453912
LV3003047133	-0.0261981533119547	-0.0324465501933172	-0.0358116826128486	-0.0413576301831495	-0.0320074267244314	0.0168462079600847	-0.0162654004824381
LV3003047107	-0.0399060647399666	-0.0298719317446091	-0.0312162854822569	-0.0412505510954401	-0.0161567958908534	0.0224472542523954	-0.00973944350804693
LV3003047125	-0.0473857724742114	-0.0344608665768702	-0.0472399633637104	-0.0433828841722429	-0.0984985499790318	-0.0483876634383903	-0.0151028110191217
LV3003047124	-0.0473857724742114	-0.0275456644067128	-0.0560656265695749	-0.0402151594549869	-0.105938325329911	-0.115215546227148	-0.0151171175704291
LV3003047123	-0.0473857724742114	-0.0333285941694574	-0.0588535751793345	-0.0419559952231529	-0.114917391096102	-0.142345807482965	-0.0162832157478602
LV3003047122	-0.0473857724742114	-0.0326037256505962	-0.0592992808115264	-0.0436639479276166	-0.103124881796249	-0.120478851381511	-0.0161570316721016
LV3003047093	-0.045577747911743	-0.0283127726114389	0.0225483835258809	-0.0390186076472471	-0.0513130819837045	0.0148624211919003	-0.0103988832017375
LV3003047106	-0.0458661470715823	-0.0280360106485597	-0.0485034602747995	-0.0442251165868614	-0.0937718024361292	-0.0321032808875392	-0.00115543026676358
LV3003047105	-0.0473857724742114	-0.0320468912571694	-0.0597480172110943	-0.0444911103566707	-0.113587085021691	-0.118952489200835	-0.0151182367521715
LV3003047104	-0.0473857724742114	-0.0336342947979208	-0.0567585324661327	-0.0434381499447837	-0.110096446543929	-0.109980306613935	-0.015034375465479
LV3003047101	-0.0473857724742114	-0.033943571709114	-0.04077941467656	-0.040252304814525	-0.0693210086397862	-0.00699522175464154	-0.011319669695282
LV3003047100	-0.046033032380761	-0.0251428030225407	0.00145962038351969	-0.0383533131796434	-0.0508184053014048	0.0194742517770689	-0.0120201845870304
LV3003047080	-0.0473857724742114	-0.0240134290465307	-0.0192991011708076	-0.0400397146087342	-0.0362016705541387	0.0272507824071392	-0.000354367793026237
LV3003047091	-0.0473857724742114	-0.0286537176804716	-0.0177162580681152	-0.0399043405751377	-0.0841428221137496	-0.0156987741668562	0.0165710682365258
LV3003047090	-0.0411455869534942	-0.0311176705438511	-0.0557586526158305	-0.0436785802654664	-0.112492971654531	-0.103391777662907	-0.000402993879719731
LV3003047089	-0.0473857724742114	-0.0310375919296723	-0.0123585436001306	-0.0421679167856005	-0.11235771899214	-0.10532794098628	-0.0113836960442065
LV3003047088	-0.0473857724742114	-0.0324488326625676	-0.0482404734033763	-0.044048703562556	-0.116161176321585	-0.129846061645259	-0.0160976164379562
LV3003047087	-0.0473857724742114	-0.0330122860258325	-0.0549744169636629	-0.0440324152655503	-0.0934878241326322	-0.115800014830252	-0.0126783425316996
LV3003047064	-0.0473857724742114	-0.0314156930154498	-0.0601850813127132	-0.0445454910614649	-0.122456198768825	-0.18418696392504	-0.00438298087761396
LV3003047079	-0.0461096841216937	-0.0219134969962723	0.019034792860789	-0.0402597105484463	-0.0793826593646301	-0.0510112363088206	-0.00807334977411869
LV3003047078	-0.0473857724742114	-0.0335450215734349	-0.0601104276928838	-0.0444911103566707	-0.114492267763467	-0.175276790945524	-0.0164510120737782
LV3003047077	-0.0473857724742114	-0.0298356017728907	-0.0601981550185024	-0.0438377281408801	-0.0948317639690498	-0.135467411954283	-0.0127429956886057
LV3003047074	-0.0473857724742114	-0.0301748692565135	-0.0600923603700633	-0.0445423116268801	-0.121858455735434	-0.188028867484998	-0.0187293312820113
LV3003047073	-0.0473857724742114	-0.0341389035123499	-0.0605656916631869	-0.0444452326420192	-0.122730392306519	-0.19233713100515	-0.0167984993430038
LV3003047162	-0.0473857724742114	-0.0284668812498971	-0.0600628080918041	-0.0438102994031418	-0.116966319925445	-0.173018781703731	-0.0134072482217408
LV3003047063	-0.0473857724742114	-0.0324732620374491	-0.0605651017577064	-0.0443004497182146	-0.109328478345423	-0.173616522658511	-0.0178002672483683
LV3003047062	-0.0458579323365865	-0.0226273406433289	-0.0604002293082772	-0.0433989896762251	-0.104380218417297	-0.138241139307421	-0.0162860224259088
LV3003047061	-0.0473857724742114	-0.0311720951865782	-0.0606160580576168	-0.0442703521528786	-0.106684695918726	-0.12618619540884	-0.016347482577563
LV3003047060	-0.0473857724742114	-0.0325201124018236	-0.0563427273922807	-0.0430551593228426	-0.0973578113105061	-0.0947990626232181	-0.0174437486243363
LV3003047059	-0.0473857724742114	-0.0284227227080066	-0.0575378033717851	-0.0438721238357759	-0.095902872454546	-0.104161931968851	-0.000704081081933522
LV7001898100	-0.0435045230626271	-0.0288088776658326	0.135192624642289	-0.0186548444488279	-0.00494802897697543	0.0551638167720907	-0.0237996175335509
LV7001898088	-0.0117598830509479	-0.025693581725046	0.105211678682489	0.0604131882554697	0.0771629829883719	0.0770082737051168	-0.028935480184426
LV7001898076	-0.0275079835881541	0.234199424243249	0.106902618896852	0.267953642013773	0.123007274567612	0.0945323968675331	-0.046002090502207
LV7001898064	-0.0440503849599572	0.206955127727288	-0.0048790148872007	0.0171098903593823	0.0565049517950948	0.0513396516858296	-0.0120848856671645
LV3003061546	-0.0473857724742114	0.267123820695565	-0.0492525506677602	-0.0225127292854904	-0.0308902382110152	-0.00408927216285973	-0.0205676686967072
LV3003061533	-0.0473857724742114	0.287156517429626	-0.0396913737347919	-0.0154465062215189	0.020159412331202	0.0262038707343661	-0.0235325018502838
LV3003061518	-0.00216323448898816	0.0393110494237827	0.0596924759827858	0.176444366797571	0.102703084637514	0.0748985540207899	-0.0313570393567713
LV3003061506	-0.0420164812242554	0.126198287717141	-0.0463933666639925	-0.0280187047294458	0.00169199503187322	0.0211056370379396	-0.0209527635690754
LV3003061492	0.0107967767229863	0.150337145627454	0.0797927278496498	0.282871189585814	0.127660931403543	0.0952841086171713	-0.0495232192432515
LV3003061477	-0.0120199227604723	0.0331575063534922	0.0842577678361155	0.265907416801806	0.12205493715729	0.0860801439446473	-0.0456372010366167
LV3003061572	-0.0223987242289545	0.0588092690223864	0.0564643208217544	0.240207116556697	0.118697082900532	0.084757303657872	-0.0404643910841858
LV3003061559	0.159009929882011	-0.0069475459743478	0.0177869163380515	0.0292632361168369	0.0740918651597503	0.0513747148570665	-0.0201685414111746
LV3003061545	0.25723655032749	-0.00545130906448175	0.00977396383086147	0.0773156206053114	0.0852258264288616	0.0566871648323509	-0.0260615629290684
LV3003061531	0.27307723423361	0.00577396583936355	0.0470735312375048	0.0891947250011087	0.105008509809151	0.0699193439065875	-0.0280163376628882
LV3003061517	0.179659512837127	-0.0143573016870121	0.0772721494670238	0.0797819227520956	0.0963596469550119	0.0697920336600247	-0.0255896644132385
LV3003061505	0.0417362698642772	-0.0265017764898269	-0.0381591247005383	-0.0199812722677667	0.046286076204214	0.034825701697892	-0.0198486129303224
LV3003061488	0.156579377693762	-0.0137627571334571	0.0326063178480748	0.0709545634418731	0.0960974238560622	0.0619533055218978	-0.024960361082417
LV3003061476	0.0702866009004737	-0.0259787062737093	0.0227417056086061	-0.000117495922926405	0.0614550484945583	0.0464006070683439	-0.0198846853160208
LV3003061571	0.0396722905436967	-0.00600215239535016	-0.0409860113254924	-0.00914379976232674	0.0429814164894427	0.0354439081793817	-0.0188750801045388
LV3003061558	0.0719775790266632	-0.0243010333012332	-0.00794974628906235	-0.00256105178784572	0.0766561259559002	0.0491374624692152	-0.0197333017712612
LV3003061544	0.00899343741136223	-0.0304042082247804	-0.0141139435917465	-0.0219585393033129	0.0581761075909201	0.0389976905407875	-0.01972383319126
LV3003061530	-0.0264417203352179	-0.0351345564866786	-0.0339883981640847	-0.0397216431737419	-0.00676301539640832	0.0218879652470322	-0.020282256923418
LV3003061516	-0.0137797892476741	-0.0319136703072534	-0.0412046743702892	-0.0339582494245903	0.0274051257875618	0.0300967418747713	-0.0188465568479327
LV3003061504	-0.0193072251893507	-0.0351345564866786	-0.0395541931601011	-0.0327734063964935	0.0223417637298147	0.0243670317854864	-0.0194852984702798
LV3003061486	-0.0441460829551044	-0.0287166655311351	-0.0564067702182139	-0.0421409249146961	-0.0513986240680552	-0.0101789757042442	-0.0188054444309118
LV3003061475	-0.0440334270381394	-0.0297143305232232	-0.0346079555706486	-0.0359089697566966	0.0138777762313653	0.030606852091003	-0.0128077751474612
LV3003061570	-0.0178081838764423	-0.0313731490713379	0.0275126764611687	-0.0250223152608131	0.0496936646597202	0.0476953215212461	-0.0227767805952317
LV3003061557	-0.0278383548432623	-0.0327745131071869	0.0579829867537774	-0.0313305408603528	0.0127471801955753	0.026893027104376	-0.0184097375413452
LV3003061543	0.00742500584044569	-0.0258321753000342	0.0998810634524373	0.0438671684546941	0.0917022973763491	0.0676142674683101	-0.0278752623360165
LV3003061529	-0.033524332975144	0.00181268868964294	0.120114787614863	0.0823651649384063	0.0961081379382797	0.0736798916390378	-0.0262351614827211
LV3003061515	0.0176475800704345	-0.015685312161933	0.255929627969413	0.100341033133147	0.0934826148033782	0.0900643262320501	-0.0278194630220793
LV3003061503	-0.00118447451986411	-0.0241174376425215	0.113559743694675	0.0129886915679528	0.0815823758584224	0.0751218191015189	-0.0138846941806508
LV3003061485	-0.016453845714388	-0.0238627529822198	0.194005260566988	0.09154422225258	0.0982202156413739	0.0904460666968578	-0.021585514103544
LV3003061474	-0.0345743091881018	-0.0254055687127083	0.0548576067084256	-0.0188946742968124	0.0503531984325407	0.0562503417873548	0.0014391768439703
LV3003061569	-0.0473857724742114	-0.0291270260806434	0.104988219260092	-0.0212732521566192	0.0607327909109034	0.0627577802017158	0.0149462761371241
LV3003061556	-0.0302959481027694	-0.0305064798548486	0.0338083487835702	-0.0346136513942163	0.00363469111626674	0.0395229196064814	-0.00228068341731363
LV3003061541	-0.0181184229847126	-0.0257657176954499	0.0176230553552475	-0.031318350801163	0.0365236663846787	0.0540982103281008	-0.00327032326918325
LV3003061528	-0.0446467241888247	-0.0302997449020369	0.17244399193618	0.0273413712774261	0.0670180941556401	0.0767188424731325	-0.0109412728926345
LV3003061514	-0.0347627902853985	-0.0267632614259137	0.227570974445944	0.0779204847070685	0.0805382526882374	0.0879478535143471	0.00412770745087878
LV3003061501	-0.0218404634758585	-0.0290927338335797	0.0572148629417704	-0.0300768817065951	-0.016619002116377	0.0422336554161593	0.000540313248655729
LV3003061489	-0.0249598653743344	-0.0300395769130822	0.00945806634939892	-0.0406246102625543	-0.0905905801278704	-0.0497154448564527	-0.0109151008203397
LV3003061473	-0.0473857724742114	-0.0316969347089044	-0.0502589328434569	-0.0434377079600132	-0.0890031074771679	-0.0965115141700362	-0.0183216844454355
LV3003061568	-0.0473857724742114	-0.0341921725023964	-0.0603367763424551	-0.0436754844183046	-0.108974356967593	-0.161124948269345	-0.0183216844454355
LV3003061555	-0.045617416331694	-0.0345569819263959	-0.0593113772634876	-0.0440428280500356	-0.0993030838193821	-0.131042343548216	-0.0183216844454355
LV3003061539	-0.0408193568516849	-0.0337998704308402	-0.0482014924533273	-0.0332672072214895	0.00024493883863022	-0.00671117051321898	-0.0183216844454355
LV3003061527	-0.0473857724742114	-0.0338263659768322	-0.0606922205649871	-0.0447015035211164	-0.111309101757376	-0.164111195251276	-0.0183216844454355
LV3003061513	-0.0473857724742114	-0.0311247353832217	-0.0476864824322539	-0.033110106175613	-0.0150052432825455	-0.0109417901484832	-0.0189955647970676
LV3003061500	-0.0445576853377539	0.0627844915436208	-0.0423871055047613	-0.0299247787252902	0.0147147225437653	0.0272818000392831	-0.012583279134145
LV7008886714	-0.0389341504698586	-0.0149505751658749	0.0753679503419776	-0.0219381307838669	-0.0180285034268556	0.0551032169104272	-0.0183216844454355
LV7008886690	-0.0473857724742114	0.183623122445559	-0.0542881145014892	-0.0360019555346744	-0.0947631488657979	-0.0482281813205442	-0.0108290184542081
LV7008886751	-0.045577747911743	0.244628416350578	-0.0462299178266198	-0.0219934542263375	0.007922070458167	0.0139822605602457	0.0235223036122645
LV7008886727	-0.0395301624411942	0.138056306755463	0.0380079400454382	0.222204245370311	0.115510490188873	0.0719177735035523	-0.0183670853608089
LV7008886703	0.27682376022462	-0.0133281406220242	-0.0134794399585471	0.0394891535495549	0.0876529884028154	0.0427645468087411	-0.00576312363786921
LV7008886776	0.201849372023618	-0.0268778758435303	0.0444208682911282	0.0617034994551714	0.100324587441834	0.0609204392659878	0.0013500501928349
LV7008886740	0.00616344825148015	-0.0295649266341976	-0.029426847541824	-0.0250555981161142	0.0433352365376814	0.0242190412162829	0.0125175747589803
LV7008886221	-0.0214937633514147	-0.0240239307494208	-0.0517284450903662	-0.0328698880873944	0.00319544980700038	0.0273697611464592	0.0154423802741672
LV7008886692	-0.0253275709728347	-0.0277298507274916	-0.0537588820101026	-0.0423664057554643	-0.060435342051133	-0.00578988153451216	0.00602414015543414
LV7008886765	0.00441461888874348	-0.0211057825549908	-0.0396895127241777	-0.0256565267402908	0.0339469195860835	0.0345083158175077	0.0293464254664851
LV7008886741	-0.0473857724742114	-0.0345760921903192	-0.0573292185952245	-0.042086641008437	-0.106370727295309	-0.141380521532606	-0.0176866283051754
LV7008886705	-0.00334929414212119	-0.0262523051483578	-0.0566536422191057	-0.0411080725959137	-0.102403846881222	-0.0671583676087341	-0.0183216844454355
LV7008886778	-0.0383073754008122	-0.0202654856737359	0.165439917734134	-0.00587159814826225	0.0546656713493569	0.076286726730092	0.292251787187044
LV7008886754	0.0172846175184798	0.00213073605041882	0.216426537287329	0.0275357853061912	0.0647778867035287	0.0779165164868017	0.176433368038307
LV7008886730	-0.00599338638877557	-0.0124916983840731	0.11513600745001	-0.00273924838794903	0.0615487712834117	0.0792363012123195	0.249218606311269
LV7008886706	-0.0439226463844478	-0.0166986285300548	0.109854833597996	-0.0118110675579191	0.0455174702892347	0.0714510158057815	0.252130170455094
LV7008886743	-0.0473857724742114	-0.0220820070532329	0.00137804768498013	-0.0396604776918133	-0.0586497361220745	0.0340998020222176	0.358222117704696
LV7008886719	-0.0385901735377858	-0.0177845571818817	-0.0425987197632711	-0.0404928972028477	-0.0793895322975707	0.0242122992689125	0.252955465667896
LV7008886695	-0.0419624744094375	-0.0207917134598061	0.0433214690482031	-0.0342649247803235	-0.0136467371530973	0.0563679210037838	0.36148156621844
LV7008886768	-0.0426617473837734	-0.0239792444330103	0.062095920973873	-0.0384812219113569	0.0109235302888963	0.0530113535315476	0.334206584246918
LV7008886744	-0.0445167968704427	-0.0165719889788085	-0.0273943111278011	-0.0398354910137743	-0.101833350355554	0.00435611471436914	0.327135000885598
LV7008886708	-0.028946151283499	-0.00478842175056819	0.00768373933106869	-0.037570434531533	-0.0809931016226108	0.0288778327324147	0.373273918566194
LV7008886781	-0.0473857724742114	-0.0351345564866786	-0.060116501077052	-0.0442577798293092	-0.107561285185097	-0.158359680237728	-0.0186078358144665
LV7008886757	-0.0473857724742114	-0.0312222332841011	-0.0590500231132159	-0.0437313373267681	-0.10143001210471	-0.150687078115536	0.0151756624357628
LV7008886222	-0.0391921743501725	-0.0310902103684186	-0.0438977368728825	-0.0391492075944645	-0.0240492359407138	-0.0121565733766396	0.0388156486677545
LV7008886709	-0.0473857724742114	-0.0231675200581715	-0.0505426543556874	-0.032332874418121	-0.02434519205548	-0.00817327534132753	0.0281786577759285
LV7008886726	-3.18454846073765	-2.96928146319937	9.32878683799903	-5.56387024936308	-5.91531109524766	6.27782391731425	-1.60303828222409
LV7008886702	-2.99245963031655	24.3644250623668	-3.19072141718458	-1.35607810243542	4.05485628673338	7.71348444867877	-1.59180487851714
LV7008886763	-3.46819735736922	17.7301500572602	-7.55664001974151	-6.26941022052013	-11.0967531148477	-8.13108489161638	-0.784991247919889
LV7008886739	0.133006881618602	8.86472554105134	11.9356487925303	46.5025469702177	19.0052209234024	14.6409437644812	-3.07994259963061
LV7008886715	21.5617144133416	-0.99709230051962	-0.850230708587337	8.67221431464133	13.0911495200361	8.65924894318327	-2.02705382466046
LV7008886226	-2.57259165131836	-1.45633071817098	-6.22689594492092	-4.60590879215909	-3.30134099593924	2.54748145389917	2.29502417578736
LV7008886752	2.95941853057865	-2.75983499871647	-6.9579852745948	-5.85609408640029	2.97819184019252	4.51182035061742	-1.13859068544349
LV7008886728	1.87998839106768	-3.64374860043743	-7.13794312599214	-5.93298084132401	1.59604185611747	2.74553010348916	-0.941809762588723
LV7008886704	-2.41049308104661	-3.56112458052419	-6.24870836199387	-6.90306406840293	-4.27496681730199	1.23651780684577	-0.451109885910327
LV7008886753	-3.31965869455247	-3.53239757148639	-5.11115113737217	-5.9324644112204	-10.65245807659	-4.11213095230175	0.0903855887711538
LV7008886717	-2.43129828246611	-2.74332814237124	-4.33217938108872	-6.23589993193093	-8.02164925294953	0.331210464823628	-1.42079330399422
LV7008886229	-0.953055107918913	0.0366087131232962	21.8597903686166	1.88331477936962	9.88918813752841	14.2657940439949	21.3319032651811
LV7008886766	-0.911065818703936	0.309817496858112	29.1766511765072	3.37630525590937	8.34277223497692	13.4407409611014	9.40432216533352
LV7008886742	0.774743208953075	0.751339643118743	21.1937407493957	7.47414959323099	12.4443591625224	15.4038301864932	19.5421422426199
LV7008886718	-2.9770763923197	-1.74883233168863	7.969470341088	-1.95834885644274	4.49012579967892	9.12762167596716	12.0700787665206
LV7008886755	-3.46819735736922	-2.39537126219324	7.6495238940378	-5.85427921207769	-3.41738640044804	8.19868353614585	25.9408300265547
LV7008886731	-2.96809027135431	-2.04912918463529	-4.90556072946579	-6.12154457939861	-9.80772998251323	3.02962577154967	18.3690032202569
LV7008886707	-2.48061341310804	-2.35005469580725	-0.272202215682657	-5.50233908966099	-6.48698265524612	6.73201647145504	26.9013351884022
LV7008886780	-3.46819735736922	-1.63097453230836	15.924112608142	-2.33465151981272	6.4887595270561	12.2072977635471	18.3819050986771
LV7008886756	-3.13056274347296	-2.81985289869722	-3.33000569830259	-6.73073578411143	-9.38396546106405	4.41691296925701	24.9084084894986
LV7008886720	-1.03874387099731	-1.75125482855716	8.62340899819528	-5.29238192004407	-8.2216966867604	6.47565057163419	35.6508754338952
LV7008886228	-3.28606516191943	-3.37283620727784	-8.51642813639047	-7.52224344381708	-15.0644298275601	-25.1335233448372	-1.42079330399422
LV7008886769	-3.46819735736922	-2.60271043359046	-8.58073889420449	-6.9319151575156	-11.4250194012594	-18.8642660671352	0.966282739687384
LV7008886745	-3.22441321923623	-3.71942180991012	-7.71130461395536	-7.10984868169336	-9.7111062040802	-7.57607841824743	0.318597866068311
LV7008886721	-3.46819735736922	-2.1653968217007	-4.46451991906672	-5.55620701543773	1.01582475002336	2.76076711953541	0.641576504995117
