core	depth_in_core_cm	y_bp	benthic_foraminifera_concentration_n_per_gram_gt_150um	g_bulloides_pct	g_glutinata_pct	g_glutinata_with_bulla_pct	g_glutinata_without_bulla_pct	g_inflata_pct	g_scitula_pct	g_truncatulinoides_dex	g_uvula_pct	mg_ca_subsst_degc_jonkers_2013_calibration	mg_ca_subsst_degc_kozdon_2009_calibration	n_incompta_pct	n_pachyderma_d13c_vpdb_corr	n_pachyderma_d18o_vpdb_corr	n_pachyderma_pct	o_universa	p_to_b_ratio	planktonic_foraminifera_concentration_n_per_gram_gt_150um	polar_planktonic_spp_pct	sub_polar_planktonic_species_pct	t_quinqueloba_pct	total_planktonic_foraminifera_count	transitional_planktonic_species_pct
GeoB25202	4	644		30.8383233532934	5.68862275449102			0.598802395209581	1.79640718562874		0			18.8622754491018			20.3592814371257				20.3592814371258	40.7185628742515	21.8562874251497	334	38.9221556886228
GeoB25202	59	16154		2.5089605734767	0.3584229390681			0	0		0			0.716845878136201			95.6989247311828				95.6989247311828	1.4336917562724	0.716845878136201	279	2.8673835125448
GeoB25202	84	27488		3.11418685121107	0.346020761245675			0	0		0.69204152249135			1.73010380622837			90.6574394463668				91.3494809688581	5.19031141868512	3.46020761245675	289	3.46020761245675
GeoB25202	105	36392		4.91228070175439	0			0	0		0.350877192982456			1.05263157894737			90.8771929824562				91.2280701754386	3.85964912280702	2.80701754385965	285	4.91228070175439
GeoB25202	119	42867		0.955414012738854	0			0	0		0.955414012738854			0			97.7707006369427				98.7261146496815	0.318471337579618	0.318471337579618	314	0.955414012738854
GeoB25202	129	50162		2.93333333333333	0			0	0		0.266666666666667			1.06666666666667			94.4				94.6666666666667	2.4	1.33333333333333	375	2.93333333333333
GeoB25202	139	53700		2.24358974358974	0			0	0		0			0.641025641025641			97.1153846153846				97.1153846153846	0.641025641025641	0	312	2.24358974358974
GeoB25202	149	57963		3.7940379403794	0.2710027100271			0	0		0			0.5420054200542			95.1219512195122				95.1219512195122	0.813008130081301	0.2710027100271	369	4.0650406504065
GeoB25202	155	58903		8.94308943089431	0.5420054200542			0	0.5420054200542		0			0.813008130081301			86.1788617886179				86.1788617886179	3.7940379403794	2.9810298102981	369	10.0271002710027
GeoB25202	159	59650		1.52905198776758	0			0.91743119266055	0		0			1.22324159021407			94.8012232415902				94.8012232415902	2.75229357798165	1.52905198776758	327	2.44648318042813
GeoB25202	167	67809		12.5382262996942	0			0	0.305810397553517		0			1.52905198776758			85.6269113149847				85.6269113149847	1.52905198776758	0	327	12.8440366972477
GeoB25202	173	71576		5.62130177514793	0			0.29585798816568	0.887573964497041		0			2.36686390532544			89.9408284023669				89.9408284023669	3.25443786982249	0.887573964497041	338	6.80473372781065
GeoB25202	179	75087		1.04712041884817	0			0	0		0			0			98.4293193717278				98.4293193717277	0.523560209424084	0.523560209424084	382	1.04712041884817
GeoB25202	185	78698		4.6875	1.25			0.3125	0		0			3.125			81.5625				81.5625	12.1875	9.0625	320	6.25
GeoB25202	189	81320		2.99145299145299	0			0	0.427350427350427		0			1.28205128205128			93.5897435897436				93.5897435897436	2.99145299145299	1.70940170940171	234	3.41880341880342
GeoB25202	195	86636		1.23839009287926	0.619195046439629			0	0.309597523219814		0			2.47678018575851			89.4736842105263				89.4736842105263	8.35913312693499	5.88235294117647	323	2.1671826625387
GeoB25202	201	94575		2.35294117647059	0.784313725490196			0	0		0			3.52941176470588			90.1960784313726				90.1960784313725	6.66666666666667	3.13725490196078	255	3.13725490196078
GeoB25202	205	101906		3.94736842105263	5.92105263157895			0	0.657894736842105		0			9.21052631578947			65.7894736842105				65.7894736842105	23.6842105263158	14.4736842105263	152	10.5263157894737
GeoB25202	209	105208		9.01639344262295	2.04918032786885			0	1.22950819672131		0			20.4918032786885			52.0491803278688				52.0491803278688	35.655737704918	15.1639344262295	244	12.2950819672131
GeoB25202	213	109192		4.43037974683544	9.49367088607595			0	0.632911392405063		0			18.9873417721519			32.2784810126582				32.2784810126582	53.1645569620253	34.1772151898734	158	14.5569620253165
GeoB25202	223	119761		3.54609929078014	0			0	0		0			0.709219858156028			93.6170212765958				93.6170212765957	2.83687943262411	2.12765957446809	141	3.54609929078014
GeoB25202	227	122621		18.8953488372093	4.94186046511628			1.74418604651163	1.45348837209302		0			20.0581395348837			34.0116279069767				34.0116279069767	38.953488372093	18.8953488372093	344	27.0348837209302
GeoB25202	240	135859		2.87081339712919	1.91387559808612			0	0		0			1.91387559808612			87.5598086124402				87.5598086124402	7.6555023923445	5.74162679425837	209	4.78468899521531
GeoB25202	249	146733		0.714285714285714	0.714285714285714			1.07142857142857	0		0			0.714285714285714			95				95	2.5	1.78571428571429	280	2.5
GeoB25202	258	156248		2.85714285714286	0.317460317460317			0.317460317460317	0		0			0.317460317460317			86.6666666666667				86.6666666666667	9.84126984126984	9.52380952380952	315	3.49206349206349
GeoB25202	273	183971		0	0			0.980392156862745	0		0			1.63398692810458			94.1176470588235				94.1176470588235	4.90196078431373	3.26797385620915	306	0.980392156862745
GeoB25202	283	191267		4.0625	0.3125			0	0.9375		0			3.4375			86.875				86.875	7.8125	4.375	320	5.3125
GeoB25202	297	197674		5.1948051948052	0			0	0.324675324675325		0			0.974025974025974			92.8571428571429				92.8571428571428	1.62337662337662	0.649350649350649	308	5.51948051948052
GeoB25202	311	201225		4.37956204379562	0			0.364963503649635	0.72992700729927		0			2.55474452554745			90.5109489051095				90.5109489051095	4.01459854014599	1.45985401459854	274	5.47445255474453
GeoB25202	327	205482		5.01672240802676	0.668896321070234			0.334448160535117	0		0			1.33779264214047			89.6321070234114				89.6321070234114	4.34782608695652	3.01003344481605	299	6.02006688963211
GeoB25202	365	215803		7.4585635359116	0			0.276243093922652	8.56353591160221		0			4.14364640883978			75.9668508287293				75.9668508287293	7.73480662983425	3.59116022099448	362	16.2983425414365
GeoB25202	373	217722		4.93827160493827	1.54320987654321			2.16049382716049	7.09876543209876		0.308641975308642			13.8888888888889			44.7530864197531				45.0617283950617	39.1975308641975	25.3086419753086	324	15.7407407407407
GeoB25202	384	226082		10.9634551495017	0.332225913621262			0	1.99335548172757		0.332225913621262			3.98671096345515			74.0863787375415				74.4186046511628	12.2923588039867	8.30564784053156	301	13.2890365448505
GeoB25202	389	231392		13.75	0.9375			0.9375	4.0625		0.3125			4.375			49.0625				49.375	30.9375	26.5625	320	19.6875
GeoB25202	393	234517		14.7335423197492	0.626959247648903			0.313479623824451	7.21003134796238		0.313479623824451			8.46394984326019			25.3918495297806				25.705329153605	51.41065830721	42.9467084639498	319	22.884012539185
GeoB25202	396	236669		11.5511551155116	0			2.31023102310231	4.29042904290429		0.33003300330033			13.2013201320132			27.0627062706271				27.3927392739274	54.4554455445545	41.2541254125413	303	18.1518151815181
GeoB25202	409	245271		10.6896551724138	0			0.344827586206897	0.344827586206897		0.689655172413793			2.06896551724138			75.8620689655172				76.551724137931	12.0689655172414	10	290	11.3793103448276
GeoB25202	439	257793		1.65562913907285	0			0	0.662251655629139		0			1.98675496688742			95.364238410596				95.364238410596	2.31788079470199	0.33112582781457	302	2.31788079470199
GeoB25202	459	266054		4.5774647887324	0.352112676056338			0	0		0			1.05633802816901			89.4366197183099				89.4366197183099	5.63380281690141	4.5774647887324	284	4.92957746478873
GeoB25202	476	272873		5.75539568345324	0.719424460431655			0	1.07913669064748		0			1.43884892086331			90.2877697841727				90.2877697841727	2.15827338129496	0.719424460431655	278	7.55395683453238
GeoB25202	483	276142		6.32911392405063	1.58227848101266			0.632911392405063	1.26582278481013		0			2.84810126582278			86.7088607594937				86.7088607594937	3.48101265822785	0.632911392405063	316	9.81012658227848
GeoB25202	488	279168		4.75	0.5			0	1.25		0			1			90.75				90.75	2.75	1.75	400	6.5
GeoB25202	500	292364		15.1315789473684	1.31578947368421			0	3.61842105263158		0			1.97368421052632			73.6842105263158				73.6842105263158	6.25	4.27631578947368	304	20.0657894736842
GeoB25202	510	300218		7.02247191011236	4.21348314606742			0	1.12359550561798		0			1.96629213483146			84.2696629213483				84.2696629213483	3.37078651685393	1.40449438202247	356	12.3595505617978
GeoB25202	515	304086		13.3757961783439	2.86624203821656			1.59235668789809	2.54777070063694		0			9.55414012738854			64.968152866242				64.968152866242	14.6496815286624	5.09554140127389	314	20.3821656050955
GeoB25202	524	328774		23.7704918032787	2.04918032786885			4.91803278688525	13.9344262295082		0			26.2295081967213			12.7049180327869				12.7049180327869	42.6229508196721	16.3934426229508	244	44.672131147541
GeoB25202	531	332176		23.1454005934718	0.593471810089021			1.48367952522255	6.52818991097923		0.29673590504451			20.4747774480712			42.1364985163205				42.433234421365	25.8160237388724	5.34124629080119	337	31.7507418397626
GeoB25202	545	339399		0.970873786407767	0			0.485436893203883	0		0			2.42718446601942			96.1165048543689				96.1165048543689	2.42718446601942	0	206	1.45631067961165
GeoB25202	549	340876		1.10497237569061	0			0	0		0			0.368324125230203			97.4217311233886				97.4217311233886	1.47329650092081	1.10497237569061	543	1.10497237569061
GeoB25202	560	344447		2.29508196721311	0.327868852459016			0.327868852459016	0.655737704918033		0.983606557377049			1.31147540983607			86.5573770491803				87.5409836065574	8.85245901639344	7.54098360655738	305	3.60655737704918
GeoB25202	575	349929		1.95439739413681	0			0	0.325732899022801		0			1.30293159609121			93.485342019544				93.485342019544	4.23452768729642	2.93159609120521	307	2.28013029315961
GeoB25202	592	356063		0	0			0	0		0			1.86335403726708			97.8260869565217				97.8260869565217	2.17391304347826	0.31055900621118	322	0
GeoB25202	610	362210		1.54798761609907	0.309597523219814			0	0.619195046439629		0			0.928792569659443			94.1176470588235				94.1176470588235	3.40557275541796	2.47678018575851	323	2.47678018575851
GeoB25202	625	367136		8.65671641791045	0.597014925373134			0	0.298507462686567		0.597014925373134			5.07462686567164			83.5820895522388				84.1791044776119	6.26865671641791	1.19402985074627	335	9.55223880597015
GeoB25202	635	370539		11.3496932515337	0.920245398773006			0.306748466257669	1.22699386503067		0			19.6319018404908			63.1901840490798				63.1901840490797	23.0061349693252	3.37423312883436	326	13.8036809815951
GeoB25202	640	372240		17.5480769230769	0.480769230769231			2.40384615384615	0.721153846153846		0			30.0480769230769			47.1153846153846				47.1153846153846	31.7307692307692	1.68269230769231	416	21.1538461538462
GeoB25202	645	374042		8.94039735099338	0.662251655629139			1.65562913907285	0		0			41.7218543046358			44.7019867549669				44.7019867549669	44.0397350993377	2.31788079470199	302	11.2582781456954
GeoB25202	651	376293		22.0618556701031	1.44329896907216			2.06185567010309	1.85567010309278		0			40.6185567010309			22.4742268041237				22.4742268041237	50.1030927835052	9.48453608247423	485	27.4226804123711
GeoB25202	657	378354		9.09090909090909	1.94805194805195			1.62337662337662	1.2987012987013		1.2987012987013			30.8441558441558			45.7792207792208				47.0779220779221	38.961038961039	8.11688311688312	308	13.961038961039
GeoB25202	664	380909		0.925925925925926	0			0	0		0			0.925925925925926			98.1481481481482				98.1481481481482	0.925925925925926	0	324	0.925925925925926
GeoB25202	675	384812		0.432900432900433	0			0	0.432900432900433		0			0			98.2683982683983				98.2683982683983	0.865800865800866	0.865800865800866	231	0.865800865800866
GeoB25202	690	390285		0	0			0	0.341296928327645		0			2.38907849829352			97.2696245733788				97.2696245733788	2.38907849829352	0	293	0.341296928327645
GeoB25202	705	395780		0.337837837837838	3.04054054054054			0	0		0			2.02702702702703			88.8513513513514				88.8513513513514	7.77027027027027	5.74324324324324	296	3.37837837837838
GeoB25202	717	399589																			100	0		0	0
GeoB25202	731	408790		1.30293159609121	0.325732899022801			0	0		0			0.651465798045603			85.9934853420196				85.9934853420195	12.3778501628664	11.7263843648208	307	1.62866449511401
GeoB25202	743	422116		0	0			0	0		0			0.78740157480315			99.2125984251969				99.2125984251968	0.78740157480315	0	254	0
GeoB25202	761	441175		0.293255131964809	0.879765395894428			0.293255131964809	0		0			0.879765395894428			95.0146627565982				95.0146627565982	3.51906158357771	2.63929618768328	341	1.46627565982405
GeoB25202	775	455261		0	3.38164251207729			0	0		0			2.41545893719807			87.9227053140097				87.9227053140097	8.69565217391304	6.28019323671498	207	3.38164251207729
GeoB25202	784	461089		4.98533724340176	0.586510263929619			0.293255131964809	0		0			2.34604105571848			90.9090909090909				90.9090909090909	3.2258064516129	0.879765395894428	341	5.86510263929619
GeoB25202	787	462846		1.80722891566265	0.602409638554217			0.602409638554217	0.301204819277108		0			4.21686746987952			91.8674698795181				91.8674698795181	4.81927710843374	0.602409638554217	332	3.31325301204819
GeoB25202	790	464645		2.68456375838926	1.00671140939597			0.671140939597315	0.671140939597315		0			0.671140939597315			93.9597315436242				93.9597315436242	1.00671140939597	0.335570469798658	298	5.03355704697987
GeoB25202	795	467160		0	7.76699029126214			1.94174757281553	0		0			0.970873786407767			80.5825242718447				80.5825242718446	9.70873786407767	8.7378640776699	103	9.70873786407767
GeoB25202	799	469360		2.29885057471264	0.28735632183908			0.574712643678161	0.28735632183908		0			1.72413793103448			91.3793103448276				91.3793103448276	5.17241379310345	3.44827586206897	348	3.44827586206897
GeoB25202	804	472594		1.79948586118252	1.02827763496144			0.25706940874036	0		0.25706940874036			2.82776349614396			92.0308483290488				92.2879177377892	4.62724935732648	1.79948586118252	389	3.08483290488432
GeoB25202	810	478906		0.284090909090909	0.284090909090909			0.852272727272727	0		0			1.13636363636364			92.3295454545455				92.3295454545455	6.25	5.11363636363636	352	1.42045454545455
GeoB25202	815	484212		2.08333333333333	3.86904761904762			0.595238095238095	0		0			1.48809523809524			85.4166666666667				85.4166666666667	8.03571428571429	6.54761904761905	336	6.54761904761905
GeoB25202	820	493327		2.37388724035608	1.48367952522255			0	0		0			3.26409495548961			89.0207715133531				89.0207715133531	7.12166172106825	3.85756676557863	337	3.85756676557864
GeoB25202	825	508191		5.0561797752809	4.49438202247191			0.561797752808989	0		0			0			73.5955056179775				73.5955056179775	16.2921348314607	16.2921348314607	178	10.1123595505618
GeoB25202	830	517202		0.31055900621118	0.31055900621118			0.31055900621118	0		0			2.48447204968944			86.3354037267081				86.3354037267081	12.7329192546584	10.2484472049689	322	0.93167701863354
GeoB25202	835	523293		7.3482428115016	0			0.638977635782748	0		0			2.87539936102236			77.6357827476038				77.6357827476038	14.3769968051118	11.5015974440895	313	7.98722044728435
GeoB25202	840	528595		1.26182965299685	0			0.630914826498423	0		0			2.20820189274448			78.5488958990536				78.5488958990536	19.5583596214511	17.3501577287066	317	1.89274447949527
GeoB25202	846	537937		3.63636363636364	2.72727272727273			0	0		0			3.63636363636364			69.0909090909091				69.0909090909091	24.5454545454545	20.9090909090909	110	6.36363636363636
GeoB25202	850	542929		0.675675675675676	0			0	0		0			1.01351351351351			94.9324324324324				94.9324324324324	4.39189189189189	3.37837837837838	296	0.675675675675676
GeoB25202	854	547572		0	0.65359477124183			0	0		0			1.96078431372549			95.7516339869281				95.7516339869281	3.59477124183007	1.63398692810458	306	0.65359477124183
GeoB25202	860	558435		0.597014925373134	0.597014925373134			0.597014925373134	1.19402985074627		0			1.49253731343284			92.5373134328358				92.5373134328358	4.47761194029851	2.98507462686567	335	2.98507462686567
GeoB25202	865	564823		0.8	8			0	0		0			2.4			66.4				66.4	24.8	22.4	125	8.8
GeoB25202	870	569270		0.298507462686567	1.19402985074627			1.7910447761194	1.7910447761194		0			2.98507462686567			80.8955223880597				80.8955223880597	14.0298507462687	11.044776119403	335	5.07462686567164
GeoB25202	875	573441		1.73913043478261	3.47826086956522			0	0		0			3.91304347826087			64.7826086956522				64.7826086956522	30	26.0869565217391	230	5.21739130434783
GeoB25202	880	579221		4.6583850931677	0.31055900621118			1.86335403726708	3.41614906832298		0.31055900621118			0.93167701863354			58.695652173913				59.0062111801242	30.7453416149068	29.8136645962733	322	10.2484472049689
GeoB25202	885	583243		0.33112582781457	0.662251655629139			0	0.33112582781457		0			0.993377483443709			90.3973509933775				90.3973509933775	8.27814569536424	7.28476821192053	302	1.32450331125828
GeoB25202	890	587050		0.403225806451613	9.2741935483871			0	0.403225806451613		0			0.806451612903226			56.8548387096774				56.8548387096774	33.0645161290323	32.258064516129	248	10.0806451612903
GeoB25202	895	589466		1.71428571428571	0.571428571428571			0.857142857142857	0.571428571428571		0			2.28571428571429			80.8571428571429				80.8571428571429	15.4285714285714	13.1428571428571	350	3.71428571428571
GeoB25202	900	591852		2.31884057971015	0			0.869565217391304	0.579710144927536		0			3.18840579710145			74.2028985507246				74.2028985507246	22.0289855072464	18.8405797101449	345	3.76811594202899
GeoB25202	905	594294		1.52671755725191	4.58015267175572			0	0		0			5.34351145038168			80.1526717557252				80.1526717557252	13.7404580152672	8.3969465648855	131	6.10687022900763
GeoB25202	909	596335		2.5089605734767	0.716845878136201			0	0		0			2.5089605734767			87.8136200716846				87.8136200716846	8.96057347670251	6.45161290322581	279	3.2258064516129
GeoB25202	912	597814		1.30293159609121	0.325732899022801			0	0.325732899022801		0			1.30293159609121			96.4169381107492				96.4169381107492	1.62866449511401	0.325732899022801	307	1.95439739413681
GeoB25202	915	599273		1.67597765363128	2.23463687150838			0	0		0			1.67597765363128			89.9441340782123				89.9441340782123	6.14525139664804	4.46927374301676	179	3.91061452513966
ST13	5	5659	888.888888888889	30.2658486707566		0.204498977505113	4.08997955010225	1.6359918200409	0.408997955010225		0			26.1758691206544			25.1533742331288		108.2	96177.7777777778	25.1533742331288	38.241308793456	12.0654396728016		36.6053169734151
ST13	76	28445	640	5.47112462006079		0	0	0	0		0	6.67825064126309	5.726243638	2.7355623100304	0.203	3.95	88.145896656535		215	137600	88.145896656535	6.38297872340426	3.64741641337386		5.47112462006079
ST13	96	37160	640	8.7890625		0	0	0.390625	2.34375		0	5.79476873023177	5.082777308	14.453125	0.299	4.049	48.828125		184	117760	48.828125	39.6484375	25.1953125		11.5234375
ST13	116	47046	480	5.11182108626198		0	0	0.319488817891374	0		0			1.2779552715655			92.6517571884984		208.666666666667	100160	92.6517571884984	1.91693290734824	0.638977635782748		5.43130990415335
ST13	136	53844	1515.78947368421	13.4935304990758		0.369685767097967	0	0	0		0	8.05083143634111	6.833169646	1.84842883548983	-0.207	3.657	82.4399260628466		49.6666666666667	75284.2105263158	82.4399260628466	3.69685767097967	1.84842883548983		13.8632162661738
ST13	141	55466	206.451612903226																387	79896.7741935484		0			0
ST13	164.8	71001.2	1230.76923076923	12.9449838187702		0.215749730312837	0.431499460625674	0.215749730312837	0.431499460625674		0.107874865156419	7.99066956429404	6.781732677	1.61812297734628	0.193	3.682	82.3085221143474		107	131692.307692308	82.3085221143474	3.34412081984897	1.7259978425027		14.3473570658037
ST13	184.8	81694.6	0	8.01526717557252		0	0	0	0.572519083969466		0	6.59633189146317	5.664404531	2.86259541984733	0.627	3.602	86.0687022900763			22464	86.0687022900763	5.34351145038168	2.48091603053435		8.58778625954198
ST13	204.8	100672.6	114.285714285714	12.7848101265823		0.759493670886076	1.77215189873418	0.506329113924051	0.379746835443038		0	10.4327391364617	9.110550562	23.5443037974684	0.486	3.392	51.6455696202532		159.5	18228.5714285714	51.6455696202532	32.1518987341772	8.60759493670886		16.2025316455696
ST13	224.8	121635.4	290.909090909091	1.62337662337662		0	0	0	0		0	3.88851854099099	3.857016538	2.27272727272727	-0.053	3.878	95.4545454545455		143	41600	95.4545454545455	2.92207792207792	0.649350649350649		1.62337662337662
ST13	254.4	148086	290.909090909091	5.77617328519856		0	0	0	0.36101083032491		0			1.80505415162455			91.3357400722022		171.5	49890.9090909091	91.3357400722022	2.52707581227437	0.72202166064982		6.13718411552347
ST13	269.4	163332	246.153846153846	4.45736434108527		0.193798449612403	0	0.193798449612403	0		0	6.50565081050977	5.596480469	2.13178294573643	-0.157	4.08	91.4728682170543		342.5	84307.6923076923	91.4728682170543	3.68217054263566	1.55038759689922		4.84496124031008
ST13	289.4	180321.8	118.518518518519	4.91400491400491		0	0.737100737100737	0	0		0	6.35042623588377	5.481489438	0.491400491400491	-0.432	4.127	92.8746928746929		135.5	16059.2592592593	92.8746928746929	1.47420147420147	0.982800982800983		5.65110565110565
ST13	304.4	193006.2	85.3333333333333	8.48896434634974		0.169779286926995	0.33955857385399	0.169779286926995	0.509337860780985		0			2.71646859083192			83.8709677419355		159.5	13610.6666666667	83.8709677419355	6.45161290322581	3.73514431239389		9.67741935483871
ST13	334.4	205292.2										2.05795420101146	2.862207154		-0.558	4.06						0			0
ST13	344.6	207319.8	0	7.52351097178683		0	0	0	0		0	7.30695306946429	6.216326862	1.56739811912226	-0.085	4.459	89.3416927899686			59200	89.3416927899686	3.13479623824451	1.56739811912226		7.52351097178683
ST13	364.6	214207.6	853.333333333333	10.1476014760148		0.18450184501845	0.18450184501845	0	0		0			2.2140221402214			86.5313653136531		294.5	251306.666666667	86.5313653136531	2.9520295202952	0.738007380073801		10.5166051660517
ST13	384.6	221412.8	53.3333333333333	3.64963503649635		0	0.145985401459854	0.583941605839416	2.04379562043796		0	7.85636975845308	6.667909392	3.35766423357664	0.434	3.247	88.9051094890511		516	27520	88.9051094890511	4.67153284671533	1.31386861313869		6.42335766423358
ST13	404.6	228333.2	30.7692307692308	9.62099125364431		0	0.291545189504373	0.583090379008746	4.66472303206997		0	5.70995413030486	5.023653585	13.4110787172012	0.405	4.021	62.6822157434402		277	8523.07692307692	62.6822157434402	22.1574344023324	8.7463556851312		15.1603498542274
ST13	424.5	235473	800	9.26573426573426		0.699300699300699	0.874125874125874	0.524475524475524	1.57342657342657		0	6.15443082280743	5.338571246	6.99300699300699	0.343	3.455	73.4265734265734		44	35200	73.4265734265734	13.6363636363636	6.64335664335664		12.9370629370629
ST13	434.5	238840	220.689655172414	7.52351097178683		0	0	0	0		0	4.34993852376099	4.134721892	1.56739811912226	-0.135	4.019	89.3416927899686		263.333333333333	58114.9425287356	89.3416927899686	3.13479623824451	1.56739811912226		7.52351097178683
ST13	454.5	249769	548.571428571429	2.27920227920228		0	0	0	0.284900284900285		0			1.70940170940171			94.5868945868946		174.666666666667	95817.1428571429	94.5868945868946	2.84900284900285	1.13960113960114		2.56410256410256
ST13	474.5	262376.5	1129.41176470588	0.373831775700935		0	0	0	0		0	12.3639246602074	11.35103458	0.186915887850467	-0.215	4.043	98.5046728971963		154.5	174494.117647059	98.5046728971963	1.1214953271028	0.934579439252336		0.373831775700935
ST13	514.5	280418	213.333333333333	2.45478036175711		0	0	0	0		0	10.4819624525761	9.162954377	4.00516795865633	0.219	3.408	90.9560723514212		270.5	57706.6666666667	90.9560723514212	6.5891472868217	2.58397932816537		2.45478036175711
ST13	543.2	287792.4	441.379310344828	5.59284116331096		0.447427293064877	0.671140939597315	0	0.894854586129754		0	7.73822901398173	6.568912554	1.34228187919463	0.304	3.619	89.4854586129754		156.5	69075.8620689655	89.4854586129754	2.9082774049217	1.56599552572707		7.60626398210291
ST13	563.2	292744.4	2413.11475409836	12.9392971246006		0	0.159744408945687	0.479233226837061	1.91693290734824		0			6.0702875399361			73.961661341853		22.2608695652174	53718.0327868852	73.961661341853	10.5431309904153	4.47284345047923		15.4952076677316
ST13	583.2	297408.4	564.705882352941	25.2717391304348		0.271739130434783	0.543478260869565	1.35869565217391	4.07608695652174		0	2.997238337333	3.352179538	38.8586956521739	-0.276	4.076	21.7391304347826		109.666666666667	61929.4117647059	21.7391304347826	46.7391304347826	7.8804347826087		31.5217391304348
ST13	603.2	302630.8	208.130081300813	2.09302325581395		0.232558139534884	0	0	0		0	4.97155082530864	4.527546654	1.3953488372093	-0.006	4.257	95.5813953488372		489	101775.609756098	95.5813953488372	2.09302325581395	0.697674418604651		2.32558139534884
ST5	5	653	711.111111111111	45.9731543624161		1.67785234899329	1.34228187919463	0.671140939597315	0.335570469798658					32.5503355704698			10.4026845637584		149	105955.555555556	10.4026845637584	39.5973154362416	7.04697986577181		50
ST5	35	9271	556.521739130435	78.4574468085106		0	2.12765957446809	2.65957446808511	1.32978723404255					0.797872340425532			9.57446808510638		188	104626.086956522	9.57446808510638	5.85106382978723	5.0531914893617		84.5744680851064
ST5	45	12019	88.8888888888889	22.8395061728395		0.617283950617284	5.24691358024691	1.23456790123457	0.308641975308642			7.97599770167019	6.76923076923077	12.962962962963	-0.128	2.88	44.7530864197531		324	28800	44.7530864197531	25	12.037037037037		30.2469135802469
ST5	55	12383	1647.05882352941	12.5435540069686		0.348432055749129	1.39372822299652	0	0.348432055749129			4.62794382549721	4.30769230769231	4.8780487804878	0.104	3.168	72.822299651568		41	67529.4117647059	72.822299651568	12.5435540069686	7.66550522648084		14.6341463414634
ST5	65	12768	340.425531914894	18.232044198895		0.276243093922652	1.10497237569061	1.38121546961326	0.276243093922652			4.74937794252155	4.38461538461539	6.07734806629834	0.128	3.522	61.878453038674		181	61617.0212765957	61.878453038674	16.8508287292818	10.7734806629834		21.2707182320442
ST5	75	13161	363.636363636364	22.0689655172414		0	0.344827586206897	0	0			3.87007438075795	3.84615384615385	3.44827586206897	-0.281	3.716	67.9310344827586		58	21090.9090909091	67.9310344827586	9.6551724137931	6.20689655172414		22.4137931034483
ST5	85	13557	88.8888888888889	8.02005012531328		0.25062656641604	0.50125313283208	0.25062656641604	0			5.10591477087156	4.61538461538461	3.50877192982456	-0.083	2.696	82.9573934837093		199.5	17733.3333333333	82.9573934837093	8.02005012531328	4.51127819548872		9.02255639097744
ST5	95	13953	139.49433304272	0.623700623700624		0	0.207900207900208	0	0				3.30769230769231	0.831600831600832			98.1288981288981		120.25	16774.1935483871	98.1288981288981	1.03950103950104	0.207900207900208		0.831600831600832
ST5	105	14359	233.333333333333	6.12244897959184		1.45772594752187	0.583090379008746	0	0			2.91515849408323	2.61538461538461	2.91545189504373	-0.061	4.566	86.5889212827988		24.5	5716.66666666667	86.5889212827988	5.24781341107872	2.33236151603499		8.16326530612245
ST5	115	14753	53.3333333333333	1.73913043478261		1.44927536231884	0	0	0			1.5529104708351	2.92307692307692	2.60869565217391	-0.13	4.407	93.0434782608696		86.25	4600	93.0434782608696	3.76811594202899	1.15942028985507		3.18840579710145
ST5	125	15149	705.882352941176	5.12820512820513		0	0	0	0			2.17905421029212	3	0.641025641025641	-0.373	4.546	92.3076923076923		26	18352.9411764706	92.3076923076923	2.56410256410256	1.92307692307692		5.12820512820513
ST5	135	15540	320	1.71149144254279		1.71149144254279	0.733496332518337	0	0			2.33022812202299	3.46153846153846	2.44498777506112	-0.291	4.545	92.1760391198044		51.125	16360	92.1760391198044	3.66748166259169	1.22249388753056		4.15647921760391
ST5	145	15941	1133.33333333333	2.93577981651376		0.36697247706422	0.55045871559633	0	0			3.19646747168645	3.15384615384615	0.36697247706422	0.116	4.624	93.0275229357798		32.0588235294118	36333.3333333333	93.0275229357798	2.56880733944954	2.20183486238532		3.85321100917431
ST5	155	16331	609.756097560976	2.11640211640212		1.32275132275132	1.05820105820106	0	0			2.62654197849145	2.69230769230769	1.85185185185185	0.015	4.572	91.005291005291		75.6	46097.5609756098	91.005291005291	4.4973544973545	2.64550264550265		4.4973544973545
ST5	165	16727	400	2.00445434298441		0.66815144766147	0.22271714922049	0	0			1.71278533141398	3	0.44543429844098	-0.214	4.479	93.9866369710468		74.8333333333333	29933.3333333333	93.9866369710468	3.11804008908686	2.67260579064588		2.89532293986637
ST5	175	17130	350	0		1.89873417721519	1.58227848101266	0	0			2.33022812202299	2.61538461538461	2.21518987341772	-0.131	4.333	93.6708860759494		45.1428571428571	15800	93.6708860759494	2.84810126582278	0.632911392405063		3.48101265822785
ST5	185	17530	500	2.74509803921569		0	0.784313725490196	0	0			1.5529104708351	3.61538461538461	0.392156862745098	-0.166	4.426	92.156862745098		51	25500	92.156862745098	4.31372549019608	3.92156862745098		3.52941176470588
ST5	195	17920	530.973451327434	0.326797385620915		0.65359477124183	0	0	0			3.47082983380169	3.53846153846154	1.30718954248366	-0.254	4.576	96.4052287581699		102	54159.2920353982	96.4052287581699	2.61437908496732	1.30718954248366		0.980392156862745
ST5	205	18319	66.6666666666667	0.441501103752759		0	0.883002207505519	0	0			3.33449547167043	3.23076923076923	1.32450331125828	-0.072	4.445	94.9227373068433		226.5	15100	94.9227373068433	3.75275938189845	2.42825607064018		1.32450331125828
ST5	215	18713	200	0.25062656641604		0	0	0	0			2.77178732923981	3.30769230769231	1.00250626566416	-0.387	4.568	98.2456140350877		49.875	9975	98.2456140350877	1.50375939849624	0.50125313283208		0.25062656641604
ST5	225	19109	312.5	2.18978102189781		1.09489051094891	1.82481751824817	0	0			2.91515849408323	2.69230769230769	0.364963503649635	-0.227	4.578	92.3357664233577		54.8	17125	92.3357664233577	2.55474452554745	2.18978102189781		5.10948905109489
ST5	235	19506	266.272189349112	0.192678227360308		0.770712909441233	0.385356454720617	0	0			1.71278533141398	2.61538461538461	0.578034682080925	-0.077	4.371	97.1098265895954		57.6666666666667	15355.0295857988	97.1098265895954	1.54142581888247	0.963391136801541		1.34874759152216
ST5	245	19896	300	2.2875816993464		0	0.980392156862745	0	0			1.5529104708351	3.84615384615385	0.326797385620915	-0.186	4.694	95.0980392156863		102	30600	95.0980392156863	1.63398692810458	1.30718954248366		3.26797385620915
ST5	255	20287	514.285714285714	0.325732899022801		0	0.325732899022801	0	0			3.87007438075795	2.69230769230769	0.651465798045603	-0.417	4.444	97.0684039087948		34.1111111111111	17542.8571428571	97.0684039087948	2.28013029315961	1.62866449511401		0.651465798045603
ST5	265	20683	0	3.68421052631579		0	1.05263157894737	0	0			1.71278533141398	2.53846153846154	0.526315789473684	-0.26	4.668	93.6842105263158			30400	93.6842105263158	1.57894736842105	1.05263157894737		4.73684210526316
ST5	275	21073	415.944540727903	0.284090909090909		0	0	0	0			1.39070158837785	3.53846153846154	0	0	4.588	98.5795454545455		58.6666666666667	24402.0797227036	98.5795454545455	1.13636363636364	1.13636363636364		0.284090909090909
ST5	285	21468	400	1.22199592668024		0	1.22199592668024	0	0			3.33449547167043	3.76923076923077	0.610997963340122	-0.464	4.393	95.7230142566191		98.2	39280	95.7230142566191	1.83299389002037	1.22199592668024		2.44399185336049
ST5	295	21860	500	1.28205128205128		0	0	0	0			3.73858040690237	4	0	-0.038	4.581	97.1153846153846		62.4	31200	97.1153846153846	1.6025641025641	1.6025641025641		1.28205128205128
ST5	305	22250	1200	0.952380952380952		0.476190476190476	0	0	0			4.12848396036092	3.46153846153846	0.952380952380952	-0.043	4.531	96.6666666666667		70	84000	96.6666666666667	1.9047619047619	0.952380952380952		1.42857142857143
ST5	315	22620	227.272727272727	0.371747211895911		0	0.185873605947955	0	0			3.19646747168645	3.30769230769231	1.85873605947955	0.002	4.249	86.4312267657993		76.8571428571429	17467.5324675325	86.4312267657993	13.0111524163569	11.1524163568773		0.557620817843866
ST5	325	23002	500	1.81268882175227		0	0	0	0			2.91515849408323	3.23076923076923	0.906344410876133	-0.11	4.601	93.0513595166163		66.2	33100	93.0513595166163	5.13595166163142	4.22960725075529		1.81268882175227
ST5	335	23376	450	0.75		0	0	0	0			2.77178732923981	3.46153846153846	2	-0.158	4.453	94.25		44.4444444444444	20000	94.25	5	3		0.75
ST5	345	23758	2133.33333333333	5.21978021978022		0.824175824175824	0	0	0.54945054945055			3.19646747168645	3.07692307692308	1.64835164835165	-0.119	4.048	79.1208791208791		45.5	97066.6666666667	79.1208791208791	14.2857142857143	12.6373626373626		6.59340659340659
ST5	355	24147	137.931034482759	2.4330900243309		0	0	0	0.24330900243309			2.47937279238011	3.23076923076923	0.97323600973236	0.021	4.185	92.9440389294404		137	18896.5517241379	92.9440389294404	4.37956204379562	3.40632603406326		2.67639902676399
ST5	365	24525	1120	1.25523012552301		0	0	0	0			2.77178732923981	3.23076923076923	0	-0.206	4.404	98.326359832636		34.1428571428571	38240	98.326359832636	0.418410041841004	0.418410041841004		1.25523012552301
ST5	375	24915	88.8888888888889	0		0	0	0	0			2.77178732923981	2.84615384615385	0	0.017	4.605	100		109.5	9733.33333333333	100	0	0		0
ST5	385	25288	133.333333333333	0.485436893203883		0	0	0	0			2.02579507548838	2.76923076923077	0	-0.213	4.356	99.0291262135922		103	13733.3333333333	99.0291262135922	0.485436893203883	0.485436893203883		0.485436893203883
ST5	395	25674	119.047619047619	0		0	0	0	0			1.87039238688016	2.61538461538461	1.17994100294985	-0.225	4.508	98.5250737463127		169.5	20178.5714285714	98.5250737463127	1.47492625368732	0.294985250737463		0
ST5	405	26049	0	1.3953488372093		0	0	0	0			1.5529104708351	3.46153846153846	0.465116279069767	-0.184	4.425	97.6744186046512			28666.6666666667	97.6744186046512	0.930232558139535	0.465116279069767		1.3953488372093
ST5	415	26425	50	0.460829493087558		0	0	0	0			3.19646747168645	3.38461538461539	0.307219662058372	-0.003	4.17	99.0783410138249		325.5	16275	99.0783410138249	0.460829493087558	0.153609831029186		0.460829493087558
ST5	424	26772											3.38461538461539									0			
ST5	425	26812	400	0		0	0	0	0			3.05670322494356	3.76923076923077	0.318471337579618	-0.394	4.217	99.3630573248408		78.5	31400	99.3630573248408	0.636942675159236	0.318471337579618		0
ST5	434	27599	5.79374275782155	2.94117647058824		0	0	0	0			3.05670322494356	3.46153846153846	0.490196078431373	0.234	4.14	95.0980392156863		204	1181.9235225956	95.0980392156863	1.96078431372549	1.47058823529412		2.94117647058824
ST5	445	27996	800	19.9052132701422		0.23696682464455	1.18483412322275	0	2.8436018957346			3.73858040690237	4	0.947867298578199	0.151	4.176	55.9241706161137		52.75	42200	55.9241706161137	19.9052132701422	18.957345971564		24.1706161137441
ST5	455	28297	1162.79069767442	10.1369863013699		0.273972602739726	2.19178082191781	0	0.273972602739726			3.19646747168645	4.23076923076923	1.91780821917808	-0.102	4.213	76.986301369863		73	84883.7209302326	76.986301369863	10.1369863013699	8.21917808219178		12.8767123287671
ST5	465	28588	266.666666666667	16.5016501650165		0.165016501650165	0.33003300330033	0.165016501650165	1.32013201320132			4.12848396036092	3.46153846153846	0.825082508250825	0.024	4.164	72.4422442244225		303	80800	72.4422442244225	9.07590759075907	8.25082508250825		18.4818481848185
ST5	475	28875	900	3.47394540942928		0.992555831265509	4.71464019851117	0	0.992555831265509			4.50516786786849	3	0.744416873449132	-0.374	3.979	68.2382133995037		44.7777777777778	40300	68.2382133995037	21.5880893300248	20.8436724565757		10.1736972704715
ST5	485	29162	685.714285714286	5.62060889929742		0	0.702576112412178	0	0			3.19646747168645	1.92307692307692	1.40515222482436	-0.427	3.81	88.9929742388759		71.1666666666667	48800	88.9929742388759	4.68384074941452	3.27868852459016		6.3231850117096
ST5	495	29462	118.577075098814	2.53456221198157		0.230414746543779	0	0	0			2.33022812202299	2.69230769230769	0	-0.005	4.322	96.7741935483871		144.666666666667	17154.1501976285	96.7741935483871	0.460829493087558	0.460829493087558		2.76497695852535
ST5	505	29750	20	0		0	0	0	0			0	3.30769230769231	0	-0.091	4.353	99.1967871485944		249	4980	99.1967871485944	0.803212851405622	0.803212851405622		0
ST5	515	30039	114.285714285714	0.714285714285714		0	1.42857142857143	0	0			1.71278533141398	3.23076923076923	0.357142857142857	0.114	4.097	97.1428571428571		70	8000	97.1428571428571	0.714285714285714	0.357142857142857		2.14285714285714
ST5	524	30291											3.15384615384615									0			
ST5	525	30320	210.896309314587	0.455580865603645		0	0	0	0			2.91515849408323	3.38461538461539	0.455580865603645	-0.044	3.845	97.7220956719818		146.333333333333	30861.1599297012	97.7220956719818	1.82232346241458	1.36674259681093		0.455580865603645
ST5	535	30980	100	0		0	0	0	0			2.77178732923981	3.69230769230769	0	0.045	3.965	100		69	6900	100	0	0		0
ST5	545	31664	3733.33333333333	8.60215053763441		0	0	0	0.3584229390681			2.62654197849145	4.76923076923077	0.716845878136201	0.187	3.976	88.8888888888889		19.9285714285714	74400	88.8888888888889	2.1505376344086	1.4336917562724		8.96057347670251
ST5	555	32346	2950.81967213115	13.6842105263158		0	0	0	0.350877192982456			3.05670322494356	4.76923076923077	1.40350877192982	-0.004	4.192	77.1929824561403		31.6666666666667	93442.6229508197	77.1929824561403	8.7719298245614	7.36842105263158		14.0350877192982
ST5	565	33030	400	11.2219451371571		0	0.249376558603491	0	0			3.60551161749441	2.69230769230769	1.74563591022444	0.095	4.029	85.5361596009975		133.666666666667	53466.6666666667	85.5361596009975	2.9925187032419	1.24688279301746		11.4713216957606
ST5	573	33570																				0			
ST5	575	33704	1400	39.2670157068063		0	0	0	1.04712041884817			5.33740462534758		1.57068062827225	0.228	3.888	42.4083769633508		27.2857142857143	38200	42.4083769633508	17.2774869109948	15.7068062827225		40.3141361256544
ST5	583	34238																				0			
ST5	585	34371	355.555555555556	15.632183908046		0.229885057471264	0.919540229885057	0.229885057471264	0.689655172413793			5.33740462534758		1.14942528735632	0.249	3.913	78.6206896551724		108.75	38666.6666666667	78.6206896551724	3.67816091954023	2.52873563218391		17.7011494252874
ST5	586	34436																				0			
ST5	595	35023	2933.33333333333	4.8661800486618		0	0	0	0			1.71278533141398		0.24330900243309	0.419	3.985	92.2141119221411		18.6818181818182	54800	92.2141119221411	2.91970802919708	2.67639902676399		4.8661800486618
ST8	5	623	2953.84615384615	61.271676300578		0	0	1.15606936416185	0	0	0			13.0057803468208			2.02312138728324	0	77.1666666666667	227938.461538462	2.02312138728324	35.5491329479769	22.5433526011561		62.4277456647399
ST8	15	2420	294.252873563218	63.5643564356436		1.78217821782178	4.15841584158416	2.37623762376238	0.198019801980198	0	0			20			5.94059405940594	0	505	148597.701149425	5.94059405940594	21.980198019802	1.98019801980198		72.0792079207921
ST8	25	4753	1342.28187919463	23.8983050847458		0.847457627118644	4.40677966101695	0	0.169491525423729	0	0			16.6101694915254			7.79661016949153	0.338983050847458	60.8	81610.7382550336	7.79661016949153	62.5423728813559	45.9322033898305		29.3220338983051
ST8	30	5885	3555.55555555556	55.9734513274336		1.10619469026549	0	1.32743362831858	0.442477876106195	0	0	6.21497035449252	5.38244737692308	9.95575221238938	0.24	1.879	4.42477876106195	0	60.8	216177.777777778	4.42477876106195	36.7256637168142	26.7699115044248		58.8495575221239
ST8	40	8056	791.100123609394	39.3665158371041		0.452488687782805	0.226244343891403	1.24434389140271	0.565610859728507	0	0			13.0090497737557			20.4751131221719	0	110.5	87416.5636588381	20.4751131221719	37.3303167420815	24.3212669683258		41.8552036199095
ST8	50	10260	131.29102844639	15.3605015673981		0.313479623824451	0.940438871473354	0	0	0	0	4.62794382549721	4.30769230769231	3.44827586206897	0.204	3.663	69.2789968652038	0	106.333333333333	13960.6126914661	69.2789968652038	14.1065830721003	10.6583072100313		16.6144200626959
ST8	60	12078	0	6.68523676880223		0.835654596100279	0	0	0	0	0	4.63219603981674	4.31037171538462	0.557103064066852	0.181	2.383	90.5292479108635	0		8588.51674641148	90.5292479108635	1.94986072423398	1.39275766016713		7.52089136490251
ST8	70	13676	387.278961877227	33.7408312958435		0.366748166259169	1.22249388753056	0	0.733496332518337	0	0	5.45136573831635	4.84615384615385	7.57946210268949	0.092	3.72	40.5867970660147	0	90.8888888888889	35199.3545350635	40.5867970660147	23.2273838630807	15.6479217603912		36.0635696821516
ST8	79.5	15549	82.6446280991736	0		0	0	0	0	0	0			0			100	0	28	2314.04958677686	100	0	0		0
ST8	89.5	17373	198.850396147274	5.35714285714286		0	0	0	0	0	0	4.50516786786849	4.23076923076923	4.28571428571429	-0.277	3.831	85.7142857142857	0	70	13919.5277303091	85.7142857142857	8.92857142857143	4.64285714285714		5.35714285714286
ST8	94.5	18099	38.0952380952381	1.86915887850467		0	0	0	0	0	0	2.39521562696755	3.03339115384615	0	0.129	3.354	97.8193146417446	0	160.5	6114.28571428571	97.8193146417446	0.311526479750779	0.311526479750779		1.86915887850467
ST8	104.5	19097	214.046822742475	2.38095238095238		0	0	0	0	0	0	3.47082983380169	3.61538461538461	0	-0.584	4.561	97.6190476190476	0	252	53939.7993311037	97.6190476190476	0	0		2.38095238095238
ST8	109.5	19565	0	0		0	0	0	0	0	0	2.88473711426933	3.29128723076923	3.33333333333333	0.025	4.514	96.6666666666667	0		328.227571115974	96.6666666666667	3.33333333333333	0		0
ST8	124.5	21296	0	1.49253731343284		0	0	0	0	0	0	3.60551161749441	3.69230769230769	0	0.118	4.62	98.5074626865672	0		5436.10547667343	98.5074626865672	0	0		1.49253731343284
ST8	139.5	22905	169.133192389006	1.51515151515152		0	0	0	0	0	0	2.18235490720117	2.92474529230769	0.303030303030303	0.035	4.428	97.8787878787879	0	82.5	13953.488372093	97.8787878787879	0.606060606060606	0.303030303030303		1.51515151515152
ST8	154.5	24528	159.872102318145	0		0	0	0	0	0	0	4.86949923256839	4.46153846153846	0.20703933747412	0.088	4.605	99.1718426501035	0	48.3	7721.82254196643	99.1718426501035	0.82815734989648	0.62111801242236		0
ST8	164.5	25588	0	0		0	0	0	0	0	0	3.60551161749441	3.69230769230769	0	-0.197	4.51	100	0		4904.76960388036	100	0	0		0
ST8	169.5	26141	0	0.955414012738854		0.318471337579618	0	0	0	0	0	4.12720539382505	3.99922995384615	0.318471337579618	0.174	4.752	98.0891719745223	0		12560	98.0891719745223	0.636942675159236	0.318471337579618		1.27388535031847
ST8	184.5	27729	0	0.264550264550265		0.264550264550265	0	0	0.264550264550265	0	0	4.12848396036092	4	0.529100529100529	0.025	4.52	93.6507936507936	0		21592.2884684041	93.6507936507936	5.55555555555556	5.02645502645503		0.793650793650794
ST8	199.5	29278	317.320405464963	0.617283950617284		1.54320987654321	0	0	0	0	0	3.13937571315047	3.42999950769231	1.54320987654321	-0.24	3.423	94.4444444444444	0	36	11423.5345967387	94.4444444444444	3.39506172839506	1.85185185185185		2.16049382716049
ST8	209.5	30128	12.7347978350844	3.06513409961686		0	0	0	0	0	0			0.766283524904214			95.7854406130268	0	261	3323.78223495702	95.7854406130268	1.14942528735632	0.383141762452107		3.06513409961686
ST8	214.5	30497	94.3396226415094	0		0	0.327868852459016	0	0	0	0	3.05670322494356	3.38461538461539	0.655737704918033	0.064	4.213	99.016393442623	0	76.25	7193.39622641509	99.016393442623	0.655737704918033	0		0.327868852459016
ST8	224.5	31398	150.460786157608	4.71584038694075		0	0	0	0	0	0.120918984280532	4.12848396036092	4	0.725513905683192	0.193	4.242	91.5356711003628	0	165.4	24886.2140304683	91.5356711003628	3.62756952841596	2.90205562273277		4.83675937122128
ST8	229.5	31936	182.648401826484	6.96629213483146		0	0	0	0	0	0	4.9756968195377	4.53024116923077	1.12359550561798	0.221	3.988	89.8876404494382	0	445	81278.5388127854	89.8876404494382	3.14606741573034	2.02247191011236		6.96629213483146
ST8	239.5	32835	126.958936718905	1.66204986149584		0	0	0	0	0	0	4.62794382549721	4.30769230769231	0.554016620498615	0.455	3.866	95.2908587257618	0	180.5	22916.0880777623	95.2908587257618	3.04709141274238	2.49307479224377		1.66204986149584
ST8	244.5	33276	0	6.47668393782383		0	0.259067357512953	0	0.259067357512953	0	0	6.53096294335688	5.61538461538462	2.07253886010363	0.304	4.427	89.6373056994819	0		24469.0966719493	89.6373056994819	3.36787564766839	1.29533678756477		6.99481865284974
ST8	259.2	34651	494.972931167827	4.78468899521531		0	0	0	0	0	0	5.56416986569433	4.92307692307692	1.43540669856459	0.294	4.154	93.3014354066986	0	13.0625	6465.58391337974	93.3014354066986	1.91387559808612	0.478468899521531		4.78468899521531
ST8	269.2	35555	152.380952380952	3.91644908616188		0	0	0	0	0	0	5.92358826211422	5.17344433076923	0.783289817232376	0.223	3.583	93.733681462141	0	95.75	14590.4761904762	93.733681462141	2.34986945169713	1.56657963446475		3.91644908616188
ST8	279.2	36465	52.9801324503311	0		0	0	0	0	0	0	4.62794382549721	4.30769230769231	0	0.385	4.11	100	0	104	5509.93377483444	100	0	0		0
ST8	289.2	37274	193.939393939394	2.26293103448276		0	0.323275862068966	0.107758620689655	0	0	0.107758620689655	4.38102008344488	4.15384615384615	0.862068965517241	0.245	4.1	94.6120689655172	0	103.111111111111	19997.3063973064	94.6120689655172	2.58620689655172	1.72413793103448		2.80172413793103
ST8	299.2	38247	819.462227912932	1.32827324478178		0	0	0	0	0	0	3.79200966318379	3.80037676153846	0.569259962049336	-0.111	3.932	96.584440227704	0	131.75	107964.148527529	96.584440227704	2.08728652751423	1.5180265654649		1.32827324478178
ST8	309.2	39128	192.211432575833	3.53697749196141		0	0.107181136120043	0	0	0	0	4.74937794252155	4.38461538461539	2.46516613076099	0.22	3.694	93.4619506966774	0	233.25	44833.3166483131	93.4619506966774	2.89389067524116	0.428724544480171		3.64415862808146
ST8	319.2	39977	237.037037037037	0.468384074941452		0	0	0	0	0	0	3.18129419946561	3.45314053846154	0.234192037470726	0.268	4.306	98.1264637002342	0	213.5	50607.4074074074	98.1264637002342	1.40515222482436	1.17096018735363		0.468384074941452
ST8	334.2	42802	245.700245700246	6.80628272251309		0	0	0	0	0	0	5.10591477087156	4.61538461538461	0	0.354	3.651	92.6701570680628	0	38.2	9385.74938574939	92.6701570680628	0.523560209424084	0.523560209424084		6.80628272251309
ST8	349.2	46003	0	1.67597765363128		0	0	0	0	0	0	3.61608332025961	3.69838524615385	0.558659217877095	0.298	4.001	94.413407821229	0		57280	94.413407821229	3.91061452513966	3.35195530726257		1.67597765363128
ST8	369.2	52123	62.5	10.4651162790698		0	0	0	0	0	0			3.10077519379845			84.4961240310078	0	129	8062.5	84.4961240310078	5.03875968992248	1.93798449612403		10.4651162790698
ST8	379.2	54929																							
ST8	409.2	60375	213.333333333333	3.91061452513966		0	0	0	0.186219739292365	0	0	5.13047351635774	4.63155457692308	0.186219739292365	-0.025	3.882	93.854748603352	0	537	114560	93.854748603352	2.04841713221601	1.86219739292365		4.09683426443203
ST8	429.2	64155	533.333333333333	3.05882352941176		0.941176470588235	0	0	0.235294117647059	0	0	4.65564840260974	4.32516796923077	0.705882352941177	0.031	3.97	93.1764705882353	0	106.25	56666.6666666667	93.1764705882353	2.58823529411765	1.88235294117647		4.23529411764706
ST8	454.2	68807	3764.70588235294	23.0225988700565		0.988700564971752	0.141242937853107	0.141242937853107	0.564971751412429	0	0	5.90768100819097	5.16219136153846	1.55367231638418	0.473	3.239	70.6214689265537	0	70.8	266541.176470588	70.6214689265537	4.51977401129944	2.96610169491525		24.8587570621469
ST8	474.2	74227	35.056967572305	9.36454849498328		0.334448160535117	0	0.334448160535117	0	0	0			2.0066889632107			86.6220735785953	0	149.5	5241.0166520596	86.6220735785953	3.34448160535117	1.33779264214047		10.0334448160535
ST8	494.2	79675	0	5.89254766031196		0	0.173310225303293	0	0.173310225303293	0	0	4.8914245751506	4.47566894615385	0.346620450606586	0.465	3.548	92.0277296360485	0		253975.240715268	92.0277296360485	1.73310225303293	1.38648180242634		6.23916811091854
ST8	514.2	85230	0	9.84455958549223		0	0.259067357512953	0.259067357512953	0.259067357512953	0.259067357512953	0			1.81347150259067			83.419689119171	0		31318.4584178499	83.419689119171	5.69948186528497	3.8860103626943		10.880829015544
ST8	534.2	90757	1472.72727272727	48		0	2.5	2	0.75	0.25	0			26			15.5	0	66.6666666666667	98181.8181818182	15.5	31	5		53.5
ST8	554.2	96283	0	0.952380952380952		0	0	0	0	0	0	8.33158360262767	7.07692307692308	0	0.202	3.098	98.0952380952381	0		1966.29213483146	98.0952380952381	0.952380952380952	0.952380952380952		0.952380952380952
ST8	564.2	98757	45.7142857142857	2.14477211796247		0	0	0	0	0	0			1.34048257372654			95.9785522788204	0	124.333333333333	5683.80952380952	95.9785522788204	1.87667560321716	0.536193029490617		2.14477211796247
ST8	574.2	100672	3023.62204724409	0.831600831600832		0.831600831600832	0.831600831600832	0	0	0	0	3.47082983380169	3.61538461538461	0.207900207900208	-0.179	2.907	96.2577962577963	0	40.0833333333333	121196.850393701	96.2577962577963	1.24740124740125	1.03950103950104		2.4948024948025
ST8	584.2	102698	23.3542548533061	2.13333333333333		0	0	0	0	0	0			1.86666666666667			91.7333333333333	0	375	8757.84556998978	91.7333333333333	6.13333333333333	4.26666666666667		2.13333333333333
ST8	609.2	107683	465.454545454545	1.04347826086957		0	0	0	0	0	0	2.91515849408323	3.30769230769231	0.173913043478261	-0.009	4.718	97.5652173913043	0	143.75	66909.0909090909	97.5652173913043	1.39130434782609	1.21739130434783		1.04347826086957
