label	core	flowcell	depth_in_core_cm	y_bp	library_concentration	temp	temp_method	mis	initial	avg_leng_initial	derep	avg_len_derep	sst
LV7001897505	ST5	NA	1.5	508.5	76.44	NA	NA	3.23	57117976	74.1	50924488	74.8	NA
LV3003046968	ST8	NA	5	623	112.26	NA	NA	3.23	138861726	87.5	131384421	87.8	NA
LV7008886714	GeoB25202_R1	NA	4.5	692	129.27	8.77194686709375	uk37_alkenone	3.23	360661611	64.2	217864971	64.8	8.77194686709375
LV7008886726	GeoB25202_R2	NA	4.5	692	204.6	8.77194686709375	uk37_alkenone	3.23	210895995	63.5	141214842	64.2	8.77194686709375
LV7001897493	ST5	NA	6.5	972	70.54	NA	NA	3.23	111285010	71.7	81961541	72	8.452395200312278
LV3003046953	ST8	NA	10	1521.5	82.74	NA	NA	3.203925	268907517	82.4	244179416	82.6	7.825275054253641
LV7001897481	ST5	NA	11.5	2157	123.62	NA	NA	3.19727	92002899	69.9	81221335	70.5	7.10000689625498
LV7008886690	GeoB25202_R1	NA	20.5	2324	49.49	6.9094171521388885	uk37_alkenone	3.21564	490228857	43.4	46279822	44.7	6.9094171521388885
LV7008886702	GeoB25202_R2	NA	20.5	2324	70.74	6.9094171521388885	uk37_alkenone	3.21564	331982111	48.7	72925388	49.9	6.9094171521388885
LV3003046939	ST8	NA	15	2420	137.77	NA	NA	3.2262	174832149	79.3	145219212	79.8	6.894007877368142
LV3003047045	ST8	NA	20	3586.5	111.57	NA	NA	3.295865	151675055	80.4	128523596	81.5	6.706769137575687
LV7001897469	ST5	NA	16.5	3687	97.69	NA	NA	3.2968699999999997	137766038	63.2	79879723	65.2	6.690637553050062
LV3003047028	ST8	NA	25	4753	124.79	NA	NA	3.2698799999999997	3059207	78.3	2878411	79.3	6.519530397783233
LV7001897566	ST5	NA	21.5	5160	45.79	NA	NA	3.2712	82638713	68.4	58575207	69.2	6.454201493286422
LV7001898100	ST13	NA	5	5659	187.66	NA	NA	3.30613	172884713	66.3	153315655	67.1	6.374105367134313
LV3003047013	ST8	NA	30	5885	131.96	6.214970354492519	mgca_jonkers_2013	3.32195	106947849	79.8	86684502	81.7	6.337829366111515
LV7001898088	ST13	NA	10	6031	202.91	NA	NA	3.33124	117014401	60.1	89334062	61.3	6.314394427397671
LV7001898076	ST13	NA	15	6429	184.76	NA	NA	3.34716	115346098	55.3	78619492	56	6.250510142410618
LV7001897554	ST5	NA	26.5	6654.5	169.65	NA	NA	3.35618	114543293	67.5	93375592	68.4	6.21431439802725
LV7001898064	ST13	NA	20	6808	117.6	NA	NA	3.36232	104626976	54	53467555	54.8	6.1896756097219425
LV3003046995	ST8	NA	35	6970.5	117	5.8182137222436925	mgca_jonkers_2013	3.36882	178414482	82.8	152189789	85.2	6.1635922019068765
LV7008886751	GeoB25202_R1	NA	38.5	7133.5	84.76	6.13742853745238	uk37_alkenone	3.376675	167350731	43.1	40174994	44.4	6.13742853745238
LV7008886763	GeoB25202_R2	NA	38.5	7133.5	37.96	6.13742853745238	uk37_alkenone	3.376675	153803085	44.3	35210092	46.4	6.13742853745238
LV3003061546	ST13	NA	25	7197	267.14	NA	NA	3.37985	57808931	62.4	41212328	62.7	6.145346130602788
LV3003061533	ST13	NA	30	7912	290.8	NA	NA	3.4156	103171906	59.1	63404336	59.5	6.234496982611317
LV3003046980	ST8	NA	40	8056	95.39	5.421457089994867	mgca_jonkers_2013	3.41776	84644758	80.9	70313255	82.7	6.252451839519328
LV7001897542	ST5	NA	31.5	8158	57.55	NA	NA	3.41368	85232342	63.9	49818980	64.7	6.265169863162503
LV3003046967	ST8	NA	45	9158	69.08	5.024700457746041	mgca_jonkers_2013	3.40212	NA	NA	NA	NA	6.389856369468137
LV7001897530	ST5	NA	36.5	9701	39.45	NA	NA	3.47814	87865939	69.7	55678482	70	6.4575611423920964
LV3003061518	ST13	NA	35	9804	303.98	NA	NA	3.49256	114542623	68.5	78968770	69.5	6.470403852541576
LV3003046952	ST8	NA	50	10260	116.29	4.627943825497215	mgca_jonkers_2013	3.5408	88430474	83.4	60192917	86	6.527260899416945
LV3003046938	ST8	NA	55	11169	92.71	4.630069932656977	mgca_jonkers_2013	3.65408	135351707	83.8	73358025	85.5	6.640600933648767
LV7001897506	ST5	NA	41.5	11169.5	12.67	NA	NA	3.65424	49316209	69.4	17086878	73.7	6.64066327690192
LV3003061506	ST13	NA	40	11950	164.07	NA	NA	3.904	63589346	59.2	48096504	60.6	6.737981095073467
LV3003047044	ST8	NA	60	12078	46.49	4.63219603981674	mgca_jonkers_2013	3.93092	63682406	81.2	26806847	83.3	6.753940967880588
LV7001897494	ST5	NA	46.5	12078.5	13.53	7.473789620244242	mgca_jonkers_2013	3.93099	70895472	69.6	25320809	72.9	6.754003311133741
LV7001897482	ST5	NA	51.5	12254.5	63.12	5.7997626821577555	mgca_jonkers_2013	3.95563	91949882	68.1	48149297	70.8	6.775948136243533
LV7001897470	ST5	NA	56.5	12442	45.28	4.646158943050866	mgca_jonkers_2013	3.98188	92883273	67.8	37099317	70.5	6.799326856175839
LV7001897543	ST5	NA	61.5	12633	11.34	4.7068760015630335	mgca_jonkers_2013	4.00862	13308877	70.8	10245247	72.7	6.823141978880216
LV7001897531	ST5	NA	66.5	12825.5	33.38	4.617482408257012	mgca_jonkers_2013	4.03557	68980925	65.8	39343650	67.6	6.84714413134405
LV3003047027	ST8	NA	65	12877	149.32	5.041780889066544	mgca_jonkers_2013	4.04278	166139455	84.4	112662581	86.9	6.85356548641879
LV7001897507	ST5	NA	71.5	13023.5	27.69	4.177830627375212	mgca_jonkers_2013	4.065169999999999	33511565	65.1	15542438	68.8	6.871832059592566
LV7001897495	ST5	NA	76.5	13218.5	27.45	4.055450439274994	mgca_jonkers_2013	4.10807	29319575	65	16860873	67.3	6.896145928322165
LV7001897483	ST5	NA	81.5	13415	31.04	4.673370634331796	mgca_jonkers_2013	4.1513	78355762	65.5	38015456	67.4	6.920646826811222
LV7001897471	ST5	NA	86.5	13617	26.05	4.941608050112433	mgca_jonkers_2013	4.19574	105917283	67.5	29630029	71.8	6.94583350108496
LV3003047010	ST8	NA	70	13676	131.81	5.451365738316348	mgca_jonkers_2013	4.2087200000000005	124044083	83.1	98890535	85.9	6.953190004956992
LV7001897568	ST5	NA	91.5	13816	37.87	4.393918980915352	mgca_jonkers_2013	4.23952	70569175	57	29575147	59.8	6.970646115839781
LV7001897556	ST5	NA	96.5	14012.5	27.81	3.8462299117182712	mgca_jonkers_2013	4.282625	109575032	57.4	35414627	61.3	6.995147014328838
LV7001897544	ST5	NA	106.5	14418.5	14.7	2.710821290596013	mgca_jonkers_2013	4.367885	77844853	58.5	17351125	63.7	7.045769735888925
LV3003061492	ST13	NA	45	14437	376.09	NA	NA	4.371770000000001	119240881	67.3	80494467	68	7.048076436255579
LV7001897532	ST5	NA	111.5	14615	19.22	2.029697278971944	mgca_jonkers_2013	4.40915	47322160	62.8	22673380	64.8	7.070270634377982
LV7001897508	ST5	NA	116.5	14812	22.28	1.646832031753649	mgca_jonkers_2013	4.45052	139311288	67.2	54216602	72.3	7.094833876120193
LV7001897496	ST5	NA	121.5	15007	32.51	1.9599039014821584	mgca_jonkers_2013	4.491820000000001	58394729	63.8	21550727	66.7	7.119147744849791
LV7001897484	ST5	NA	126.5	15210	31.04	2.2017302970517463	mgca_jonkers_2013	4.5446	59058701	63.7	23608360	68.9	7.144459105629835
LV7001897472	ST5	NA	131.5	15405.5	21.07	2.2773172529171837	mgca_jonkers_2013	4.59543	75350186	61.5	16025829	66.2	7.1688353176125865
LV3003046994	ST8	NA	79.5	15549	87.72	4.990397545021239	mgca_jonkers_2013	4.63274	71148178	57.2	33076881	57.9	7.186727831267445
LV7001897569	ST5	NA	136.5	15599	20.09	2.4601640244725096	mgca_jonkers_2013	4.64574	48167327	64.3	22764329	66.1	7.192962156582727
LV7001897557	ST5	NA	141.5	15805	33.32	2.8932836993042415	mgca_jonkers_2013	4.6993	91590246	58.6	35528464	60.7	7.218647576881687
LV7001897545	ST5	NA	146.5	15999.5	19.12	3.110978647707203	mgca_jonkers_2013	4.74987	75393394	63.6	30242765	66.3	7.242899102358133
LV7001897533	ST5	NA	151.5	16189	34.05	2.8260159011096997	mgca_jonkers_2013	4.77457	57940430	65.9	35944712	67.6	7.266527195303051
LV7001897509	ST5	NA	156.5	16388.5	32.67	2.489478481429828	mgca_jonkers_2013	4.800505	30412171	59.5	14484990	60.7	7.291402153311025
LV7008886727	GeoB25202_R1	NA	59.5	16437.5	79.12	7.297511792120001	uk37_alkenone	4.806875	181407355	47.9	57424152	48.6	7.297511792120001
LV7008886739	GeoB25202_R2	NA	59.5	16437.5	82.56	7.297511792120001	uk37_alkenone	4.806875	201287627	49.7	67761404	50.8	7.297511792120001
LV3003046979	ST8	NA	84.5	16461	131.92	4.747782706444866	mgca_jonkers_2013	4.80993	62932113	71.5	35885630	73.7	7.298699360487044
LV7001897497	ST5	NA	161.5	16588	20.57	2.032600157891095	mgca_jonkers_2013	4.82644	32711954	61.3	9541934	64.7	7.30511728315149
LV3003061477	ST13	NA	50	16726	301.74	NA	NA	4.84438	125495327	67.8	84929726	70.8	7.312091088881361
LV7001897485	ST5	NA	166.5	16787	50.23	1.8054017500053328	mgca_jonkers_2013	4.85231	45975547	61.3	24174415	63.9	7.31517371315326
LV7001897473	ST5	NA	171.5	16988.5	29.49	2.1141231453098372	mgca_jonkers_2013	4.878505	45543544	66.3	19785871	67.6	7.325356480215353
LV7001897570	ST5	NA	176.5	17186.5	41.44	2.213630474344806	mgca_jonkers_2013	4.90611	60940619	59.4	33614263	61	7.335362375392993
LV3003046966	ST8	NA	89.5	17373	104.95	4.505167867868493	mgca_jonkers_2013	4.93222	64053262	73.4	33174625	75	7.3447871200931445
LV7001897558	ST5	NA	181.5	17382.5	53.84	1.8249716487508587	mgca_jonkers_2013	4.933549999999999	125329323	57.8	61951973	58.6	7.3452672009223745
LV7001897546	ST5	NA	186.5	17591.5	33.81	1.8405983752800852	mgca_jonkers_2013	4.962809999999999	59889849	65.2	24939316	67.6	7.355828979165439
LV7001897534	ST5	NA	191.5	17787	20.79	2.7995580567633835	mgca_jonkers_2013	4.99018	53521851	62.4	30525608	64.2	7.365708537282756
LV7001897510	ST5	NA	196.5	17982	14.29	3.450379679482002	mgca_jonkers_2013	5.01748	22831348	64.3	12095380	66.3	7.375562827988007
LV3003046950	ST8	NA	94.5	18099	104.24	2.395215626967552	mgca_jonkers_2013	5.01406	54550611	72.2	30319286	73.7	7.381475402411159
LV7001897498	ST5	NA	206.5	18376.5	21.49	3.250089250305834	mgca_jonkers_2013	4.9974099999999995	20544000	57	8978911	58.5	7.395498816107094
LV7001897486	ST5	NA	211.5	18575	24.68	2.968735179090528	mgca_jonkers_2013	4.9855	71092938	64.7	29245649	67.9	7.405529978696799
LV3003046937	ST8	NA	99.5	18598	100.16	2.933022730384622	mgca_jonkers_2013	4.98412	37032447	66.6	19341245	67.9	7.406692279651777
LV7001897474	ST5	NA	216.5	18773.5	30.25	2.793293003966327	mgca_jonkers_2013	4.97359	39010168	60.1	16218374	62.2	7.415561141286504
LV7001897571	ST5	NA	221.5	18974.5	21.49	2.8649785863880366	mgca_jonkers_2013	4.96153	30239382	62.9	11158694	66	7.425718640936532
LV3003047041	ST8	NA	104.5	19097	105.88	3.470829833801692	mgca_jonkers_2013	4.96291	92918951	73.6	51583899	75.3	7.431909156892395
LV3003061572	ST13	NA	55	19099	341.81	NA	NA	4.96297	148847098	75.5	75948836	100.4	7.432010226540655
LV7001897559	ST5	NA	226.5	19167	39.87	2.734802519682846	mgca_jonkers_2013	4.96501	128409959	58.8	51985460	60.6	7.43544659458146
LV7001897547	ST5	NA	231.5	19363.5	29.23	2.13361593834822	mgca_jonkers_2013	4.970905	106809721	65.1	42565738	66.8	7.445376687522906
LV3003047026	ST8	NA	109.5	19565	12.35	2.8847371142693254	mgca_jonkers_2013	4.97695	948154669	61.9	126124116	64.1	7.455559454585
LV7001897535	ST5	NA	236.5	19566	48.17	1.6888041023271487	mgca_jonkers_2013	4.97698	75054891	63.3	41678579	64.5	7.455609989409129
LV7001897511	ST5	NA	241.5	19760	35.35	1.6088666720377058	mgca_jonkers_2013	4.9828	61570250	62.5	28090563	64.3	7.465413745290252
LV7001897499	ST5	NA	246.5	19953	42.3	1.9004850573235244	mgca_jonkers_2013	4.98859	58439464	58.5	22649090	59.7	7.475166966347244
LV3003047009	ST8	NA	114.5	20142	99.94	3.124995282011021	mgca_jonkers_2013	4.97864	78281501	64.3	50491740	64.7	7.484718048107719
LV7001897487	ST5	NA	251.5	20152	39.55	3.0590670122849533	mgca_jonkers_2013	4.9778400000000005	35278915	62.6	13663551	66.8	7.485223396349014
LV7001897475	ST5	NA	256.5	20347.5	22.94	3.5464810233563577	mgca_jonkers_2013	4.9622	8631351	60.2	2654118	62.4	7.49510295446633
LV7001897572	ST5	NA	261.5	20543	18.04	2.4678364986843713	mgca_jonkers_2013	4.94656	60140219	63.8	15098394	67.5	7.504982512583647
LV3003046993	ST8	NA	119.5	20719	108.7	3.3652534497527165	mgca_jonkers_2013	4.93248	230108757	68.3	100382437	69.6	7.513876641630438
LV7001897560	ST5	NA	266.5	20743	81.04	1.6644727699585613	mgca_jonkers_2013	4.93056	143765476	57.3	74167999	58.6	7.515089477409546
LV7001897548	ST5	NA	271.5	20935.5	41.76	1.5034308984404938	mgca_jonkers_2013	4.91516	156925635	65.1	68266744	66.2	7.5248174310544735
LV3003061559	ST13	NA	60	21069	362.3	NA	NA	4.90793	96182866	67.5	57351399	75.1	7.531563830075761
LV7001897536	ST5	NA	276.5	21133.5	36.92	1.6822706708717332	mgca_jonkers_2013	4.905995	144998442	64	72873836	66.2	7.5348233262321145
LV3003046978	ST8	NA	124.5	21296	113.8	3.605511617494412	mgca_jonkers_2013	4.90112	72686612	55.3	49044465	56.1	7.543035235153157
LV7001897512	ST5	NA	281.5	21331	29.44	2.654167612518023	mgca_jonkers_2013	4.90007	85471801	66.1	44694544	67.9	7.54480395399769
LV7001897500	ST5	NA	286.5	21526.5	23.94	3.395108211955217	mgca_jonkers_2013	4.894205	112315185	67.6	45664572	71.1	7.554683512115006
LV7001897488	ST5	NA	291.5	21721.5	23.71	3.5971506795711874	mgca_jonkers_2013	4.888355	100607799	63.6	23740571	68.1	7.564537802820258
LV3003046965	ST8	NA	129.5	21832.333333333332	73.24	3.131126047396666	mgca_jonkers_2013	4.8850299999999995	123105827	60	61272397	60.7	7.570138745827943
LV7001897476	ST5	NA	296.5	21918	4.39	3.79706593992115	mgca_jonkers_2013	4.88246	30362275	56.2	3840780	59.2	7.574467895761703
LV7001897504	ST5	NA	306.5	22302.5	30.5	3.988681487059752	mgca_jonkers_2013	4.87395	60859458	59.6	18147650	62.3	7.593898535639495
LV3003046949	ST8	NA	134.5	22368.666666666668	140.56	2.65674047729892	mgca_jonkers_2013	4.872626666666667	61245129	56.4	37969700	57.8	7.59724225650273
LV7001897492	ST5	NA	311.5	22484.5	23.74	3.522673242722518	mgca_jonkers_2013	4.87031	47816080	61.8	14092262	66.4	7.603095873631063
LV7001897480	ST5	NA	316.5	22680.5	69.36	3.1542711250459705	mgca_jonkers_2013	4.86639	136061540	61.2	61643248	62.1	7.613000699160445
LV7001897144	ST5	NA	321.5	22872.5	46.09	3.0136166362443606	mgca_jonkers_2013	4.862550000000001	21152632	62.8	10575303	66	7.622703385393308
LV3003046936	ST8	NA	139.5	22905	189.42	2.182354907201174	mgca_jonkers_2013	4.8619	152063717	62.8	56886217	63.9	7.624345767177516
LV7001897565	ST5	NA	326.5	23058	25.49	2.8936528193567206	mgca_jonkers_2013	4.8571	78415068	65.1	36327159	68	7.632077595269329
LV3003061545	ST13	NA	65	23172	284.94	NA	NA	4.8514	110691172	77.3	54077025	90.3	7.6378385652200915
LV7001897553	ST5	NA	331.5	23245.5	22.74	2.821967236935011	mgca_jonkers_2013	4.8477250000000005	98977951	59.6	37141051	61	7.64155287479361
LV7001897541	ST5	NA	336.5	23435	8.52	2.8354893506068097	mgca_jonkers_2013	4.83825	57759373	63.5	11105990	70.2	7.651129223966149
LV3003047145	ST8	NA	144.5	23446	279.12	3.07806968232358	mgca_jonkers_2013	4.8377	33473724	69.7	25529607	71.1	7.6516851070315735
LV7001897529	ST5	NA	341.5	23627	12.81	3.0478294218301296	mgca_jonkers_2013	4.82865	65263939	60.5	23525273	63.2	7.660831910199012
LV7001897551	ST5	NA	346.5	23817.5	36.65	3.0889032697905017	mgca_jonkers_2013	4.819125	89133831	59.7	30480081	63.6	7.670458794195682
LV3003047132	ST8	NA	149.5	23987	252.49	3.973784457445986	mgca_jonkers_2013	4.81065	102185528	63	55519062	64.2	7.679024446885631
LV7001897539	ST5	NA	351.5	24009	27.76	2.7303559301373292	mgca_jonkers_2013	4.81009	44982628	62.2	15317695	65.2	7.68013621301648
LV7001897527	ST5	NA	356.5	24205.5	19.19	2.523234972909064	mgca_jonkers_2013	4.812055	55946937	58.2	24762765	60.4	7.6900663059579255
LV7001897503	ST5	NA	361.5	24392.5	11.67	2.669442241338917	mgca_jonkers_2013	4.813925	1731798	61	1452079	62.4	7.699516318070142
LV3003047118	ST8	NA	154.5	24528	236.52	4.869499232568392	mgca_jonkers_2013	4.81528	91417437	63.5	42464543	65.7	7.706363786739688
LV7001897491	ST5	NA	366.5	24582	15.58	2.771787329239814	mgca_jonkers_2013	4.81582	44296580	60.4	10408983	65.3	7.709092667242681
LV7001897479	ST5	NA	371.5	24781.5	45.23	2.771787329239814	mgca_jonkers_2013	4.817815	15354534	62.9	10868023	65.4	7.719174364656515
LV7001897467	ST5	NA	376.5	24972	23.47	2.6598884911770995	mgca_jonkers_2013	4.81972	64915793	57.6	15627635	62.3	7.728801248653184
LV3003047099	ST8	NA	159.5	25058	89.55	4.237505425031403	mgca_jonkers_2013	4.8113	28885458	59.3	17167551	60.8	7.733147243528321
LV7001897564	ST5	NA	381.5	25156	33.98	2.2868923643013845	mgca_jonkers_2013	4.796600000000001	61360637	54.2	27540724	56.7	7.738099656293012
LV7001897552	ST5	NA	386.5	25345.5	30.11	2.002484672197151	mgca_jonkers_2013	4.768175	23396794	61	13401849	65.8	7.747676005465551
LV7001897540	ST5	NA	391.5	25538.5	9.79	1.924783327893041	mgca_jonkers_2013	4.739225	42110674	58.9	7661431	65.6	7.757429226522544
LV3003047086	ST8	NA	164.5	25588	357.79	3.605511617494412	mgca_jonkers_2013	4.7318	NA	NA	NA	NA	7.759930700316954
LV7001897528	ST5	NA	396.5	25727.5	17.72	1.8227700994734035	mgca_jonkers_2013	4.710875	25392213	60.1	10963221	62.7	7.766980308283019
LV7001897465	ST5	NA	406.5	26105.5	42.81	1.7994440209627995	mgca_jonkers_2013	4.67844	26875098	63.7	13732578	66.5	7.786082471803968
LV3003047071	ST8	NA	169.5	26141	140.62	4.127205393825051	mgca_jonkers_2013	4.68128	68001919	56.3	20785023	59.2	7.787876458060565
LV7001897562	ST5	NA	411.5	26293	34.45	2.6212225213884786	mgca_jonkers_2013	4.69344	88553233	62.3	35337869	65	7.795557751328249
LV7001897550	ST5	NA	416.5	26481	0.3	3.17550283467502	mgca_jonkers_2013	4.70848	442	61.4	425	62.4	7.805058298264594
LV3003047169	ST8	NA	174.5	26670.333333333332	195.44	4.127631582670341	mgca_jonkers_2013	4.723626666666666	78793387	55.3	25386659	57.5	7.814626224966445
LV7001897538	ST5	NA	421.5	26675	19.67	3.1056207113035756	mgca_jonkers_2013	4.724	63234104	63	16207747	66.4	7.814862054145716
LV7001897526	ST5	NA	426.5	26945.5	19.59	3.0567032249435644	mgca_jonkers_2013	4.74564	45214713	65.4	17916772	69.2	7.828531724072745
LV3003047156	ST8	NA	179.5	27199.666666666668	175.93	4.128057771515632	mgca_jonkers_2013	4.75	57674275	59.1	20077855	61	7.841375991872325
LV7001897502	ST5	NA	431.5	27373	13.94	3.0567032249435644	mgca_jonkers_2013	4.75	30685837	63.6	11541091	66.8	7.850135361388104
LV7008886703	GeoB25202_R1	NA	84.5	27685.5	41.04	7.865927493928572	uk37_alkenone	4.75	139576170	55.3	32441759	57.3	7.865927493928572
LV7008886715	GeoB25202_R2	NA	84.5	27685.5	77.28	7.865927493928572	uk37_alkenone	4.75	163412376	53.6	44513031	55.5	7.865927493928572
LV7001897490	ST5	NA	435.5	27704	11.63	3.1496864770288555	mgca_jonkers_2013	4.75	15705833	65	3727333	76.7	7.868860626843631
LV3003047144	ST8	NA	184.5	27729	145.85	4.1284839603609225	mgca_jonkers_2013	4.75	92057786	60.2	26538281	62.3	7.872824319972088
LV7001897478	ST5	NA	440.5	27863	26.76	3.459630650646493	mgca_jonkers_2013	4.75	74155726	65.6	24188354	70.4	7.894069715140622
LV7001897466	ST5	NA	445.5	28010.5	38.49	3.711474760141571	mgca_jonkers_2013	4.74979	45266682	62.4	17327060	66.9	7.917455504598522
LV7001897563	ST5	NA	450.5	28164	22.06	3.4404182925336144	mgca_jonkers_2013	4.74672	70410571	66.5	28302155	70	7.941792580407253
LV3003047131	ST8	NA	189.5	28245.333333333332	102.07	3.7987812112907706	mgca_jonkers_2013	4.745093333333333	52927950	62	18465157	64.2	7.954687795385168
LV7001897537	ST5	NA	455.5	28311	38.22	3.243068296120177	mgca_jonkers_2013	4.74378	14212078	64.9	8006921	67.3	7.965099096002585
LV3003061531	ST13	NA	76	28445	99.27	6.67825064126309	mgca_jonkers_2013	4.7411	92367510	61.2	35673132	62.1	7.986344491171118
LV7001897525	ST5	NA	460.5	28460	28.45	3.709076540457412	mgca_jonkers_2013	4.7408	39464168	59.9	15106287	63.7	7.9887227070481925
LV7001897501	ST5	NA	465.5	28602.5	NA	4.147318155736301	mgca_jonkers_2013	4.7379500000000005	42247246	61.5	12295085	67.9	8.011315757880402
LV7001897489	ST5	NA	470.5	28746.5	23.76	4.335660109490086	mgca_jonkers_2013	4.73507	2121460	59.5	1809710	60.4	8.034146630300318
LV3003047117	ST8	NA	194.5	28761.666666666668	158.61	3.4690784622206188	mgca_jonkers_2013	4.734766666666667	120673383	62.4	16047191	66.1	8.036551270798249
LV7001897477	ST5	NA	475.5	28890.5	32.43	4.439732848059391	mgca_jonkers_2013	4.73219	22773365	61.8	10495349	66.2	8.056977502720235
LV7001898063	ST5	NA	478.5	28977	65.5	4.047122729204779	mgca_jonkers_2013	4.730460000000001	122084313	59.5	40993322	61.2	8.070691880944699
LV7001898160	ST5	NA	482.5	29092	141.68	3.5236425707319636	mgca_jonkers_2013	4.719880000000001	111089645	65.6	71388517	68.1	8.088924869335605
LV7001898148	ST5	NA	485.5	29177	1.17	3.1531555042032804	mgca_jonkers_2013	4.71053	259	60	225	61.4	8.10240142597236
LV3003047098	ST8	NA	199.5	29278	110.66	3.139375713150467	mgca_jonkers_2013	4.69942	78560973	57.5	14314578	59.5	8.11841474621133
LV7001898136	ST5	NA	490.5	29327	100.6	2.7200358293715485	mgca_jonkers_2013	4.694030000000001	132682311	67.5	68502787	71.3	8.126183584743107
LV7001898112	ST5	NA	495.5	29476	59.45	2.2137167159218403	mgca_jonkers_2013	4.67764	157818087	66.8	50966905	71.5	8.149807195788716
LV3003047085	ST8	NA	204.5	29703	130.79	3.1118182170814994	mgca_jonkers_2013	4.6526700000000005	72934268	58.5	23719130	60.7	8.185797529395112
LV7001898097	ST5	NA	505.5	29764.5	50.59	0.08563926657069909	mgca_jonkers_2013	4.645905	138604245	63.3	50314823	66.4	8.195548214491117
LV7001898085	ST5	NA	510.5	29912.5	67.99	0.94203193227769	mgca_jonkers_2013	4.629625	157677318	67.9	58830296	74.4	8.219013277811587
LV7001898073	ST5	NA	515.5	30052.5	109.41	1.772903989547444	mgca_jonkers_2013	4.62	134412558	71.4	73824078	72.4	8.24120995933095
LV3003047070	ST8	NA	209.5	30128	151.38	3.084260721012532	mgca_jonkers_2013	4.62	68056678	53.6	17883228	56.6	8.253180312578893
LV7001898061	ST5	NA	520.5	30194	180.5	2.3740905708820703	mgca_jonkers_2013	4.62	124419142	67.1	82386929	68	8.263644462438021
LV7001898158	ST5	NA	525.5	30353	99.78	2.907989935841063	mgca_jonkers_2013	4.62	90698904	67.8	46620683	69.8	8.288853550735013
LV3003047168	ST8	NA	214.5	30497	193.15	3.0567032249435644	mgca_jonkers_2013	4.62	56419893	53.7	23672441	55.4	8.31168442315493
LV7001898146	ST5	NA	530.5	30674	74.82	2.8363043534193526	mgca_jonkers_2013	4.62	151561519	71.6	60164919	73.5	8.33974737050441
LV3003061517	ST13	NA	81	30678	343.69	6.457380163505259	mgca_jonkers_2013	4.62	166832578	74.7	79298875	86	8.340381561404962
LV3003047155	ST8	NA	219.5	30947.5	72.49	3.5925935926522437	mgca_jonkers_2013	4.62	58779708	51.8	15672586	53.7	8.383110173329737
LV7001898134	ST5	NA	535.5	31015	79.84	2.7645250617023955	mgca_jonkers_2013	4.6197	117833270	66	49113497	69.2	8.393812144776573
LV7001898110	ST5	NA	540.5	31354	91.25	2.6919023863282128	mgca_jonkers_2013	4.61292	144709322	68.7	59858550	71.5	8.44755982359846
LV3003047143	ST8	NA	224.5	31398	133.26	4.1284839603609225	mgca_jonkers_2013	4.61204	135126726	57.5	24111588	60.5	8.454535923504546
LV7001898098	ST5	NA	545.5	31698.5	41.49	2.648050040814054	mgca_jonkers_2013	4.60603	140184129	73.2	64206542	74.3	8.502179514908608
LV3003047130	ST8	NA	229.5	31936	108.94	4.975696819537702	mgca_jonkers_2013	4.60128	43901456	63.3	16307041	66.4	8.539834599628957
LV7001898086	ST5	NA	550.5	32036.5	109.73	2.863130664040112	mgca_jonkers_2013	4.59927	122642677	70.5	73943773	71.5	8.555768646005356
LV7001898074	ST5	NA	555.5	32380.5	76.42	3.084143644571107	mgca_jonkers_2013	4.59239	147473158	73.5	60009694	77.1	8.610309063452934
LV3003047114	ST8	NA	234.5	32385.5	41.03	4.801820322517458	mgca_jonkers_2013	4.59229	21045484	64.8	12594552	66.9	8.611101802078627
LV7001898062	ST5	NA	560.5	32727	79.08	3.358547840846531	mgca_jonkers_2013	4.58546	144772882	69.8	63244702	71.6	8.66524585021336
LV3003061505	ST13	NA	86	32810	188.85	6.2365096857474285	mgca_jonkers_2013	4.5838	82717700	80.4	45809256	89.7	8.678405311399839
LV3003047097	ST8	NA	239.5	32835	93.56	4.627943825497215	mgca_jonkers_2013	4.5833	84081411	56.6	17377814	59.5	8.682369004528297
LV7001871017	ST5	NA	565.5	33062.5	107.63	3.69210626788707	mgca_jonkers_2013	4.580625	100405524	68.6	53759120	70.6	8.718438611997263
LV3003047084	ST8	NA	244.5	33276	4.13	6.5309629433568785	mgca_jonkers_2013	4.58276	390411795	56.1	31074859	58.4	8.75228855131429
LV7001898147	ST5	NA	570.5	33400	0.83	4.558052771813653	mgca_jonkers_2013	4.584	77	69.1	60	68.4	8.771948469231441
LV7001898135	ST5	NA	575.5	33738.5	102.34	5.3374046253475775	mgca_jonkers_2013	4.587385	135409417	71.9	67588468	74.8	8.825616874190759
LV3003047069	ST8	NA	249.5	33743.68707482993	233.37	6.202121760478459	mgca_jonkers_2013	4.5874368707482995	66820935	59	22512581	61.8	8.826439273105168
LV7001898111	ST5	NA	580.5	34076	124.14	5.3374046253475775	mgca_jonkers_2013	4.5862	120497679	71	68952645	72.4	8.87912673142494
LV7001898099	ST5	NA	585.5	34403.5	89.14	5.156173660650897	mgca_jonkers_2013	4.569825	174316267	72.7	72130327	75.5	8.931051111407735
LV3003047167	ST8	NA	259.5	34678.12	171.35	5.574952417586924	mgca_jonkers_2013	4.556094	55257624	57.2	14241098	59.7	8.974591487685219
LV7001898087	ST5	NA	590.5	34726	53.69	3.3438640136841	mgca_jonkers_2013	4.5537	141631019	74.5	45475683	81.7	8.98218275276484
LV3003061488	ST13	NA	91	35041	245.05	6.015639207989597	mgca_jonkers_2013	4.53631	127243231	79.7	66338584	85.6	9.032125286183408
LV7001898075	ST5	NA	595.5	35048.5	63.3	NA	NA	4.535635	145749875	73	50950869	78.1	9.033314394121945
LV3003047154	ST8	NA	264.5	35130.12	109.23	5.754661615796871	mgca_jonkers_2013	4.5282892	24559061	57.6	12574749	58.9	9.046255059447734
LV3003047142	ST8	NA	269.5	35582.3	78.67	5.884718929015709	mgca_jonkers_2013	4.4875929999999995	67334598	64.9	15239544	67.1	9.117947169800775
LV3003047129	ST8	NA	274.5	36037.3	75.83	5.236896710707206	mgca_jonkers_2013	4.450373	33964594	62.9	16307844	64.1	9.190086384738706
LV3003047113	ST8	NA	279.5	36489.27	109.94	4.620536113235644	mgca_jonkers_2013	4.4548927	73296885	60.2	24562830	62.8	9.261745200069466
LV7008886226	GeoB25202_R2	NA	105.5	36607	46.28	9.28041102375	uk37_alkenone	4.45607	193464268	41.2	26190630	42.8	9.28041102375
LV7008886776	GeoB25202_R1	NA	105.5	36607	70.05	9.28041102375	uk37_alkenone	4.45607	152962664	56	41404251	58.3	9.28041102375
LV3003047096	ST8	NA	284.5	36893.77	135.25	4.497074242209477	mgca_jonkers_2013	4.4589377	56084885	55.6	20029588	57.5	9.237258761850551
LV3003061476	ST13	NA	96	37160	137.29	5.794768730231766	mgca_jonkers_2013	4.452	84098583	70.2	34228366	72.2	9.197197295569245
LV3003047083	ST8	NA	289.5	37303.19	129.5	4.363349770837046	mgca_jonkers_2013	4.4448405	66017005	60.6	17923283	63	9.175650507615895
LV3003047068	ST8	NA	294.5	37789.69	99.85	4.068844560706502	mgca_jonkers_2013	4.4205155	45243801	64.9	16258007	69	9.102443493583458
LV3003047166	ST8	NA	299.5	38273.43	109.28	3.8207307115639257	mgca_jonkers_2013	4.4482802	47667591	67.1	14626855	69.9	9.029651795807402
LV3003047153	ST8	NA	304.5	38713.93	119.12	4.299414851232806	mgca_jonkers_2013	4.5099502	61725484	65.2	21806731	67.7	8.963366719381321
LV3003047141	ST8	NA	309.5	39153.47	61.93	4.702335430229871	mgca_jonkers_2013	4.55	956051	61.3	849760	61.8	8.897226100783547
LV3003047128	ST8	NA	314.5	39577.97	73.06	3.9182935587019	mgca_jonkers_2013	4.55	61094930	57.4	16749573	59.4	8.83334865482924
LV3003047112	ST8	NA	319.5	40033.5	82.07	3.2197866108937285	mgca_jonkers_2013	4.54866	36464277	69.6	15715775	72.5	8.764801910528735
LV3003061571	ST13	NA	101	40457	159.84	6.076776568495434	mgca_jonkers_2013	4.53172	90191213	63	44685952	68.8	8.701074941478916
LV3003047095	ST8	NA	324.5	40975.16666666667	76.96	3.8613268013623783	mgca_jonkers_2013	4.5109933333333325	55822169	58.7	15927657	60.6	8.623102825471088
LV3003047082	ST8	NA	329.5	41916.833333333336	61.65	4.502866991831028	mgca_jonkers_2013	4.500831666666667	37053519	59.3	19269518	60.4	8.481403740413443
LV3003061558	ST13	NA	106	42626	207.2	6.358784406759101	mgca_jonkers_2013	4.47496	75419217	85.6	38072076	102.9	8.37469053564879
LV3003047067	ST8	NA	334.5	42866.02	178.82	5.076118141859317	mgca_jonkers_2013	4.4653592	83694347	60.2	30143452	61.8	8.338573069034062
LV7008886740	GeoB25202_R1	NA	119.5	43105	37.22	8.3026120984	uk37_alkenone	4.4621	126565168	46	28164282	47.8	8.3026120984
LV7008886752	GeoB25202_R2	NA	119.5	43105	26.14	8.3026120984	uk37_alkenone	4.4621	223261934	57.3	26874573	61.2	8.3026120984
LV3003047164	ST8	NA	339.5	43933.02	61.8	4.579507658322	mgca_jonkers_2013	4.478660400000001	45835273	73.5	20978998	75.5	8.379461133033665
LV3003047152	ST8	NA	344.5	45000.02	114.81	4.082897174784683	mgca_jonkers_2013	4.3300006	86684643	67.2	27393512	69.9	8.478490045323369
LV3003061544	ST13	NA	111	45122	154.76	6.6407922450227685	mgca_jonkers_2013	4.33366	98492472	76.2	36658491	81.2	8.489811082550265
LV3003047140	ST8	NA	349.5	46094.8	83.7	3.623655271240097	mgca_jonkers_2013	4.361896000000001	2441785	64.6	2055101	65.5	8.580097236135481
LV3003061530	ST13	NA	116	47046	117.63	6.922800083286436	mgca_jonkers_2013	4.38322	92176900	82.1	44841877	91.8	8.668378680718392
LV3003047127	ST8	NA	354.5	47624.8	56.2	3.7498544542482746	mgca_jonkers_2013	4.423736	50491529	60.3	11382703	63	8.722097457131964
LV3003061516	ST13	NA	121	48537	61.03	7.2048079215501035	mgca_jonkers_2013	4.45537	54250107	75.6	26855001	76.7	8.806759288238494
LV3003047110	ST8	NA	359.5	49154.8	66.07	3.876053637256452	mgca_jonkers_2013	4.441424	47425083	62.5	15940375	65.4	8.864097678128447
LV3003061504	ST13	NA	126	50268	187.42	7.486815759813771	mgca_jonkers_2013	4.33732	96239561	74.4	42611651	77.1	8.967414440228634
LV7008886221	GeoB25202_R1	NA	129.5	50355.5	94.36	8.975535367900001	uk37_alkenone	4.336445	97977738	44.9	30262882	47	8.975535367900001
LV7008886728	GeoB25202_R2	NA	129.5	50355.5	42.73	8.975535367900001	uk37_alkenone	4.336445	152247351	58.3	27749284	61.8	8.975535367900001
LV3003047094	ST8	NA	364.5	50684.8	129.24	4.002252820264629	mgca_jonkers_2013	4.333152	80270443	61.2	21674703	64.2	8.719164626676566
LV3003061486	ST13	NA	131	52105	128.79	7.7688235980774385	mgca_jonkers_2013	4.32365	27685092	68.7	20117935	70.3	7.613492817731781
LV3003047081	ST8	NA	369.5	52207.18	90.06	4.128452003272807	mgca_jonkers_2013	4.3369333999999995	57423869	57.2	15919889	58.8	7.533942370303264
LV3003047065	ST8	NA	374.5	53610.18	140.39	4.254651186280984	mgca_jonkers_2013	4.4033892	57784676	58.3	11483201	61.5	6.441661319782536
LV3003061475	ST13	NA	136	53844	108.69	8.050831436341106	mgca_jonkers_2013	4.38936	112973110	69.7	29608396	73.6	6.259624858461969
LV7008886692	GeoB25202_R1	NA	139.5	53875	51.47	6.235490352	uk37_alkenone	4.3875	102859565	52.6	21513038	56	6.235490352
LV7008886704	GeoB25202_R2	NA	139.5	53875	23.87	6.235490352	uk37_alkenone	4.3875	186672027	56.9	18918645	61.2	6.235490352
LV3003047161	ST8	NA	379.5	54983.46	31.63	4.380850369289162	mgca_jonkers_2013	4.311157799999999	1104778	59.1	793502	62	6.4754309285509635
LV3003061570	ST13	NA	141	55466	127.35	8.040386666888491	mgca_jonkers_2013	4.32864	79639505	71.1	31089341	73.9	6.579882984384193
LV3003047160	ST8	NA	384.5	55891.12666666667	36.23	4.507049552297339	mgca_jonkers_2013	4.345645066666666	1905989	56.6	991574	66.2	6.671907177866313
LV3003047159	ST8	NA	389.5	56798.793333333335	81.65	4.633248735305517	mgca_jonkers_2013	4.4139034666666666	39132173	80.8	14300268	84.8	6.86838342718166
LV3003047158	ST8	NA	394.5	57706.46	70.06	4.759447918313694	mgca_jonkers_2013	4.4723876	44291383	79.6	12643578	86.6	7.064859676497008
LV3003061557	ST13	NA	146	58082	188.06	8.029941897435876	mgca_jonkers_2013	4.48508	59537389	82.9	38572967	90.5	7.146150191371652
LV7008886765	GeoB25202_R1	NA	149.5	58181	42.2	7.167580028333334	uk37_alkenone	4.47914	133978185	51.4	29219035	54.5	7.167580028333334
LV7008886777	GeoB25202_R2	NA	149.5	58181	0.08	7.167580028333334	uk37_alkenone	4.47914	NA	NA	NA	NA	7.167580028333334
LV3003047139	ST8	NA	399.5	58614.12666666667	44.97	4.885647101321871	mgca_jonkers_2013	4.4531524	15155861	77.9	8529497	83.7	8.627985286808741
LV7008886741	GeoB25202_R1	NA	155.5	58997	11.14	9.918947659625	uk37_alkenone	4.43018	84181826	45.8	4319623	50.5	9.918947659625
LV7008886753	GeoB25202_R2	NA	155.5	58997	24.03	9.918947659625	uk37_alkenone	4.43018	129194349	43.9	9629685	47.9	9.918947659625
LV3003047150	ST8	NA	404.5	59521.793333333335	73.51	5.0118462843300495	mgca_jonkers_2013	4.518704866666667	67120474	74.5	15427841	80.5	8.442547133746372
LV7008886705	GeoB25202_R1	NA	159.5	59738	23.86	7.834293148625	uk37_alkenone	4.55546	95103090	43.4	12531371	45.3	7.834293148625
LV7008886717	GeoB25202_R2	NA	159.5	59738	49.74	7.834293148625	uk37_alkenone	4.55546	128512499	41.9	19897194	43.6	7.834293148625
LV3003047149	ST8	NA	409.5	60431.7	45.56	5.123351139651516	mgca_jonkers_2013	4.561146999999999	62250597	65.1	9170430	69.9	7.855553703431683
LV3003047148	ST8	NA	414.5	61376.7	47.48	5.004644861214516	mgca_jonkers_2013	4.543903	53529330	65.5	11451620	69.9	7.884516114116872
LV3003061543	ST13	NA	151	62293	184.56	8.01949712798326	mgca_jonkers_2013	4.57949	90294874	80.7	44589548	82.9	7.912598925662733
LV3003047147	ST8	NA	419.5	62321.7	48.14	4.885938582777516	mgca_jonkers_2013	4.577481	52440180	63.1	9223523	66.9	7.913478524802061
LV3003047146	ST8	NA	424.5	63266.7	97.4	4.767232304340517	mgca_jonkers_2013	4.484660999999999	58056720	65	17613674	68	7.942440935487251
LV3003047126	ST8	NA	429.5	64210.824	52.91	4.670672793876713	mgca_jonkers_2013	4.385298880000001	39791476	69.2	8102851	73.6	7.971376498477455
LV3003061529	ST13	NA	156	66015	177.08	8.009052358530646	mgca_jonkers_2013	4.56805	91959511	75.1	42965230	98.8	8.026670981292654
LV3003047138	ST8	NA	439.2	66015.8	67.91	5.156461444842231	mgca_jonkers_2013	4.567946	43852530	62.5	11180916	66.1	8.026695499735562
LV3003047137	ST8	NA	444.2	66946.2	44.94	5.406867965958478	mgca_jonkers_2013	4.446994000000001	57575945	58.1	8645599	61.2	8.055210448837677
LV3003047136	ST8	NA	449.2	67876.6	70.92	5.657274487074725	mgca_jonkers_2013	4.422468	48960938	67.8	12594447	74.4	8.083725397939794
LV7008886229	GeoB25202_R2	NA	167.5	68149	132.24	8.09207392775	uk37_alkenone	4.42745	116981055	44.2	41819821	45.4	8.09207392775
LV7008886778	GeoB25202_R1	NA	167.5	68149	72.83	8.09207392775	uk37_alkenone	4.42745	72287871	47.2	32290184	48	8.09207392775
LV3003047134	ST8	NA	454.2	68807	41.22	5.907681008190971	mgca_jonkers_2013	4.46035	108020076	64.7	16261207	70.5	8.525642064235898
LV3003047133	ST8	NA	459.2	70162	57.68	5.780648954060924	mgca_jonkers_2013	4.3038	58661945	62.9	13264329	66	9.41847614468938
LV3003061515	ST13	NA	164.8	71001.20000000001	490.61	7.990669564294043	mgca_jonkers_2013	4.219988	98734597	71.1	67640910	73.4	9.971440248244047
LV3003047107	ST8	NA	464.2	71517	80.3	5.653616899930878	mgca_jonkers_2013	4.21483	51573373	66.1	14724119	69.8	10.311310225142863
LV7008886754	GeoB25202_R1	NA	173.5	71889.5	93.18	10.5567572325	uk37_alkenone	4.211105	95700354	45.2	38747528	46.3	10.5567572325
LV7008886766	GeoB25202_R2	NA	173.5	71889.5	126.44	10.5567572325	uk37_alkenone	4.211105	78971219	43.7	39085954	44.9	10.5567572325
LV3003047125	ST8	NA	469.2	72872	32.35	5.526584845800831	mgca_jonkers_2013	4.2274400000000005	36807425	62	6069589	66	9.796670190174419
LV3003061503	ST13	NA	169.8	73147.20000000001	217.76	7.642085146086325	mgca_jonkers_2013	4.200559999999998	97446873	68.6	49665279	71.4	9.58376845577441
LV3003047124	ST8	NA	474.2	74227	25.72	5.399552791670784	mgca_jonkers_2013	4.01184	56910985	56.2	4264279	59.8	8.748407653430233
LV7008886730	GeoB25202_R1	NA	179.5	75351	65.59	7.8788526045	uk37_alkenone	3.98861	89081140	43.4	31762557	44.5	7.8788526045
LV7008886742	GeoB25202_R2	NA	179.5	75351	108.77	7.8788526045	uk37_alkenone	3.98861	92781115	43.1	39562418	43.9	7.8788526045
LV3003047123	ST8	NA	479.2	75589	0.85	5.272520737540737	mgca_jonkers_2013	4.01479	138968645	61.2	2680752	68.5	7.918672510106613
LV3003061485	ST13	NA	174.8	75779.6	260.72	7.293500727878608	mgca_jonkers_2013	4.035756	104758234	70.5	60355839	72.6	7.950561896697456
LV3003047122	ST8	NA	484.2	76951	31.46	5.14548868341069	mgca_jonkers_2013	4.07902	24623727	58.2	2750192	61.2	8.146549448914206
LV3003061474	ST13	NA	179.8	77779.8	196.45	6.944916309670891	mgca_jonkers_2013	4.0566059999999995	61905276	70.5	36941813	72.6	8.2852164143207645
LV3003047121	ST8	NA	489.2	78313	0.18	5.018456629280644	mgca_jonkers_2013	4.05	160513	81.8	27477	92.5	8.374426387721797
LV7008886706	GeoB25202_R1	NA	185.5	79025.5	126.07	8.49363513875	uk37_alkenone	4.046175	120762355	45.3	44372285	46.5	8.49363513875
LV7008886718	GeoB25202_R2	NA	185.5	79025.5	84.54	8.49363513875	uk37_alkenone	4.046175	89422185	43.8	31128648	44.8	8.49363513875
LV3003047093	ST8	NA	494.2	79675	113.42	4.891424575150597	mgca_jonkers_2013	3.94875	32053168	64.3	15287314	67.4	8.33291896762292
LV3003047106	ST8	NA	499.2	81063.75	62.43	5.17810449410702	mgca_jonkers_2013	3.818725	64245615	57.3	11079779	60.7	7.9892783476803
LV7008886743	GeoB25202_R1	NA	189.5	81670.5	85.87	7.839140492666666	uk37_alkenone	3.80659	54153294	42.7	24381951	43.7	7.839140492666666
LV7008886755	GeoB25202_R2	NA	189.5	81670.5	58.83	7.839140492666666	uk37_alkenone	3.80659	55364060	44.5	24465147	45.1	7.839140492666666
LV3003061569	ST13	NA	184.8	81694.6	141.44	6.596331891463173	mgca_jonkers_2013	3.806108	68025287	68.4	40574926	70.4	7.842556951339456
LV3003047105	ST8	NA	504.2	82452.49999999999	68.23	5.464784413063443	mgca_jonkers_2013	3.813575	16496033	62.3	4172799	66.1	7.949998197318987
LV3003047104	ST8	NA	509.2	83841.24999999999	1	5.751464332019865	mgca_jonkers_2013	3.8215875	113383177	60.2	4784193	65.9	8.146869856316318
LV3003047101	ST8	NA	514.2	85230	13.39	6.038144250976291	mgca_jonkers_2013	3.9753	127819917	64.4	11082300	71.1	8.343741515313651
LV3003047100	ST8	NA	519.2	86611.75	84.21	6.324824169932714	mgca_jonkers_2013	4.13341	95184735	62.5	20731269	66.1	8.539620841916395
LV3003061556	ST13	NA	189.8	86617.40000000001	171.57	7.555433702712813	mgca_jonkers_2013	4.134088000000001	66695607	68.8	34433301	71.6	8.540421795920599
LV7008886719	GeoB25202_R1	NA	195.5	87282.5	42.16	8.634707549583334	uk37_alkenone	4.160225	234101729	39.4	26822639	40.8	8.634707549583334
LV7008886731	GeoB25202_R2	NA	195.5	87282.5	63.44	8.634707549583334	uk37_alkenone	4.160225	79646998	39.2	25551214	40.6	8.634707549583334
LV3003047080	ST8	NA	524.2	87993.5	86.42	6.611504088889136	mgca_jonkers_2013	4.110455	48772380	63.9	19379963	67.4	8.446629409149542
LV3003047091	ST8	NA	529.2	89375.25	64.75	6.898184007845559	mgca_jonkers_2013	4.072495	58200278	56.8	10983574	61.4	8.081120308524522
LV3003047090	ST8	NA	534.2	90757	58.67	7.184863926801982	mgca_jonkers_2013	4.0372900000000005	54585489	70.8	9274012	80.3	7.715611207899499
LV3003061541	ST13	NA	194.8	91090	185.23	8.514535513962453	mgca_jonkers_2013	4.025499999999999	66138813	67.5	39989469	69.2	7.62752397756975
LV3003047089	ST8	NA	539.2	92138.5	1.23	7.471543845758404	mgca_jonkers_2013	3.96892	470599457	65.4	14420088	86.5	7.350168238828779
LV3003047088	ST8	NA	544.2	93520	46.2	7.7582237647148276	mgca_jonkers_2013	3.8688	27343593	58.7	3769785	62.9	6.984725269758059
LV3003047087	ST8	NA	549.2	94901.5	1.28	8.044903683671249	mgca_jonkers_2013	3.776895	97312152	62.8	5067910	70.1	6.619282300687338
LV3003061528	ST13	NA	199.8	95118	368.13	9.473637325212096	mgca_jonkers_2013	3.76764	82665530	65	48781896	67.2	6.562012374662141
LV7008886695	GeoB25202_R1	NA	201.5	95387.5	81.19	6.490722559125	uk37_alkenone	3.76225	82123360	42.3	30717060	43.5	6.490722559125
LV7008886707	GeoB25202_R2	NA	201.5	95387.5	68.75	6.490722559125	uk37_alkenone	3.76225	69827293	43.2	25105592	44.1	6.490722559125
LV3003047064	ST8	NA	554.2	96283	31.71	8.331583602627672	mgca_jonkers_2013	3.77264	37955526	51.3	1581576	57.8	6.643584201032734
LV3003047079	ST8	NA	559.2	97520	59.02	7.1163951604211775	mgca_jonkers_2013	3.8664	51410020	73	14691354	78.1	6.854739813584232
LV3003047078	ST8	NA	564.2	98757	23.95	5.901206718214683	mgca_jonkers_2013	3.80916	28784307	48.2	1579128	51.4	7.0658954261357305
LV3003047077	ST8	NA	569.2	99714.5	39.39	4.686018276008187	mgca_jonkers_2013	3.801435	34817460	60	3990510	64.6	7.2293404536361825
LV3003047074	ST8	NA	574.2	100672	71.25	3.470829833801692	mgca_jonkers_2013	3.88392	3239870	51.6	919900	52.8	7.392785481136635
LV3003061514	ST13	NA	204.8	100672.60000000002	311.64	10.432739136461736	mgca_jonkers_2013	3.8839860000000024	95754874	64.4	51605616	66.3	7.392887900997213
LV3003047073	ST8	NA	579.2	101685	16.41	3.391448213841912	mgca_jonkers_2013	3.8789	8394072	50.9	674057	55.5	7.565704345740246
LV7008886768	GeoB25202_R1	NA	205.5	102295.5	82.16	7.669916553875	uk37_alkenone	3.86591	70034523	44	24756324	45.4	7.669916553875
LV7008886780	GeoB25202_R2	NA	205.5	102295.5	96.96	7.669916553875	uk37_alkenone	3.86591	90635071	44.1	32708902	45.2	7.669916553875
LV3003047162	ST8	NA	584.2	102698	24.03	3.3120665938821325	mgca_jonkers_2013	3.87396	19240014	49.7	2263696	51.8	7.78994871915485
LV3003047063	ST8	NA	589.2	103695	26.33	3.232684973922353	mgca_jonkers_2013	3.9078	36052618	54.5	1895929	59.4	8.087270629177238
LV3003047062	ST8	NA	594.2	104692	74.51	3.153303353962573	mgca_jonkers_2013	3.87156	12465076	64.7	2870399	66.7	8.384592539199627
LV7008886744	GeoB25202_R1	NA	209.5	105578.5	52.79	8.648961519375	uk37_alkenone	3.936775	48866737	42	21324633	43	8.648961519375
LV7008886756	GeoB25202_R2	NA	209.5	105578.5	62.05	8.648961519375	uk37_alkenone	3.936775	52490713	43.1	18754669	44.3	8.648961519375
LV3003061501	ST13	NA	209.8	105587.2	182.94	8.796683987594049	mgca_jonkers_2013	3.9380800000000016	68988323	65.5	35460711	68.4	8.653013873075095
LV3003047061	ST8	NA	599.2	105689	43.21	3.073921734002793	mgca_jonkers_2013	3.95335	28071056	61.9	2895889	66	8.700431069244031
LV3003047060	ST8	NA	604.2	106686	70.8	2.9945401140430135	mgca_jonkers_2013	4.02744	14545489	58.9	3426624	62	9.164821487519358
LV3003047059	ST8	NA	609.2	107683	57.46	2.915158494083234	mgca_jonkers_2013	4.08781	50404610	52.1	4862774	54.7	9.629211905794685
LV7008886708	GeoB25202_R1	NA	213.5	109630.5	133.59	10.5363336105	uk37_alkenone	4.06956	52842490	42	23753897	43.3	10.5363336105
LV7008886720	GeoB25202_R2	NA	213.5	109630.5	81.94	10.5363336105	uk37_alkenone	4.06956	95844104	40.9	36604669	42.2	10.5363336105
LV3003061489	ST13	NA	214.8	112606.80000000002	63.7	7.160628838726364	mgca_jonkers_2013	3.9693199999999984	38606083	72.6	18769932	78.6	11.854063552219888
LV3003061473	ST13	NA	219.8	117088	32.31	5.524573689858677	mgca_jonkers_2013	3.531199999999999	50561908	67	6601363	79.3	13.838074376006169
LV7008886228	GeoB25202_R2	NA	223.5	120023.5	6.39	15.13774048625	uk37_alkenone	3.269765	88740799	47.1	2660886	51.7	15.13774048625
LV7008886781	GeoB25202_R1	NA	223.5	120023.5	10.9	15.13774048625	uk37_alkenone	3.269765	10414526	51.1	1644170	53.5	15.13774048625
LV3003061568	ST13	NA	224.8	121635.4	14.6	3.888518540990991	mgca_jonkers_2013	3.209167999999999	4865312	58.4	1285941	66.6	15.091224107152533
LV7008886757	GeoB25202_R1	NA	227.5	123119.5	7.44	15.048395793846154	uk37_alkenone	3.120315	60956974	49.7	2845166	54	15.048395793846154
LV7008886769	GeoB25202_R2	NA	227.5	123119.5	14.6	15.048395793846154	uk37_alkenone	3.120315	82179786	49.9	6050113	54.2	15.048395793846154
LV3003061555	ST13	NA	229.8	126443	21.95	4.181919019636594	mgca_jonkers_2013	3.253030000000003	31281860	66.5	2674404	82.3	13.917466088727464
LV3003061539	ST13	NA	234.8	130055.6	45.25	4.4753194982821976	mgca_jonkers_2013	3.677784000000001	79008042	72.6	11352714	80.9	12.688160641845624
LV3003061527	ST13	NA	239.8	133775.4	28.59	4.768719976927802	mgca_jonkers_2013	4.634865999999999	2673212	57.9	912714	60.4	11.422376884631696
LV7008886222	GeoB25202_R1	NA	240.5	136277.5	16.76	10.57095542677778	uk37_alkenone	4.81445	109142321	47.1	9773429	50.6	10.57095542677778
LV7008886745	GeoB25202_R2	NA	240.5	136277.5	11.25	10.57095542677778	uk37_alkenone	4.81445	89746442	46.7	5660422	49.6	10.57095542677778
LV3003061513	ST13	NA	244.8	138493	185.59	5.062120455573405	mgca_jonkers_2013	4.88014	81908351	85	25619278	146.1	10.325517145642323
LV7008886709	GeoB25202_R1	NA	249.5	147206	17.31	9.36027059022222	uk37_alkenone	4.79734	129046666	45.6	8580922	48.3	9.36027059022222
LV7008886721	GeoB25202_R2	NA	249.5	147206	26.71	9.36027059022222	uk37_alkenone	4.79734	88344403	46.7	12106119	49.8	9.36027059022222
LV3003061500	ST13	NA	254.4	148086	431.27	5.625449374572963	mgca_jonkers_2013	4.71344	137614394	67.8	51012190	104.6	9.561418564616165
LV3003061487	ST13	NA	259.4	152759.59999999998	129.63	5.918849853218564	mgca_jonkers_2013	4.624808000000001	118371806	71.3	47071165	77.5	10.62969717044291
LV7008886770	GeoB25202_R1	NA	258.5	156777	11.18	11.547983389	uk37_alkenone	4.74892	110618469	54.9	8577787	60	11.547983389
LV7008886782	GeoB25202_R2	NA	258.5	156777	14.01	11.547983389	uk37_alkenone	4.74892	128170970	52.7	7735721	57.8	11.547983389
LV3003061472	ST13	NA	264.4	158527.59999999998	80.03	6.212250331864168	mgca_jonkers_2013	4.674172000000001	83143954	73	20370895	78.5	11.478295530774574
LV3003047025	ST13	NA	269.4	163331.99999999997	79.51	6.5056508105097715	mgca_jonkers_2013	4.69336	3701257	64.4	2403183	69.4	11.287042048506644
LV3003047007	ST13	NA	274.4	168001.19999999998	30.53	6.466844666853272	mgca_jonkers_2013	4.480024	2043015	70.5	980326	109.6	11.101170605786338
LV3003046992	ST13	NA	279.4	171830.4	25.4	6.428038523196773	mgca_jonkers_2013	4.471872	24751555	65.9	3323437	89.9	10.948737870314611
LV3003046977	ST13	NA	284.4	176308.8	35.68	6.389232379540274	mgca_jonkers_2013	4.411615999999999	6596010	70.8	3668179	75.1	10.770461791097913
LV3003046964	ST13	NA	289.4	180321.8	69.44	6.350426235883774	mgca_jonkers_2013	4.412525999999999	39548540	70.1	7425032	76.8	10.61071234801632
LV3003046947	ST13	NA	294.4	184182.99999999997	58.56	5.8734848986757395	mgca_jonkers_2013	4.434769999999995	21274504	63.9	7058615	69.3	10.457005757030363
LV7008886746	GeoB25202_R1	NA	273.5	184971.5	11.24	10.425617161	uk37_alkenone	4.584585	70999167	51.4	3662700	55.8	10.425617161
LV7008886758	GeoB25202_R2	NA	273.5	184971.5	7.6	10.425617161	uk37_alkenone	4.584585	59155571	42.8	3207492	45.6	10.425617161
LV3003047056	ST13	NA	299.4	187921.6	47.91	5.396543561467705	mgca_jonkers_2013	4.455295999999999	74780031	60.8	7760311	68.5	10.302468979993925
LV7008886223	GeoB25202_R2	NA	283.5	191464.5	13.98	10.154575115214286	uk37_alkenone	3.958135	79591378	47.3	6530890	49.6	10.154575115214286
LV7008886722	GeoB25202_R1	NA	283.5	191464.5	24.52	10.154575115214286	uk37_alkenone	3.958135	75969435	45.5	11284322	47.5	10.154575115214286
LV3003047039	ST13	NA	304.4	193006.2	97.12	4.91960222425967	mgca_jonkers_2013	3.919504000000001	51798973	65.5	15675136	69	9.327392160962177
LV3003047024	ST13	NA	309.4	196689.8	60.82	4.442660887051635	mgca_jonkers_2013	3.764816000000001	1182047	60	1078504	60.5	7.3509952417930595
LV7008886698	GeoB25202_R1	NA	297.5	197845	25.36	6.731184806071428	uk37_alkenone	3.8076	94401428	50	10901293	52.8	6.731184806071428
LV7008886710	GeoB25202_R2	NA	297.5	197845	26.38	6.731184806071428	uk37_alkenone	3.8076	75031913	42.3	10434962	44	6.731184806071428
LV3003047005	ST13	NA	314.4	200468.8	50.02	3.965719549843599	mgca_jonkers_2013	3.53	35120546	56.5	12676636	59.3	7.235743613586114
LV7008886771	GeoB25202_R1	NA	311.5	201358.5	42.67	7.40683362465625	uk37_alkenone	3.5658499999999997	101019079	44.7	18567984	46.8	7.40683362465625
LV7008886783	GeoB25202_R2	NA	311.5	201358.5	16.75	7.40683362465625	uk37_alkenone	3.5658499999999997	96013081	46.3	6893015	49	7.40683362465625
LV3003046991	ST13	NA	319.4	202082	39.53	3.4887782126355646	mgca_jonkers_2013	3.62836	70004185	58	14022398	62.4	7.552762722298534
LV3003046976	ST13	NA	324.4	203191.8	54.64	3.0118368754275293	mgca_jonkers_2013	3.642605999999998	41915932	68.2	10168002	73.7	7.776608074839523
LV3003046963	ST13	NA	329.4	204236.6	82.41	2.534895538219495	mgca_jonkers_2013	3.789464	42974682	66.6	14421011	69.7	7.987343003957231
LV3003046946	ST13	NA	334.4	205292.2	97.95	2.0579542010114595	mgca_jonkers_2013	3.805390000000001	24961933	65.4	7119418	72.3	8.200256280351422
LV7008884666	GeoB25202_R1	NA	327.5	205616	12.64	8.26556635888158	uk37_alkenone	3.7892	135026458	46.6	10981046	49	8.26556635888158
LV7008886747	GeoB25202_R2	NA	327.5	205616	18.15	8.26556635888158	uk37_alkenone	3.7892	127813594	52.2	9357323	56.1	8.26556635888158
LV3003047055	ST13	NA	344.6	207319.8	77.86	7.3069530694642895	mgca_jonkers_2013	3.7576139999999985	40287005	78.3	14215145	83.1	8.342591530001398
LV3003047037	ST13	NA	349.6	208787	56.66	7.375630155587888	mgca_jonkers_2013	3.65491	60967509	77.1	14577608	82.1	8.408920518771794
LV3003047023	ST13	NA	354.6	210507.4	62.45	7.444307241711487	mgca_jonkers_2013	3.585222	51407867	60	8566492	66.4	8.486696140555182
LV3003047003	ST13	NA	359.6	212193.2	29.12	7.512984327835085	mgca_jonkers_2013	3.617728000000001	37159790	76	11037370	80.2	8.562907569991614
LV3003046990	ST13	NA	364.6	214207.6	29.36	7.581661413958683	mgca_jonkers_2013	3.555848	8368625	63.3	5938230	64.6	8.653974305937007
LV7008886711	GeoB25202_R1	NA	365.5	215920	28.8	8.73138826475	uk37_alkenone	3.5307999999999997	89916719	50.3	12309381	52.3	8.73138826475
LV7008886723	GeoB25202_R2	NA	365.5	215920	30.53	8.73138826475	uk37_alkenone	3.5307999999999997	90977193	48.7	16320549	50.1	8.73138826475
LV3003046975	ST13	NA	369.6	216016.8	61.83	7.650338500082281	mgca_jonkers_2013	3.5291599999999987	79196932	75.9	18041011	79.5	8.67763653427235
LV3003046961	ST13	NA	374.6	217828.8	66.42	7.719015586205879	mgca_jonkers_2013	3.678912000000005	11767277	73.1	7544032	78.5	7.671457447231915
LV7008886699	GeoB25202_R2	NA	373.5	217849	43.04	7.6602406605	uk37_alkenone	3.68376	113678309	55.8	19881293	99.8	7.6602406605
LV7008886784	GeoB25202_R1	NA	373.5	217849	53.22	7.6602406605	uk37_alkenone	3.68376	100590468	54.6	19278139	127	7.6602406605
LV3003046945	ST13	NA	379.6	219639.4	105.69	7.787692672329478	mgca_jonkers_2013	3.965576000000001	47290835	53.6	15562521	56.4	7.406350974548301
LV3003047054	ST13	NA	384.6	221412.8	85.96	7.856369758453076	mgca_jonkers_2013	4.291920000000003	62784132	58.3	14517628	61.6	7.1548719927192455
LV3003047036	ST13	NA	389.6	223091.8	44.27	7.319765851416023	mgca_jonkers_2013	4.435409999999999	3761247	61.1	2838592	62.8	6.916779509077097
LV3003047022	ST13	NA	394.6	224833.4	40.92	6.78316194437897	mgca_jonkers_2013	4.298326000000001	34886348	57.8	11121777	61	6.669809962018629
LV3003047006	ST13	NA	399.6	226497.6	34.49	6.246558037341917	mgca_jonkers_2013	4.24024	7088952	59.9	3816166	66	6.4338162090244255
LV7008886760	GeoB25202_R1	NA	384.5	226682	13.22	6.4076671596	uk37_alkenone	4.2218	120519546	45	5641818	49.6	6.4076671596
LV7008886772	GeoB25202_R2	NA	384.5	226682	20.71	6.4076671596	uk37_alkenone	4.2218	62266662	39.4	6627918	42.5	6.4076671596
LV3003046987	ST13	NA	404.6	228333.2	41.86	5.709954130304864	mgca_jonkers_2013	4.133355999999998	50245413	57.8	11754032	62.2	7.467060930868751
LV3003046974	ST13	NA	409.6	230292.8	55.34	5.821631691235156	mgca_jonkers_2013	4.276575999999999	47927499	56.7	10965760	60.9	8.724321125986366
LV7008886724	GeoB25202_R1	NA	389.5	231902.5	32.05	9.757088903124998	uk37_alkenone	4.174875	60365451	43	11643512	45.2	9.757088903124998
LV7008886748	GeoB25202_R2	NA	389.5	231902.5	35.4	9.757088903124998	uk37_alkenone	4.174875	65723810	42.5	12182354	45.8	9.757088903124998
LV3003046960	ST13	NA	414.6	232087.6	79.21	5.933309252165448	mgca_jonkers_2013	4.152479999999999	43903182	72.9	20670125	84.1	9.699506454457284
LV3003046948	ST13	NA	419.6	233787	81.99	6.04498681309574	mgca_jonkers_2013	3.86769	35020015	78.2	16882726	104.5	9.170842957612818
LV7008886700	GeoB25202_R1	NA	393.5	234870	21.22	8.833934303333333	uk37_alkenone	3.7269	78954286	42.1	8498855	44.6	8.833934303333333
LV7008886712	GeoB25202_R2	NA	393.5	234870	44.19	8.833934303333333	uk37_alkenone	3.7269	58730044	44	15118695	46.5	8.833934303333333
LV3003047053	ST13	NA	424.6	235507.4	30.29	6.136385899816957	mgca_jonkers_2013	3.68463	34739122	58.8	7794082	86.7	9.46019713867995
LV7008867153	GeoB25202_R1	NA	396.5	237064.5	6.05	10.990090237076924	uk37_alkenone	3.4725799999999998	95002700	43.3	9263487	46.7	10.990090237076924
LV7008867165	GeoB25202_R2	NA	396.5	237064.5	8.88	10.990090237076924	uk37_alkenone	3.4725799999999998	81143851	40.9	7958908	44.1	10.990090237076924
LV3003047035	ST13	NA	434.5	238840	29.61	4.349938523760986	mgca_jonkers_2013	3.4512	41203172	78.1	8577252	100.7	10.574512571686641
LV3003047021	ST13	NA	439.5	240977.5	27.84	5.351686790816786	mgca_jonkers_2013	3.53775	30010406	73.8	9981235	94.9	10.074204343147228
LV3003047002	ST13	NA	444.5	243874	17.32	6.353435057872586	mgca_jonkers_2013	4.01598	52335682	64.1	7380131	75.8	9.39624280678961
LV7008867129	GeoB25202_R1	NA	409.5	245594	2.77	8.993655600666667	uk37_alkenone	4.29474	55049868	57.4	5232405	65.3	8.993655600666667
LV7008867141	GeoB25202_R2	NA	409.5	245594	1.68	8.993655600666667	uk37_alkenone	4.29474	102429324	57.9	6973473	69.4	8.993655600666667
LV3003046988	ST13	NA	449.5	246624	51.55	7.355183324928386	mgca_jonkers_2013	4.33632	13785459	70.1	5981673	78	8.684040419787713
LV3003046973	ST13	NA	454.5	249769	30.33	8.356931591984186	mgca_jonkers_2013	4.46766	32342379	70.7	7838808	79.9	7.7386620276864395
LV3003046957	ST13	NA	459.5	252620.5	28.17	9.358679859039984	mgca_jonkers_2013	4.561744999999999	16184089	68.7	8955901	72.3	6.881508932272519
LV3003046942	ST13	NA	464.5	255855.5	49.96	10.360428126095783	mgca_jonkers_2013	4.42133	52024726	71.9	12366165	83.8	5.909076786502212
LV7008867105	GeoB25202_R1	NA	439.5	257980.5	0.08	5.27030760265	uk37_alkenone	4.51078	NA	NA	NA	NA	5.27030760265
LV7008867117	GeoB25202_R2	NA	439.5	257980.5	2.44	5.27030760265	uk37_alkenone	4.51078	82028417	53.3	5160256	64	5.27030760265
LV3003047052	ST13	NA	469.5	259238.5	22.21	11.362176393151586	mgca_jonkers_2013	4.5056899999999995	5924190	68.7	3613397	72.4	5.475333909887319
LV3003047033	ST13	NA	474.5	262376.5	30.38	12.363924660207385	mgca_jonkers_2013	4.453765	67214424	66.1	11089741	74.2	5.986758832073892
LV3003047020	ST13	NA	479.5	265346	28.89	12.128679384253472	mgca_jonkers_2013	4.4607600000000005	49261641	60.8	8547912	71.2	6.470721963505704
LV7008867166	GeoB25202_R1	NA	459.5	266247	6.12	6.6175651295	uk37_alkenone	4.5	168276190	55.9	16448927	69.4	6.6175651295
LV7008867178	GeoB25202_R2	NA	459.5	266247	0.15	6.6175651295	uk37_alkenone	4.5	NA	NA	NA	NA	6.6175651295
LV3003047000	ST13	NA	484.5	268111.5	36.26	11.89343410829956	mgca_jonkers_2013	4.351185	56581895	68	15362286	75.3	6.396729488600321
LV3003046984	ST13	NA	489.5	271401	43.25	11.658188832345648	mgca_jonkers_2013	4.4759400000000005	54332149	65.7	19283835	67.9	6.007113591180373
LV7008867142	GeoB25202_R1	NA	476.5	273113.5	4.92	5.804281177642856	uk37_alkenone	4.433190000000001	215772243	54.2	19554290	58.7	5.804281177642856
LV7008867154	GeoB25202_R2	NA	476.5	273113.5	18.39	5.804281177642856	uk37_alkenone	4.433190000000001	259163353	59.9	36623716	123.9	5.804281177642856
LV3003046971	ST13	NA	494.5	274416	9.31	11.422943556391736	mgca_jonkers_2013	4.38	17258953	63.2	2436845	93.9	6.140814155525829
LV7008867118	GeoB25202_R1	NA	483.5	276365.5	25.1	6.6445155301	uk37_alkenone	4.35117	190904798	47	43243337	50.2	6.6445155301
LV7008867130	GeoB25202_R2	NA	483.5	276365.5	21.32	6.6445155301	uk37_alkenone	4.35117	261345668	42.6	52220653	43.8	6.6445155301
LV3003046956	ST13	NA	499.5	276647.5	51.74	11.187698280437822	mgca_jonkers_2013	4.39065	51525897	64.9	12294345	69.5	6.52530134283951
LV3003046941	ST13	NA	504.5	277897.5	41.89	10.95245300448391	mgca_jonkers_2013	4.323325	52321867	67.8	10495693	73.9	5.996869661720322
LV3003047017	ST13	NA	509.5	279115.5	27.48	10.717207728529996	mgca_jonkers_2013	4.2196050000000005	4190677	66.8	3138003	69.7	5.481965831637786
LV7008867106	GeoB25202_R2	NA	488.5	279495	32.96	5.32153397325	uk37_alkenone	4.18545	109288801	44	35940383	45.4	5.32153397325
LV7008867191	GeoB25202_R1	NA	488.5	279495	29.62	5.32153397325	uk37_alkenone	4.18545	93080969	42.6	31835245	44.3	5.32153397325
LV3003046999	ST13	NA	514.5	280418	38	10.481962452576084	mgca_jonkers_2013	4.1692599999999995	25041074	56.8	7023180	61.2	5.3305655331620825
LV3003046983	ST13	NA	523.2	282594.2	40.44	9.650238378855844	mgca_jonkers_2013	3.9146379999999983	70428932	57.2	16319537	61.2	5.351859661743527
LV3003046970	ST13	NA	528.2	283913.60000000003	67.46	9.172236037637315	mgca_jonkers_2013	3.8608639999999994	53727569	56.1	20345815	58.2	5.3647699977651975
LV3003046955	ST13	NA	533.2	285205.60000000003	64.24	8.694233696418788	mgca_jonkers_2013	3.8358879999999993	87504548	69.7	29769059	74	5.377412224641048
LV3003046940	ST13	NA	538.2	286502	118.78	8.21623135520026	mgca_jonkers_2013	3.85514	137309584	65.2	38344853	68.1	5.390097505540314
LV3003047048	ST13	NA	543.2	287792.4	69.92	7.738229013981733	mgca_jonkers_2013	3.993012000000003	62864733	58.1	23334152	61.4	5.40272407640765
LV3003047030	ST13	NA	548.2	289078.2	54.41	7.145605179400641	mgca_jonkers_2013	4.063128	76700183	56	18492009	59.7	5.415305636250506
LV3003047016	ST13	NA	553.2	290386.2	36.62	6.55298134481955	mgca_jonkers_2013	4.103862	33523239	62.3	11421887	66.5	5.428104423211506
LV3003046997	ST13	NA	558.2	291602	36.69	5.960357510238458	mgca_jonkers_2013	4.20632	28115045	59.7	10994708	64.1	5.44000103268183
LV3003046982	ST13	NA	563.2	292744.4	41.14	5.367733675657366	mgca_jonkers_2013	4.232779999999998	33998355	61.3	6373245	73.8	5.45117942276153
LV7008867167	GeoB25202_R1	NA	500.5	292808	20.59	5.4518017491	uk37_alkenone	4.2296	172364863	47.2	37249544	50.2	5.4518017491
LV7008867179	GeoB25202_R2	NA	500.5	292808	11.01	5.4518017491	uk37_alkenone	4.2296	150628373	48.2	26307325	51.3	5.4518017491
LV3003046969	ST13	NA	568.2	293917.2	28.92	4.775109841076274	mgca_jonkers_2013	4.3208920000000015	1811087	77	878215	127.6	5.852752985048602
LV3003046954	ST13	NA	573.2	295050.60000000003	33.46	4.182486006495182	mgca_jonkers_2013	4.305951999999997	19015	74.3	17757	75.8	6.262451985070375
LV3003046959	ST13	NA	578.2	296205.8	23.42	3.589862171914091	mgca_jonkers_2013	4.244406	11616582	69	3913316	81.1	6.680031202315057
LV3003047046	ST13	NA	583.2	297408.4	20.88	2.997238337332999	mgca_jonkers_2013	4.246907999999997	6454314	74.3	2973629	88.2	7.114744469851838
LV3003047029	ST13	NA	588.2	298594.8	17.06	3.4908164593269095	mgca_jonkers_2013	4.205687999999999	5114735	65.2	2266621	84.3	7.543601796149532
LV3003047014	ST13	NA	593.2	299738	22.78	3.984394581320819	mgca_jonkers_2013	4.075019999999999	32326399	67.2	6937882	78.9	7.956843279143078
LV7008867131	GeoB25202_R1	NA	510.5	300631	9.15	8.279643003	uk37_alkenone	4.04524	150768434	44.7	15386874	47.3	8.279643003
LV7008867143	GeoB25202_R2	NA	510.5	300631	23.38	8.279643003	uk37_alkenone	4.04524	110545283	43.5	28404869	45.5	8.279643003
LV3003046996	ST13	NA	598.2	300838	17.11	4.477972703314729	mgca_jonkers_2013	4.05352	45807053	74.7	6923759	88.3	8.296385454978683
LV3003046981	ST13	NA	603.2	302630.8	46.98	4.97155082530864	mgca_jonkers_2013	4.022152	27940820	77.7	8273069	92	8.441389647767968
LV7008867107	GeoB25202_R1	NA	515.5	306119.5	31.39	8.723560624666666	uk37_alkenone	4.0440249999999995	107810031	43.4	32807538	45.1	8.723560624666666
LV7008867119	GeoB25202_R2	NA	515.5	306119.5	35.88	8.723560624666666	uk37_alkenone	4.0440249999999995	103101457	44.7	38051552	46.4	8.723560624666666
LV7008867180	GeoB25202_R1	NA	524.5	329227	18.9	8.384806172928572	uk37_alkenone	3.21497	170770881	42.6	22105713	45.6	8.384806172928572
LV7008867192	GeoB25202_R2	NA	524.5	329227	0.05	8.384806172928572	uk37_alkenone	3.21497	18702	36.9	17347	37	8.384806172928572
LV7008867156	GeoB25202_R1	NA	531.5	332421.5	2.52	8.282421862607142	uk37_alkenone	3.385785	55380845	50.8	5711533	57.7	8.282421862607142
LV7008867168	GeoB25202_R2	NA	531.5	332421.5	1	8.282421862607142	uk37_alkenone	3.385785	25437443	50.7	2137450	59.8	8.282421862607142
LV7008867132	GeoB25202_R1	NA	545.5	339566	2.46	6.746106752625	uk37_alkenone	4.5218799999999995	57964703	53.2	5935381	60.9	6.746106752625
LV7008867144	GeoB25202_R2	NA	545.5	339566	1.65	6.746106752625	uk37_alkenone	4.5218799999999995	63975436	51.9	5359697	57.2	6.746106752625
LV7008865054	GeoB25202_R2	NA	549.5	341089.5	2.8	6.290641024818182	uk37_alkenone	4.839105	77878976	54.8	5723590	63.4	6.290641024818182
LV7008867193	GeoB25202_R1	NA	549.5	341089.5	0.01	6.290641024818182	uk37_alkenone	4.839105	NA	NA	NA	NA	6.290641024818182
LV7008867169	GeoB25202_R1	NA	560.5	344618	4.84	9.393787698266667	uk37_alkenone	4.77854	138573975	48.4	13008586	52.1	9.393787698266667
LV7008867181	GeoB25202_R2	NA	560.5	344618	3.8	9.393787698266667	uk37_alkenone	4.77854	137090711	49.8	9074111	55.1	9.393787698266667
LV7008867145	GeoB25202_R1	NA	575.5	350093	8.82	9.453043824117646	uk37_alkenone	4.66721	144183543	57	24750620	72.1	9.453043824117646
LV7008867157	GeoB25202_R2	NA	575.5	350093	2.94	9.453043824117646	uk37_alkenone	4.66721	107722167	53.5	8502606	59.7	9.453043824117646
LV7008867121	GeoB25202_R1	NA	592.5	356238	4.69	5.646621224083333	uk37_alkenone	4.48142	150105372	49	11799437	53.2	5.646621224083333
LV7008867133	GeoB25202_R2	NA	592.5	356238	4.78	5.646621224083333	uk37_alkenone	4.48142	139876086	45.9	12472966	49.3	5.646621224083333
LV7008867109	GeoB25202_R2	NA	610.5	362374.5	12.06	5.7208165615	uk37_alkenone	4.511235	146316689	45.8	21286704	48	5.7208165615
LV7008867194	GeoB25202_R1	NA	610.5	362374.5	17.54	5.7208165615	uk37_alkenone	4.511235	136433156	45.5	23543473	48	5.7208165615
LV7008867170	GeoB25202_R2	NA	624.5	366982.5	29.2	6.436044767499999	uk37_alkenone	4.369125	85734402	41.7	26623145	44	6.436044767499999
LV7008867158	GeoB25202_R1	NA	625.5	367294.5	32.24	6.6037421907	uk37_alkenone	4.3788350000000005	184101855	43.9	51198191	46	6.6037421907
LV7008867134	GeoB25202_R1	NA	635.5	370704.5	38.45	9.4468133647	uk37_alkenone	4.296595	88399304	43.6	37343407	45.9	9.4468133647
LV7008867146	GeoB25202_R2	NA	635.5	370704.5	33.6	9.4468133647	uk37_alkenone	4.296595	68502120	43	33386260	44.8	9.4468133647
LV7008867116	GeoB25202_R1	NA	640.5	372441.5	22.23	10.8683489517	uk37_alkenone	4.362605	92872145	42.1	22868513	44.9	10.8683489517
LV7008867122	GeoB25202_R2	NA	640.5	372441.5	24.88	10.8683489517	uk37_alkenone	4.362605	113375608	40.8	28854730	43.1	10.8683489517
LV7008867159	GeoB25202_R1	NA	645.5	374222.5	27.18	12.282435605	uk37_alkenone	4.30885	109959772	41.7	34385763	44.1	12.282435605
LV7008867171	GeoB25202_R2	NA	645.5	374222.5	16.89	12.282435605	uk37_alkenone	4.30885	101837870	42.2	35470803	44.1	12.282435605
LV7008867135	GeoB25202_R1	NA	651.5	376463	29.59	13.284202304166666	uk37_alkenone	4.20537	97530536	42.7	33340430	45.2	13.284202304166666
LV7008867147	GeoB25202_R2	NA	651.5	376463	37.6	13.284202304166666	uk37_alkenone	4.20537	110836009	40.8	52177498	42.4	13.284202304166666
LV7008867111	GeoB25202_R2	NA	657.5	378513.5	14.86	8.141381216285714	uk37_alkenone	4.17973	119897744	43.7	19869391	46.6	8.141381216285714
LV7008867196	GeoB25202_R1	NA	657.5	378513.5	16.08	8.141381216285714	uk37_alkenone	4.17973	94305095	43.8	17580061	46.8	8.141381216285714
LV7008865063	GeoB25202_R2	NA	664.5	381109	2.94	9.881120583636363	uk37_alkenone	4.1391	81580919	53	7328120	58.1	9.881120583636363
LV7008867172	GeoB25202_R1	NA	664.5	381109	2.09	9.881120583636363	uk37_alkenone	4.1391	35363678	49.7	4198166	54.4	9.881120583636363
LV7008867148	GeoB25202_R1	NA	675.5	384996	4.23	9.1812133056	uk37_alkenone	4.13976	147981666	51.4	19489918	61.9	9.1812133056
LV7008867160	GeoB25202_R2	NA	675.5	384996	4.97	9.1812133056	uk37_alkenone	4.13976	130514865	50	16597730	56.3	9.1812133056
LV7008867124	GeoB25202_R1	NA	690.5	390443	6.1	13.7995124594	uk37_alkenone	3.97772	175531378	51.7	16959636	56.3	13.7995124594
LV7008867136	GeoB25202_R2	NA	690.5	390443	2.83	13.7995124594	uk37_alkenone	3.97772	83164566	51.6	8413435	54.9	13.7995124594
LV7008865053	GeoB25202_R2	NA	705.5	395929.5	0.01	6.607052499416667	uk37_alkenone	3.72282	NA	NA	NA	NA	6.607052499416667
LV7008867197	GeoB25202_R1	NA	705.5	395929.5	1.99	6.607052499416667	uk37_alkenone	3.72282	28571132	49.4	4554189	51.5	6.607052499416667
LV7008867161	GeoB25202_R1	NA	717.5	399756.5	5.66	8.119143191964286	uk37_alkenone	3.3589599999999997	190072783	55.3	21158964	58.4	8.119143191964286
LV7008867173	GeoB25202_R2	NA	717.5	399756.5	5.82	8.119143191964286	uk37_alkenone	3.3589599999999997	137730215	55.3	18192396	58.5	8.119143191964286
LV7008867137	GeoB25202_R1	NA	730.5	408300.5	8.01	4.646453243035714	uk37_alkenone	3.185025	202266804	52.8	22201022	57.4	4.646453243035714
LV7008867149	GeoB25202_R2	NA	730.5	408300.5	6.96	4.646453243035714	uk37_alkenone	3.185025	165113372	51	21646152	54.2	4.646453243035714
LV7008867113	GeoB25202_R1	NA	743.5	422720.5	6.28	7.210690357972222	uk37_alkenone	3.99764	219134156	55.4	21721130	57.9	7.210690357972222
LV7008867125	GeoB25202_R2	NA	743.5	422720.5	11.93	7.210690357972222	uk37_alkenone	3.99764	230122973	57.8	32138556	60.1	7.210690357972222
LV7008867186	GeoB25202_R1	NA	761.5	441725.5	14.48	5.695199350535714	uk37_alkenone	4.957255	189220344	54.2	33534346	57.9	5.695199350535714
LV7008867198	GeoB25202_R2	NA	761.5	441725.5	2.6	5.695199350535714	uk37_alkenone	4.957255	63338026	47.8	5845200	52	5.695199350535714
LV7008867162	GeoB25202_R1	NA	775.5	455640	10.46	6.979737083388889	uk37_alkenone	4.5444	208426993	55.1	35522140	57.7	6.979737083388889
LV7008867174	GeoB25202_R2	NA	775.5	455640	11.71	6.979737083388889	uk37_alkenone	4.5444	199383532	56	34287793	58.8	6.979737083388889
LV7008867126	GeoB25202_R1	NA	784.5	461388.5	27.65	6.212324216000001	uk37_alkenone	4.59777	112562892	45.3	40943996	47.3	6.212324216000001
LV7008867138	GeoB25202_R2	NA	784.5	461388.5	34.81	6.212324216000001	uk37_alkenone	4.59777	167845902	59.1	54176120	69.6	6.212324216000001
LV7008867187	GeoB25202_R1	NA	787.5	463137.5	37.23	7.924853201166667	uk37_alkenone	4.586625000000001	98066355	42.4	39578522	44.1	7.924853201166667
LV7008867199	GeoB25202_R2	NA	787.5	463137.5	33.15	7.924853201166667	uk37_alkenone	4.586625000000001	126105142	43.7	43925254	45	7.924853201166667
LV7008867163	GeoB25202_R1	NA	790.5	464866.5	25.58	8.2353425199	uk37_alkenone	4.552645	121598070	44.6	44774932	46.1	8.2353425199
LV7008867175	GeoB25202_R2	NA	790.5	464866.5	37.1	8.2353425199	uk37_alkenone	4.552645	118724917	43.9	49225887	44.8	8.2353425199
LV7008867139	GeoB25202_R1	NA	795.5	467422	23.85	8.464135617625	uk37_alkenone	4.414680000000001	274137272	53.4	45835937	100.1	8.464135617625
LV7008867151	GeoB25202_R2	NA	795.5	467422	14.24	8.464135617625	uk37_alkenone	4.414680000000001	161157563	48.3	32136507	53.5	8.464135617625
LV7008867115	GeoB25202_R1	NA	799.5	469648.5	22.17	9.0031061871	uk37_alkenone	4.39327	113190594	43.5	35445462	45.3	9.0031061871
LV7008867127	GeoB25202_R2	NA	799.5	469648.5	30.89	9.0031061871	uk37_alkenone	4.39327	130482513	43.2	38907886	44.8	9.0031061871
LV7008865062	GeoB25202_R2	NA	804.5	472915.5	46.68	9.8976235145	uk37_alkenone	4.35662	84274545	43	39946646	44.3	9.8976235145
LV7008867188	GeoB25202_R1	NA	804.5	472915.5	38.58	9.8976235145	uk37_alkenone	4.35662	210167985	42.3	63308937	43.4	9.8976235145
LV7008867152	GeoB25202_R1	NA	810.5	479472.5	26.93	8.3741381706	uk37_alkenone	4.12	145806870	49.4	41661987	56.5	8.3741381706
LV7008867164	GeoB25202_R2	NA	810.5	479472.5	30.81	8.3741381706	uk37_alkenone	4.12	98111372	46.5	36507864	49.7	8.3741381706
LV7008867128	GeoB25202_R1	NA	815.5	485113	35.91	9.9122025607	uk37_alkenone	3.80435	123317210	51.1	46454622	61.6	9.9122025607
LV7008867140	GeoB25202_R2	NA	815.5	485113	26.21	9.9122025607	uk37_alkenone	3.80435	123413494	44	40994469	46.8	9.9122025607
LV7008865064	GeoB25202_R2	NA	820.5	494675	14.21	7.9068880863	uk37_alkenone	3.83	175566585	62.2	33009504	116.8	7.9068880863
LV7008867369	GeoB25202_R1	NA	820.5	494675	89.64	7.9068880863	uk37_alkenone	3.83	73709611	43.4	25467035	47	7.9068880863
LV7008867345	GeoB25202_R1	NA	825.5	509211	99.84	10.0326342514	uk37_alkenone	4.07688	66491588	42.8	29347810	46.4	10.0326342514
LV7008867357	GeoB25202_R2	NA	825.5	509211	98.44	10.0326342514	uk37_alkenone	4.07688	91915136	56.7	33109859	90.5	10.0326342514
LV7008867321	GeoB25202_R1	NA	830.5	517840.5	171.01	6.2340121882	uk37_alkenone	4.052455	255745491	76.5	43947984	211.8	6.2340121882
LV7008867333	GeoB25202_R2	NA	830.5	517840.5	94.13	6.2340121882	uk37_alkenone	4.052455	207539053	69.6	34793641	192.1	6.2340121882
LV7008867382	GeoB25202_R1	NA	835.5	523726.5	30.29	5.4482039973	uk37_alkenone	3.85735	115821207	64.2	26698249	74.5	5.4482039973
LV7008867394	GeoB25202_R2	NA	835.5	523726.5	27.51	5.4482039973	uk37_alkenone	3.85735	164673664	60.6	24197046	72	5.4482039973
LV7008867358	GeoB25202_R1	NA	840.5	529300.5	7.62	4.20340048935	uk37_alkenone	3.98399	76007224	55.1	6424861	63	4.20340048935
LV7008867370	GeoB25202_R2	NA	840.5	529300.5	7.41	4.20340048935	uk37_alkenone	3.98399	80048897	55.8	6327224	66.9	4.20340048935
LV7008867334	GeoB25202_R1	NA	846.5	538544	30.62	3.1468762135499997	uk37_alkenone	4.50736	211667467	65.6	44338958	75.2	3.1468762135499997
LV7008867346	GeoB25202_R2	NA	846.5	538544	10.82	3.1468762135499997	uk37_alkenone	4.50736	211056772	60.6	35629551	69.2	3.1468762135499997
LV7008867310	GeoB25202_R1	NA	850.5	543500	26.7	3.41302116925	uk37_alkenone	4.455	228869133	61.4	28660792	70.8	3.41302116925
LV7008867322	GeoB25202_R2	NA	850.5	543500	20.97	3.41302116925	uk37_alkenone	4.455	189919972	61.3	24590473	69.2	3.41302116925
LV7008867383	GeoB25202_R1	NA	854.5	548138	39.49	9.571266032666667	uk37_alkenone	4.5472399999999995	177185745	63.4	32490240	72	9.571266032666667
LV7008867395	GeoB25202_R2	NA	854.5	548138	25.38	9.571266032666667	uk37_alkenone	4.5472399999999995	210156929	64.2	22840529	76.9	9.571266032666667
LV7008867347	GeoB25202_R1	NA	860.5	559041	49.57	9.0647060206	uk37_alkenone	4.16877	162555419	54.6	42531649	60.2	9.0647060206
LV7008867359	GeoB25202_R2	NA	860.5	559041	17.57	9.0647060206	uk37_alkenone	4.16877	175531909	51.4	26547723	58.4	9.0647060206
LV7008867323	GeoB25202_R1	NA	865.5	565270.5	24.74	6.5041501832	uk37_alkenone	3.93295	161756462	55.2	22121730	62.3	6.5041501832
LV7008867335	GeoB25202_R2	NA	865.5	565270.5	31.93	6.5041501832	uk37_alkenone	3.93295	140935862	54.6	23035868	61.3	6.5041501832
LV7008867311	GeoB25202_R2	NA	870.5	569693	17.99	7.9185302282	uk37_alkenone	3.92842	151783624	58.7	18017754	68.6	7.9185302282
LV7008867396	GeoB25202_R1	NA	870.5	569693	48.49	7.9185302282	uk37_alkenone	3.92842	118425944	51.6	23025546	57.8	7.9185302282
LV7008867360	GeoB25202_R1	NA	875.5	573971.5	50.6	9.9337503587	uk37_alkenone	3.72772	83114815	48.4	22227878	53.1	9.9337503587
LV7008867372	GeoB25202_R2	NA	875.5	573971.5	55.25	9.9337503587	uk37_alkenone	3.72772	102110325	46.8	25512195	50.6	9.9337503587
LV7008867336	GeoB25202_R1	NA	880.5	579598	90.47	5.9227238689	uk37_alkenone	3.64176	103691522	46.3	37332431	49.2	5.9227238689
LV7008867348	GeoB25202_R2	NA	880.5	579598	63.89	5.9227238689	uk37_alkenone	3.64176	92519724	48.2	28065165	52.1	5.9227238689
LV7008867312	GeoB25202_R1	NA	885.5	583600.5	43.2	8.9859429084	uk37_alkenone	4.30201	117972065	54.4	27242392	60.6	8.9859429084
LV7008867324	GeoB25202_R2	NA	885.5	583600.5	15.97	8.9859429084	uk37_alkenone	4.30201	186444332	56.3	18021582	64.3	8.9859429084
LV7008867385	GeoB25202_R1	NA	890.5	587290.5	29.16	10.3382550945	uk37_alkenone	4.133240000000001	119200263	53.4	18683769	59.3	10.3382550945
LV7008867397	GeoB25202_R2	NA	890.5	587290.5	33.02	10.3382550945	uk37_alkenone	4.133240000000001	136589148	54	22318518	60.7	10.3382550945
LV7008867361	GeoB25202_R1	NA	895.5	589720	23.82	7.604849612600001	uk37_alkenone	4.0844	89555873	51.8	14815511	58.1	7.604849612600001
LV7008867373	GeoB25202_R2	NA	895.5	589720	45.72	7.604849612600001	uk37_alkenone	4.0844	122521589	48.9	20499351	54.2	7.604849612600001
LV7008867325	GeoB25202_R1	NA	900.5	592112	34.39	6.980962389	uk37_alkenone	4.01664	100199739	49.2	17083596	54.2	6.980962389
LV7008867337	GeoB25202_R2	NA	900.5	592112	34.11	6.980962389	uk37_alkenone	4.01664	134704676	49.3	19192856	54.5	6.980962389
LV7008867313	GeoB25202_R2	NA	905.5	594550.5	53.6	9.786472645875	uk37_alkenone	3.88899	94902735	52.3	20968563	57.7	9.786472645875
LV7008867398	GeoB25202_R1	NA	905.5	594550.5	53.78	9.786472645875	uk37_alkenone	3.88899	87509812	51.3	21484973	56.9	9.786472645875
LV7008867374	GeoB25202_R1	NA	909.5	596578	15.43	12.336264263333334	uk37_alkenone	3.83798	112141499	56.8	9742182	66.6	12.336264263333334
LV7008867386	GeoB25202_R2	NA	909.5	596578	10.07	12.336264263333334	uk37_alkenone	3.83798	48187363	50.3	5213087	58.4	12.336264263333334
LV7008867350	GeoB25202_R1	NA	912.5	598064	7.56	12.533719366833331	uk37_alkenone	3.99192	55074258	48.7	5351855	55.5	12.533719366833331
LV7008867362	GeoB25202_R2	NA	912.5	598064	11.99	12.533719366833331	uk37_alkenone	3.99192	87232089	53.4	9783408	59.3	12.533719366833331
LV7008867326	GeoB25202_R1	NA	915.5	599518.5	30.01	NA	NA	4.0459249999999995	214324053	61.6	34301397	67.7	NA
LV7008867338	GeoB25202_R2	NA	915.5	599518.5	18.01	NA	NA	4.0459249999999995	158131255	59.9	18673177	66	NA
LV3003047032	ExrPTC	HMH2WDSX5	NA	NA	NA	NA	NA	NA	NA	NA	NA	NA	NA
LV3003047040	LibPTC	HMH2WDSX5	NA	NA	NA	NA	NA	NA	NA	NA	NA	NA	NA
LV3003047049	ExrNTC	HMH2WDSX5	NA	NA	NA	NA	NA	NA	NA	NA	NA	NA	NA
LV3003047151	ExrPTC	HMGTCDSX5	NA	NA	NA	NA	NA	NA	NA	NA	NA	NA	NA
LV3003047157	LibPTC	HMGTCDSX5	NA	NA	NA	NA	NA	NA	NA	NA	NA	NA	NA
LV3003047163	ExrNTC	HMGTCDSX5	NA	NA	NA	NA	NA	NA	NA	NA	NA	NA	NA
LV3003061560	LibPTC	HMGJFDSX5	NA	NA	NA	NA	NA	NA	NA	NA	NA	NA	NA
LV3003061567	ExrNTC	HMGJFDSX5	NA	NA	NA	NA	NA	NA	NA	NA	NA	NA	NA
LV7001897549	LibPTC	HMGLVDSX5	NA	NA	NA	NA	NA	NA	NA	NA	NA	NA	NA
LV7001897555	ExrPTC	HMGLVDSX5	NA	NA	NA	NA	NA	NA	NA	NA	NA	NA	NA
LV7001897567	ExrNTC	HMGLVDSX5	NA	NA	NA	NA	NA	NA	NA	NA	NA	NA	NA
LV7001898059	ExrNTC	HMGJFDSX5	NA	NA	NA	NA	NA	NA	NA	NA	NA	NA	NA
LV7001898060	ExrNTC	HMGJFDSX5	NA	NA	NA	NA	NA	NA	NA	NA	NA	NA	NA
LV7001898071	ExrNTC	HMGJFDSX5	NA	NA	NA	NA	NA	NA	NA	NA	NA	NA	NA
LV7001898072	ExrNTC	HMGJFDSX5	NA	NA	NA	NA	NA	NA	NA	NA	NA	NA	NA
LV7001898083	ExrNTC	HMGJFDSX5	NA	NA	NA	NA	NA	NA	NA	NA	NA	NA	NA
LV7001898084	ExrNTC	HMGJFDSX5	NA	NA	NA	NA	NA	NA	NA	NA	NA	NA	NA
LV7001898095	ExrNTC	HMGJFDSX5	NA	NA	NA	NA	NA	NA	NA	NA	NA	NA	NA
LV7001898096	ExrNTC	HMGJFDSX5	NA	NA	NA	NA	NA	NA	NA	NA	NA	NA	NA
LV7001898107	ExrNTC	HMGJFDSX5	NA	NA	NA	NA	NA	NA	NA	NA	NA	NA	NA
LV7001898108	ExrNTC	HMGJFDSX5	NA	NA	NA	NA	NA	NA	NA	NA	NA	NA	NA
LV7001898109	ExrNTC	HMGJFDSX5	NA	NA	NA	NA	NA	NA	NA	NA	NA	NA	NA
LV7001898131	ExrNTC	HMGJFDSX5	NA	NA	NA	NA	NA	NA	NA	NA	NA	NA	NA
LV7001898132	ExrNTC	HMGJFDSX5	NA	NA	NA	NA	NA	NA	NA	NA	NA	NA	NA
LV7001898133	ExrNTC	HMGJFDSX5	NA	NA	NA	NA	NA	NA	NA	NA	NA	NA	NA
LV7001898143	ExrNTC	HMGJFDSX5	NA	NA	NA	NA	NA	NA	NA	NA	NA	NA	NA
LV7001898144	ExrNTC	HMGJFDSX5	NA	NA	NA	NA	NA	NA	NA	NA	NA	NA	NA
LV7001898145	ExrNTC	HMGJFDSX5	NA	NA	NA	NA	NA	NA	NA	NA	NA	NA	NA
LV7001898156	ExrNTC	HMGJFDSX5	NA	NA	NA	NA	NA	NA	NA	NA	NA	NA	NA
LV7001898157	ExrNTC	HMGJFDSX5	NA	NA	NA	NA	NA	NA	NA	NA	NA	NA	NA
LV7008867114	NEGATIVE	H5FH5DSX7	NA	NA	NA	NA	NA	NA	NA	NA	NA	NA	NA
LV7008867120	NEGATIVE	H5F37DSX7	NA	NA	NA	NA	NA	NA	NA	NA	NA	NA	NA
LV7008867123	NEGATIVE	H5FH5DSX7	NA	NA	NA	NA	NA	NA	NA	NA	NA	NA	NA
LV7008867150	NEGATIVE	H5FH5DSX7	NA	NA	NA	NA	NA	NA	NA	NA	NA	NA	NA
LV7008867155	NEGATIVE	H5F37DSX7	NA	NA	NA	NA	NA	NA	NA	NA	NA	NA	NA
LV7008867176	NEGATIVE	H5FH5DSX7	NA	NA	NA	NA	NA	NA	NA	NA	NA	NA	NA
LV7008867182	NEGATIVE	H5F37DSX7	NA	NA	NA	NA	NA	NA	NA	NA	NA	NA	NA
LV7008867185	NEGATIVE	H5FH5DSX7	NA	NA	NA	NA	NA	NA	NA	NA	NA	NA	NA
LV7008867190	NEGATIVE	H5F37DSX7	NA	NA	NA	NA	NA	NA	NA	NA	NA	NA	NA
LV7008867195	ExrPTC	H5FH5DSX7	NA	NA	NA	NA	NA	NA	NA	NA	NA	NA	NA
LV7008867309	NEGATIVE	H5FF5DSX7	NA	NA	NA	NA	NA	NA	NA	NA	NA	NA	NA
LV7008867314	NEGATIVE	H5FF5DSX7	NA	NA	NA	NA	NA	NA	NA	NA	NA	NA	NA
LV7008867349	NEGATIVE	H5FF5DSX7	NA	NA	NA	NA	NA	NA	NA	NA	NA	NA	NA
LV7008867371	NEGATIVE	H5FF5DSX7	NA	NA	NA	NA	NA	NA	NA	NA	NA	NA	NA
LV7008867384	NEGATIVE	H5FF5DSX7	NA	NA	NA	NA	NA	NA	NA	NA	NA	NA	NA
LV7008884667	NEGATIVE	H5CY7DSX7	NA	NA	NA	NA	NA	NA	NA	NA	NA	NA	NA
LV7008886694	NEGATIVE	H5FG3DSX7	NA	NA	NA	NA	NA	NA	NA	NA	NA	NA	NA
LV7008886697	NEGATIVE	H5CY7DSX7	NA	NA	NA	NA	NA	NA	NA	NA	NA	NA	NA
LV7008886729	NEGATIVE	H5FG3DSX7	NA	NA	NA	NA	NA	NA	NA	NA	NA	NA	NA
LV7008886732	NEGATIVE	H5CY7DSX7	NA	NA	NA	NA	NA	NA	NA	NA	NA	NA	NA
LV7008886759	NEGATIVE	H5CY7DSX7	NA	NA	NA	NA	NA	NA	NA	NA	NA	NA	NA
LV7008886764	NEGATIVE	H5FG3DSX7	NA	NA	NA	NA	NA	NA	NA	NA	NA	NA	NA
LV7008886775	NEGATIVE	H5FG3DSX7	NA	NA	NA	NA	NA	NA	NA	NA	NA	NA	NA
LV7008886779	ExrNTC	H5CY7DSX7	NA	NA	NA	NA	NA	NA	NA	NA	NA	NA	NA
LibNTCS963b20067e34	LibNTC	HMH2WDSX5	NA	NA	NA	NA	NA	NA	NA	NA	NA	NA	NA
LibNTCS96475f6f2ae6	LibNTC	HMGTCDSX5	NA	NA	NA	NA	NA	NA	NA	NA	NA	NA	NA
LibNTCS9656185919e7	LibNTC	HMGJFDSX5	NA	NA	NA	NA	NA	NA	NA	NA	NA	NA	NA
LibNTCS96e4109dcfab	LibNTC	HMGLVDSX5	NA	NA	NA	NA	NA	NA	NA	NA	NA	NA	NA
