sample	core	age_kyr	d18O	sst	PC1	PC2	PC3	state	label
LV3003046953	ST8	1.5215	3.203925	7.82527505425364	-1.48029694391582	1.82429782851957	0.572008227684475	1	IG-D
LV3003046939	ST8	2.42	3.2262	6.89400787736814	-1.44569456124673	2.37301102400113	0.696006229382661	1	IG-D
LV3003047045	ST8	3.5865	3.295865	6.70676913757569	-1.25550298887822	2.49788171749385	0.861421245240377	1	IG-D
LV3003047013	ST8	5.885	3.32195	6.33782936611152	-0.787685698512935	2.13370854855477	1.02039456799969	1	IG-D
LV3003046995	ST8	6.9705	3.36882	6.16359220190688	-0.962540463102986	2.21875877224967	0.818812809924871	1	IG-D
LV3003046980	ST8	8.056	3.41776	6.25245183951933	-0.853772725958941	2.06299873097753	0.871818254615856	1	IG-D
LV3003046952	ST8	10.26	3.5408	6.52726089941695	-1.17851666609219	2.32881404391925	1.0373196671534	1	IG-D
LV3003046938	ST8	11.169	3.65408	6.64060093364877	-1.6075522863252	2.25002870672689	1.0636077838434	1	IG-D
LV3003047027	ST8	12.877	4.04278	6.85356548641879	-1.69683479183816	1.93536019082427	0.643093629412458	1	IG-D
LV3003047010	ST8	13.676	4.20872	6.95319000495699	-1.26109836686043	2.32416931789317	1.06897386291962	1	IG-D
LV3003046979	ST8	16.461	4.80993	7.29869936048704	-1.28245528240631	1.3012841020323	-0.0120936539476348	1	IG-D
LV3003046993	ST8	20.719	4.93248	7.51387664163044	-2.28137356033952	1.26379209128982	1.14153945109429	1	IG-D
LV3003047084	ST8	33.276	4.58276	8.75228855131429	-1.30747353908651	1.18383744028974	-0.208004331961481	1	IG-D
LV3003047136	ST8	67.8766	4.422468	8.08372539793979	-0.695477378028411	1.56209222260319	0.258013507859659	1	IG-D
LV3003047134	ST8	68.807	4.46035	8.5256420642359	-0.2500868042358	2.08816950895491	0.877250007030212	1	IG-D
LV7001898100	ST13	5.659	3.30613	6.37410536713431	-0.4489300676034	1.77905905901853	0.539418588985575	1	IG-D
LV7001898088	ST13	6.031	3.33124	6.31439442739767	-1.38945647674607	0.880867290622648	0.0470190651419153	1	IG-D
LV3003061529	ST13	66.015	4.56805	8.02667098129265	-1.48853974267268	0.621504361601154	0.464599654307963	1	IG-D
LV3003061515	ST13	71.0012	4.219988	9.97144024824405	-1.89188467094548	1.46312693888096	1.00804372332332	1	IG-D
LV3003061503	ST13	73.1472	4.20056	9.58376845577441	-0.908855920876276	1.17814232738453	-0.0326481263145669	1	IG-D
LV3003061485	ST13	75.7796	4.035756	7.95056189669746	-1.69932897201331	1.23123016554387	0.683046164915368	1	IG-D
LV3003061528	ST13	95.118	3.76764	6.56201237466214	-1.0460993919774	1.41827930605246	0.263506843085317	1	IG-D
LV3003061514	ST13	100.6726	3.883986	7.39288790099721	-1.62999349176662	1.38466018079054	0.80953171896638	1	IG-D
LV7008886714	GeoB25202_R1	0.692	3.23	8.77194686709375	-1.03760982125002	1.29164535231869	0.228375332448436	1	IG-D
LV7008886778	GeoB25202_R1	68.149	4.42745	8.09207392775	-1.68753773755556	1.46259545449832	0.235527346815744	1	IG-D
LV7008886754	GeoB25202_R1	71.8895	4.211105	10.5567572325	-2.01492307184064	1.47000870894102	0.696077845957577	1	IG-D
LV7008886730	GeoB25202_R1	75.351	3.98861	7.8788526045	-1.44438068890652	1.12417695487956	-0.184136837359875	1	IG-D
LV7008886706	GeoB25202_R1	79.0255	4.046175	8.49363513875	-1.45597770716778	1.45294672093682	0.146484272002018	1	IG-D
LV7008886726	GeoB25202_R2	0.692	3.23	8.77194686709375	-0.373195820785877	1.13859196880386	0.283767891688716	1	IG-D
LV7008886229	GeoB25202_R2	68.149	4.42745	8.09207392775	-1.80516385295671	1.52458248110258	0.0494662866156697	1	IG-D
LV7008886766	GeoB25202_R2	71.8895	4.211105	10.5567572325	-1.87669074079444	1.4796013396875	0.499639568945496	1	IG-D
LV7008886742	GeoB25202_R2	75.351	3.98861	7.8788526045	-2.02533529657297	0.844285961274273	0.0922947789753486	1	IG-D
LV3003046950	ST8	18.099	5.01406	7.38147540241116	-1.86403569613994	-1.1786719746114	-0.0604330347214638	2	G-A
LV3003047041	ST8	19.097	4.96291	7.4319091568924	-2.68223834783402	-1.79097940144936	0.979464800221495	2	G-A
LV3003047026	ST8	19.565	4.97695	7.455559454585	-1.4208994269384	-0.878379075374794	-0.18309653140921	2	G-A
LV3003046978	ST8	21.296	4.90112	7.54303523515316	-2.66807558587861	-2.15125307227803	1.08969683467685	2	G-A
LV3003046965	ST8	21.8323333333333	4.88503	7.57013874582794	-3.83046576803408	-2.88265253918414	2.40722468255097	2	G-A
LV3003046949	ST8	22.3686666666667	4.87262666666667	7.59724225650273	-2.85499322654119	-2.28181425712022	1.46229380429032	2	G-A
LV3003046936	ST8	22.905	4.8619	7.62434576717752	-3.41845010639339	-2.62402990122278	1.88940594546099	2	G-A
LV3003047132	ST8	23.987	4.81065	7.67902444688563	-3.73440340367604	-2.75547406142256	2.13128974996785	2	G-A
LV3003047118	ST8	24.528	4.81528	7.70636378673969	-2.69904466712649	-1.90272590920768	1.0486311567128	2	G-A
LV7001898076	ST13	6.429	3.34716	6.25051014241062	-2.64405088425506	-1.4181290607525	1.44054614391107	2	G-A
LV3003061518	ST13	9.804	3.49256	6.47040385254158	-1.71030700436323	-1.0816751979148	0.493544340594883	2	G-A
LV3003061492	ST13	14.437	4.37177	7.04807643625558	-2.62612692836238	-1.85209331641666	1.31102725915774	2	G-A
LV3003061477	ST13	16.726	4.84438	7.31209108888136	-2.61165961096922	-1.9049632044432	1.33239435082368	2	G-A
LV3003061572	ST13	19.099	4.96297	7.43201022654066	-2.23900275199687	-2.13917464800598	0.934507619105005	2	G-A
LV7008886727	GeoB25202_R1	16.4375	4.806875	7.29751179212	-3.37109920124961	-3.31326881098976	2.2906529411305	2	G-A
LV7008886739	GeoB25202_R2	16.4375	4.806875	7.29751179212	-3.91031020084144	-2.76002384835686	2.22024840283599	2	G-A
LV3003047159	ST8	56.7987933333333	4.41390346666667	6.86838342718166	0.0598592988469897	0.30058796750491	-0.264285326784938	3	IG-B
LV3003047138	ST8	66.0158	4.567946	8.02669549973556	-0.189665989109825	1.25469353966237	0.291450982384843	3	IG-B
LV3003047137	ST8	66.9462	4.446994	8.05521044883768	0.592461192418132	-0.297810920849049	-0.344360628287803	3	IG-B
LV3003047133	ST8	70.162	4.3038	9.41847614468938	-0.234297134648135	0.486576163200801	-0.290273596590456	3	IG-B
LV3003047107	ST8	71.517	4.21483	10.3113102251429	-0.439904571605618	0.482029894960179	-0.404128904152724	3	IG-B
LV3003047125	ST8	72.872	4.22744	9.79667019017442	1.24590238682172	0.266730400673377	0.342933843962249	3	IG-B
LV3003047093	ST8	79.675	3.94875	8.33291896762292	-0.327588945275863	1.64707167597961	0.500702027820014	3	IG-B
LV3003047106	ST8	81.06375	3.818725	7.9892783476803	1.0715151137502	0.388200676090801	0.334028941568823	3	IG-B
LV3003047101	ST8	85.23	3.9753	8.34374151531365	0.603836571984	0.153445547460564	-0.09704846319744	3	IG-B
LV3003047100	ST8	86.61175	4.13341	8.5396208419164	-0.203518136630506	1.35928145699527	0.350386242640968	3	IG-B
LV3003047080	ST8	87.9935	4.110455	8.44662940914954	-0.179055533463789	0.668314741006392	-0.142737547220868	3	IG-B
LV3003047091	ST8	89.37525	4.072495	8.08112030852452	0.639253908916491	1.02659136314334	0.562921708642331	3	IG-B
LV3003047089	ST8	92.1385	3.96892	7.35016823882878	1.84321705664076	0.391301646538904	0.898962974132977	3	IG-B
LV3003047079	ST8	97.52	3.8664	6.85473981358423	0.728020112222167	1.08918864749513	0.737473722279382	3	IG-B
LV3003061517	ST13	30.678	4.62	8.34038156140496	-1.11450908003564	0.348055268033637	-0.058999061279687	3	IG-B
LV3003061570	ST13	55.466	4.32864	6.57988298438419	-0.20497154619201	0.71741245591706	-0.314622388728263	3	IG-B
LV3003061557	ST13	58.082	4.48508	7.14615019137165	-0.0635486572901872	1.1718115707144	0.0588490953954909	3	IG-B
LV3003061543	ST13	62.293	4.57949	7.91259892566273	-1.03281047383042	0.675192732739911	0.0520892297850672	3	IG-B
LV3003061474	ST13	77.7798	4.056606	8.28521641432076	-0.335340217374958	1.05137104814446	-0.127134025296403	3	IG-B
LV3003061569	ST13	81.6946	3.806108	7.84255695133946	-0.650737632946332	1.52978216185566	0.179792503817372	3	IG-B
LV3003061556	ST13	86.6174	4.134088	8.5404217959206	0.201513662515217	1.04353306194046	0.124296544092846	3	IG-B
LV3003061541	ST13	91.09	4.0255	7.62752397756975	0.0340126443877536	0.554504828554244	-0.361517986658241	3	IG-B
LV3003061501	ST13	105.5872	3.93808	8.6530138730751	0.439667049488294	0.91080143263595	0.172597407500467	3	IG-B
LV3003061489	ST13	112.6068	3.96932	11.8540635522199	2.34820923933607	0.411863923293107	0.841183344052003	3	IG-B
LV7008886743	GeoB25202_R1	81.6705	3.80659	7.83914049266667	0.225283538242264	0.625576237741111	0.139185268272885	3	IG-B
LV7008886719	GeoB25202_R1	87.2825	4.160225	8.63470754958333	0.94171057281512	-0.180824042578841	-0.0693934042909113	3	IG-B
LV7008886695	GeoB25202_R1	95.3875	3.76225	6.490722559125	-0.448699132652041	0.852510870245989	-0.0451485527997174	3	IG-B
LV7008886768	GeoB25202_R1	102.2955	3.86591	7.669916553875	-0.972308826491805	1.06908973465651	-0.15082263945361	3	IG-B
LV7008886744	GeoB25202_R1	105.5785	3.936775	8.648961519375	1.18750785074918	0.156064334654834	0.321365550514327	3	IG-B
LV7008886708	GeoB25202_R1	109.6305	4.06956	10.5363336105	0.569705037566591	0.5508769554892	0.36281745259283	3	IG-B
LV7008886717	GeoB25202_R2	59.738	4.55546	7.834293148625	0.851887358113034	0.0603317961571543	0.0381537780392788	3	IG-B
LV7008886718	GeoB25202_R2	79.0255	4.046175	8.49363513875	-0.963501994564389	0.825781063940876	-0.171668437084744	3	IG-B
LV7008886755	GeoB25202_R2	81.6705	3.80659	7.83914049266667	-0.373247395146166	1.28689579041715	0.276307382342219	3	IG-B
LV7008886731	GeoB25202_R2	87.2825	4.160225	8.63470754958333	1.07522550345025	-0.174757910312733	-0.0273221453687839	3	IG-B
LV7008886707	GeoB25202_R2	95.3875	3.76225	6.490722559125	0.305660023900369	0.322996365741667	-0.0679951358502034	3	IG-B
LV7008886780	GeoB25202_R2	102.2955	3.86591	7.669916553875	-1.47425647401467	1.27037040405947	-0.0964907526737239	3	IG-B
LV7008886756	GeoB25202_R2	105.5785	3.936775	8.648961519375	0.752049645819234	0.0845715018706878	-0.010347919322386	3	IG-B
LV7008886720	GeoB25202_R2	109.6305	4.06956	10.5363336105	0.352413713893998	0.885241443863682	0.511721130939291	3	IG-B
LV3003047044	ST8	12.078	3.93092	6.75394096788059	-0.436009434369354	-0.201626069804253	-0.877817170616307	4	IG-A
LV3003046994	ST8	15.549	4.63274	7.18672783126745	0.332406782842736	-0.252667773626649	-0.514860045469818	4	IG-A
LV3003046966	ST8	17.373	4.93222	7.34478712009314	-1.32077833774487	-0.726311931506741	-0.670534499498793	4	IG-A
LV3003046937	ST8	18.598	4.98412	7.40669227965178	-0.935690232806425	-0.579655031346998	-0.877532634782328	4	IG-A
LV3003047009	ST8	20.142	4.97864	7.48471804810772	-0.296754062828909	-0.580902452300487	-0.435533521252057	4	IG-A
LV3003047145	ST8	23.446	4.8377	7.65168510703157	-0.889623171086868	-0.574775077082059	-0.842787365050954	4	IG-A
LV3003047099	ST8	25.058	4.8113	7.73314724352832	-0.911449072770741	-0.657450074784426	-0.734490416767876	4	IG-A
LV3003047071	ST8	26.141	4.68128	7.78787645806057	-0.623001474626198	-0.428465633776354	-0.972504894208061	4	IG-A
LV3003047169	ST8	26.6703333333333	4.72362666666667	7.81462622496645	-0.876470098047642	-0.633538193645857	-0.760908395569295	4	IG-A
LV3003047156	ST8	27.1996666666667	4.75	7.84137599187233	-0.819434628961839	-0.507011420417966	-0.935117849262749	4	IG-A
LV3003047144	ST8	27.729	4.75	7.87282431997209	-1.06833214668301	-0.524490330130019	-1.06288444606083	4	IG-A
LV3003047131	ST8	28.2453333333333	4.74509333333333	7.95468779538517	-0.689067373520057	0.103813454915977	-0.766639761379677	4	IG-A
LV3003047117	ST8	28.7616666666667	4.73476666666667	8.03655127079825	-0.506420127879932	-0.184720904866789	-0.85301771635707	4	IG-A
LV3003047098	ST8	29.278	4.69942	8.11841474621133	0.142531572505336	-0.354576421789166	-0.605472435204217	4	IG-A
LV3003047085	ST8	29.703	4.65267	8.18579752939511	-0.549834065429455	-0.484594718968151	-0.854283693908507	4	IG-A
LV3003047070	ST8	30.128	4.62	8.25318031257889	-0.245957056905112	-0.341437272237531	-0.887594915572889	4	IG-A
LV3003047168	ST8	30.497	4.62	8.31168442315493	-0.589466782437475	-0.450219286594	-0.778888826062944	4	IG-A
LV3003047155	ST8	30.9475	4.62	8.38311017332974	0.510285023945544	-0.301777355075487	-0.450807798452049	4	IG-A
LV3003047143	ST8	31.398	4.61204	8.45453592350455	-0.672134079888866	0.140322835349266	-0.76879424723326	4	IG-A
LV3003047130	ST8	31.936	4.60128	8.53983459962896	-0.456627377117254	-0.0436809464421793	-0.691173563948606	4	IG-A
LV3003047114	ST8	32.3855	4.59229	8.61110180207863	-0.326272750496657	0.164221379471042	-0.563319219170924	4	IG-A
LV3003047097	ST8	32.835	4.5833	8.6823690045283	-0.622044129655121	0.118075908643519	-0.759920075997822	4	IG-A
LV3003047069	ST8	33.7436870748299	4.5874368707483	8.82643927310517	-0.406696688675671	-0.261563900388789	-0.878022719581175	4	IG-A
LV3003047167	ST8	34.67812	4.556094	8.97459148768522	0.168114750865528	-0.334228370188059	-0.651578424594896	4	IG-A
LV3003047154	ST8	35.13012	4.5282892	9.04625505944773	-0.276897754555447	0.0225034672172511	-0.649396151719877	4	IG-A
LV3003047142	ST8	35.5823	4.487593	9.11794716980078	-0.0362957136312347	-0.391595164006872	-0.709493260471928	4	IG-A
LV3003047129	ST8	36.0373	4.450373	9.19008638473871	-0.431494885970085	-0.366914420118175	-0.966074498661666	4	IG-A
LV3003047113	ST8	36.48927	4.4548927	9.26174520006947	-0.754868650859562	-0.384889101925879	-1.10589987511779	4	IG-A
LV3003047096	ST8	36.89377	4.4589377	9.23725876185055	-0.551576965040454	-0.355208209792829	-1.06362486364504	4	IG-A
LV3003047083	ST8	37.30319	4.4448405	9.1756505076159	-0.515848226227464	-0.140954793880571	-0.778393178108681	4	IG-A
LV3003047068	ST8	37.78969	4.4205155	9.10244349358346	-0.397976805089634	-0.387950918570084	-0.884877678719854	4	IG-A
LV3003047166	ST8	38.27343	4.4482802	9.0296517958074	-0.737931668869072	0.0942537850193088	-0.765883680118878	4	IG-A
LV3003047153	ST8	38.71393	4.5099502	8.96336671938132	-0.723392672171074	0.0263453252281164	-0.883452577530501	4	IG-A
LV3003047128	ST8	39.57797	4.55	8.83334865482924	-0.469525987729762	-0.441757477517544	-0.857866949285954	4	IG-A
LV3003047112	ST8	40.0335	4.54866	8.76480191052874	-0.662788901206383	-0.215454533724554	-0.982594355461812	4	IG-A
LV3003047095	ST8	40.9751666666667	4.51099333333333	8.62310282547109	-0.335498807756847	0.0696754556736328	-0.590644527174867	4	IG-A
LV3003047082	ST8	41.9168333333333	4.50083166666667	8.48140374041344	-0.0235349075700364	-0.0710944450574184	-0.576223592604768	4	IG-A
LV3003047067	ST8	42.86602	4.4653592	8.33857306903406	-0.80619738247915	0.200457963613278	-0.758282896980897	4	IG-A
LV3003047164	ST8	43.93302	4.4786604	8.37946113303367	0.109089381610909	-0.301327697384347	-0.677875100785152	4	IG-A
LV3003047152	ST8	45.00002	4.3300006	8.47849004532337	-0.587901904972348	0.0875222204476655	-0.762041824889318	4	IG-A
LV3003047110	ST8	49.1548	4.441424	8.86409767812845	0.362227998201414	-0.283794604138198	-0.53074637502087	4	IG-A
LV3003047094	ST8	50.6848	4.333152	8.71916462667657	-0.25729636221293	0.367546772041685	-0.393348664090773	4	IG-A
LV3003047081	ST8	52.20718	4.3369334	7.53394237030326	-0.332599948537884	0.0222327968626314	-0.678445971635866	4	IG-A
LV3003047158	ST8	57.70646	4.4723876	7.06485967649701	0.112631169253575	-0.395302821947857	-0.627420668905348	4	IG-A
LV3003047139	ST8	58.6141266666667	4.4531524	8.62798528680874	0.17258575145403	-0.369206717858481	-0.621911284961846	4	IG-A
LV3003047150	ST8	59.5217933333333	4.51870486666667	8.44254713374637	-0.564406831033361	-0.399943503015098	-0.920754074403068	4	IG-A
LV3003047149	ST8	60.4317	4.561147	7.85555370343168	0.305246876347866	-0.251508427875477	-0.532848131763621	4	IG-A
LV3003047148	ST8	61.3767	4.543903	7.88451611411687	-0.0155823921178595	-0.233589412568261	-0.687217933221094	4	IG-A
LV3003047147	ST8	62.3217	4.577481	7.91347852480206	-0.153164704170882	-0.311457753257152	-0.80648200536215	4	IG-A
LV3003047146	ST8	63.2667	4.484661	7.94244093548725	-0.7584153890924	-0.372432266427689	-0.874350791221864	4	IG-A
LV3003047126	ST8	64.210824	4.38529888	7.97137649847746	0.172317562582085	-0.211252164251019	-0.57441414026547	4	IG-A
LV7001898064	ST13	6.808	3.36232	6.18967560972194	-0.187796930989328	-0.796460049365127	-0.748368739833361	4	IG-A
LV3003061533	ST13	7.912	3.4156	6.23449698261132	0.669865157394757	-0.615064316969102	-0.622393026887221	4	IG-A
LV3003061506	ST13	11.95	3.904	6.73798109507347	0.806840324023762	-0.498323922819662	-0.665804013430924	4	IG-A
LV3003061559	ST13	21.069	4.90793	7.53156383007576	-0.38752434143679	-0.138298506100676	-0.68227399296082	4	IG-A
LV3003061545	ST13	23.172	4.8514	7.63783856522009	-0.473784686695784	-0.950572383538982	-0.776730625079071	4	IG-A
LV3003061531	ST13	28.445	4.7411	7.98634449117112	-0.765089673774861	-0.00763062829629597	-0.50672221962884	4	IG-A
LV3003061505	ST13	32.81	4.5838	8.67840531139984	0.211757870873149	-0.612011637827631	-0.967211937988536	4	IG-A
LV3003061488	ST13	35.041	4.53631	9.03212528618341	-0.552522039508057	-0.314537104841212	-0.709933253881245	4	IG-A
LV3003061476	ST13	37.16	4.452	9.19719729556924	-0.172127728354946	0.313307880417971	-0.63187140324538	4	IG-A
LV3003061571	ST13	40.457	4.53172	8.70107494147892	0.476750712169993	-0.541687297776178	-0.91562279189396	4	IG-A
LV3003061558	ST13	42.626	4.47496	8.37469053564879	-0.166382244523423	-0.0657031195425741	-0.785794372066856	4	IG-A
LV3003061544	ST13	45.122	4.33366	8.48981108255027	-0.0232910527107594	-0.0338807120138808	-0.732978290246391	4	IG-A
LV3003061530	ST13	47.046	4.38322	8.66837868071839	0.699799607895217	-0.220025190344942	-0.561283571929711	4	IG-A
LV3003061516	ST13	48.537	4.45537	8.80675928823849	0.457035727717188	-0.401526908114912	-0.831800970874398	4	IG-A
LV3003061504	ST13	50.268	4.33732	8.96741444022863	0.5135314376518	-0.356571027881371	-0.764495439222627	4	IG-A
LV3003061475	ST13	53.844	4.38936	6.25962485846197	0.620932438743154	-0.292826977047044	-0.659833039045307	4	IG-A
LV3003061539	ST13	130.0556	3.677784	12.6881606418456	0.877544457415573	-0.492402960433409	-0.596406356769425	4	IG-A
LV3003061513	ST13	138.493	4.88014	10.3255171456423	1.04502344437197	-0.434915867767409	-0.480584324312308	4	IG-A
LV3003061500	ST13	148.086	4.71344	9.56141856461617	0.72825672150545	-0.522058273235045	-0.76896460702667	4	IG-A
LV7008886751	GeoB25202_R1	7.1335	3.376675	6.13742853745238	-0.0261203911275394	-0.626838833995556	-0.684673043436267	4	IG-A
LV7008886703	GeoB25202_R1	27.6855	4.75	7.86592749392857	-0.792490321420838	-0.672639179008034	-1.12262412610946	4	IG-A
LV7008886776	GeoB25202_R1	36.607	4.45607	9.28041102375	-1.34118645085615	0.0919604951156508	-0.716279273718667	4	IG-A
LV7008886740	GeoB25202_R1	43.105	4.4621	8.3026120984	-0.453524921402032	-0.518822083936338	-0.850725903589785	4	IG-A
LV7008886221	GeoB25202_R1	50.3555	4.336445	8.9755353679	-0.083163783097629	-0.549718094054212	-0.851901860585585	4	IG-A
LV7008886692	GeoB25202_R1	53.875	4.3875	6.235490352	0.809391921080038	-0.471620082727258	-0.329607606343472	4	IG-A
LV7008886765	GeoB25202_R1	58.181	4.47914	7.16758002833333	-0.40401462934533	-0.388109702800451	-0.905934642281513	4	IG-A
LV7008886222	GeoB25202_R1	136.2775	4.81445	10.5709554267778	0.169038957644647	-0.244101432883793	-0.479478266602756	4	IG-A
LV7008886709	GeoB25202_R1	147.206	4.79734	9.36027059022222	0.284765792364445	-0.496947112407692	-0.536244859423779	4	IG-A
LV7008886702	GeoB25202_R2	2.324	3.21564	6.90941715213889	-0.580540538018151	-0.787257358916509	-0.899425247159124	4	IG-A
LV7008886763	GeoB25202_R2	7.1335	3.376675	6.13742853745238	1.78960261619628	-0.582604162248348	0.127555690383008	4	IG-A
LV7008886715	GeoB25202_R2	27.6855	4.75	7.86592749392857	-1.12312564689277	-0.78306947913038	-0.96550445054513	4	IG-A
LV7008886226	GeoB25202_R2	36.607	4.45607	9.28041102375	0.410727196418265	-0.525805207840904	-0.495884256946694	4	IG-A
LV7008886752	GeoB25202_R2	43.105	4.4621	8.3026120984	-0.163230899532461	-0.577809327308929	-0.954927442146468	4	IG-A
LV7008886728	GeoB25202_R2	50.3555	4.336445	8.9755353679	0.128274561201963	-0.615879154936673	-0.820325830881486	4	IG-A
LV7008886704	GeoB25202_R2	53.875	4.3875	6.235490352	0.466511702492954	-0.440175125605171	-0.520417601147517	4	IG-A
LV7008886721	GeoB25202_R2	147.206	4.79734	9.36027059022222	-0.226999010239746	-0.314971447507761	-0.666461757940053	4	IG-A
LV3003047028	ST8	4.753	3.26988	6.51953039778323	2.59664811401747	-0.235685175488034	0.790813753064894	5	IG-C
LV3003047141	ST8	39.15347	4.55	8.89722610078355	2.66886379607249	-0.33920606068516	0.763315781972101	5	IG-C
LV3003047140	ST8	46.0948	4.361896	8.58009723613548	1.96039048566636	-0.311653775688725	0.368131022236697	5	IG-C
LV3003047127	ST8	47.6248	4.423736	8.72209745713196	1.38904047216535	-0.23260679518312	0.0617392516075814	5	IG-C
LV3003047065	ST8	53.61018	4.4033892	6.44166131978254	1.32137483383672	-0.283897126623499	0.0123187772560573	5	IG-C
LV3003047161	ST8	54.98346	4.3111578	6.47543092855096	2.63026029960499	-0.359020246002722	0.737166991052779	5	IG-C
LV3003047160	ST8	55.8911266666667	4.34564506666667	6.67190717786631	2.73865492633375	-0.357149754687216	0.79894716360989	5	IG-C
LV3003047124	ST8	74.227	4.01184	8.74840765343023	2.04538026506216	-0.302246120009537	0.418291089335506	5	IG-C
LV3003047123	ST8	75.589	4.01479	7.91867251010661	2.38078351342507	-0.309413167704617	0.60665082820957	5	IG-C
LV3003047122	ST8	76.951	4.07902	8.14654944891421	2.01366611977631	-0.306726863570841	0.399363629024775	5	IG-C
LV3003047105	ST8	82.4525	3.813575	7.94999819731899	2.16974712639792	-0.236942531047015	0.525481707955701	5	IG-C
LV3003047104	ST8	83.84125	3.8215875	8.14686985631632	2.07120788525959	-0.228132186815225	0.472937731174286	5	IG-C
LV3003047090	ST8	90.757	4.03729	7.7156112078995	1.98242523172154	-0.10816063728951	0.506546966362275	5	IG-C
LV3003047088	ST8	93.52	3.8688	6.98472526975806	2.19363958741502	-0.0126832540432364	0.70964249771418	5	IG-C
LV3003047087	ST8	94.9015	3.776895	6.61928230068734	1.93534408009452	-0.17842548039144	0.440455124031731	5	IG-C
LV3003047064	ST8	96.283	3.77264	6.64358420103273	2.82928315771552	-0.351261543209519	0.851537696928774	5	IG-C
LV3003047078	ST8	98.757	3.80916	7.06589542613573	2.66893256157998	-0.338500335621674	0.76350754266569	5	IG-C
LV3003047077	ST8	99.7145	3.801435	7.22934045363618	2.12041168583093	-0.318813415886459	0.457187682265336	5	IG-C
LV3003047074	ST8	100.672	3.88392	7.39278548113664	2.83391140980097	-0.351916360340608	0.854016501859115	5	IG-C
LV3003047073	ST8	101.685	3.8789	7.56570434574025	2.8733731147796	-0.357499504898188	0.87515145022723	5	IG-C
LV3003047162	ST8	102.698	3.87396	7.78994871915485	2.68611306437412	-0.331005466390735	0.774858482681245	5	IG-C
LV3003047063	ST8	103.695	3.9078	8.08727062917724	2.57444923846985	-0.349095384486203	0.707714919556237	5	IG-C
LV3003047062	ST8	104.692	3.87156	8.38459253919963	2.19902784717762	-0.317933426998588	0.50189222328006	5	IG-C
LV3003047061	ST8	105.689	3.95335	8.70043106924403	2.13818583641668	-0.296154260437938	0.472158574224442	5	IG-C
LV3003047060	ST8	106.686	4.02744	9.16482148751936	1.70192551090376	-0.129971729249668	0.331724231342093	5	IG-C
LV3003047059	ST8	107.683	4.08781	9.62921190579469	1.83371587424161	-0.281970017766112	0.302833425293979	5	IG-C
LV3003061546	ST13	7.197	3.37985	6.14534613060279	1.5373483770357	-0.559592815241385	-0.17360308782968	5	IG-C
LV3003061486	ST13	52.105	4.32365	7.61349281773178	1.77183670659177	-0.454562879260195	-0.163453495830965	5	IG-C
LV3003061473	ST13	117.088	3.5312	13.8380743760062	3.07917103093117	-0.345468666866878	0.679959074435032	5	IG-C
LV3003061568	ST13	121.6354	3.209168	15.0912241071525	4.13217586001295	-0.549970196853212	1.15235545221661	5	IG-C
LV3003061555	ST13	126.443	3.25303	13.9174660887275	3.65069264483208	-0.529439732862176	0.88417627132555	5	IG-C
LV3003061527	ST13	133.7754	4.634866	11.4223768846317	4.16270710531847	-0.554939391609117	1.1685667533222	5	IG-C
LV7008886690	GeoB25202_R1	2.324	3.21564	6.90941715213889	1.70697261086701	-0.505689266868807	0.224506538224302	5	IG-C
LV7008886741	GeoB25202_R1	58.997	4.43018	9.918947659625	2.56068651489955	-0.587950475984655	0.636817739119225	5	IG-C
LV7008886705	GeoB25202_R1	59.738	4.55546	7.834293148625	1.81403236768514	-0.410133785341736	0.291858719715269	5	IG-C
LV7008886781	GeoB25202_R1	120.0235	3.269765	15.13774048625	2.70291743466441	-0.589850580707872	0.716940150101903	5	IG-C
LV7008886757	GeoB25202_R1	123.1195	3.120315	15.0483957938462	2.56102408578508	-0.59093833519271	0.636361859100387	5	IG-C
LV7008886753	GeoB25202_R2	58.997	4.43018	9.918947659625	1.41968575799486	-0.302791057620261	0.10214326803665	5	IG-C
LV7008886228	GeoB25202_R2	120.0235	3.269765	15.13774048625	3.21867844344608	-0.674604883442571	0.916803159803008	5	IG-C
LV7008886769	GeoB25202_R2	123.1195	3.120315	15.0483957938462	2.64980429318324	-0.643123393001905	0.601512991875739	5	IG-C
LV7008886745	GeoB25202_R2	136.2775	4.81445	10.5709554267778	1.47507705424928	-0.54037776068989	-0.0228433534141004	5	IG-C
