state	sample	core	age_kyr	state_label	index	value	state_label_source
1	LV3003046938	ST8	11.169	state_03	OAP	607.693741600886	IG-D
1	LV3003046939	ST8	2.42	state_03	OAP	389.099400024553	IG-D
1	LV3003046952	ST8	10.26	state_03	OAP	551.43528237159	IG-D
1	LV3003046953	ST8	1.5215	state_03	OAP	424.49313716964	IG-D
1	LV3003046980	ST8	8.056	state_03	OAP	460.263869571698	IG-D
1	LV3003046995	ST8	6.9705	state_03	OAP	559.354055607435	IG-D
1	LV3003047010	ST8	13.676	state_03	OAP	516.707014604613	IG-D
1	LV3003047013	ST8	5.885	state_03	OAP	419.008808483511	IG-D
1	LV3003047027	ST8	12.877	state_03	OAP	521.795945413989	IG-D
1	LV3003047045	ST8	3.5865	state_03	OAP	454.440604555781	IG-D
1	LV3003047079	ST8	97.52	state_03	OAP	327.01117449895	IG-D
1	LV3003047080	ST8	87.9935	state_03	OAP	313.194096487445	IG-D
1	LV3003047091	ST8	89.37525	state_03	OAP	292.079464207685	IG-D
1	LV3003047093	ST8	79.675	state_03	OAP	324.334613645776	IG-D
1	LV3003047100	ST8	86.61175	state_03	OAP	340.072849870635	IG-D
1	LV3003047101	ST8	85.23	state_03	OAP	323.075455038573	IG-D
1	LV3003047107	ST8	71.517	state_03	OAP	384.650280403938	IG-D
1	LV3003047133	ST8	70.162	state_03	OAP	386.981650883803	IG-D
1	LV3003047134	ST8	68.807	state_03	OAP	445.3794867068	IG-D
1	LV3003047136	ST8	67.8766	state_03	OAP	487.659327438098	IG-D
1	LV3003047137	ST8	66.9462	state_03	OAP	350.186582264386	IG-D
1	LV3003047138	ST8	66.0158	state_03	OAP	402.316815378645	IG-D
1	LV3003061474	ST13	77.7798	state_03	OAP	371.492362866315	IG-D
1	LV3003061485	ST13	75.7796	state_03	OAP	397.801593336116	IG-D
1	LV3003061500	ST13	148.086	state_03	OAP	329.112060298764	IG-D
1	LV3003061501	ST13	105.5872	state_03	OAP	318.470423909618	IG-D
1	LV3003061503	ST13	73.1472	state_03	OAP	360.643304851247	IG-D
1	LV3003061514	ST13	100.6726	state_03	OAP	424.836614793754	IG-D
1	LV3003061515	ST13	71.0012	state_03	OAP	448.708525170168	IG-D
1	LV3003061528	ST13	95.118	state_03	OAP	416.588321315107	IG-D
1	LV3003061529	ST13	66.015	state_03	OAP	435.12230657637	IG-D
1	LV3003061541	ST13	91.09	state_03	OAP	338.175668962721	IG-D
1	LV3003061543	ST13	62.293	state_03	OAP	500.736876710928	IG-D
1	LV3003061556	ST13	86.6174	state_03	OAP	331.999238037148	IG-D
1	LV3003061557	ST13	58.082	state_03	OAP	430.159187936307	IG-D
1	LV3003061569	ST13	81.6946	state_03	OAP	377.410800315856	IG-D
1	LV7001898088	ST13	6.031	state_03	OAP	277.926510520608	IG-D
1	LV7001898100	ST13	5.659	state_03	OAP	313.393112603492	IG-D
1	LV7008886229	GeoB25202_R2	68.149	state_03	OAP	368.486495262843	IG-D
1	LV7008886695	GeoB25202_R1	95.3875	state_03	OAP	344.166371159031	IG-D
1	LV7008886706	GeoB25202_R1	79.0255	state_03	OAP	384.838540741302	IG-D
1	LV7008886707	GeoB25202_R2	95.3875	state_03	OAP	337.306642306539	IG-D
1	LV7008886708	GeoB25202_R1	109.6305	state_03	OAP	348.948227406646	IG-D
1	LV7008886714	GeoB25202_R1	0.692	state_03	OAP	348.48402345807	IG-D
1	LV7008886718	GeoB25202_R2	79.0255	state_03	OAP	394.263134399443	IG-D
1	LV7008886719	GeoB25202_R1	87.2825	state_03	OAP	356.641515442499	IG-D
1	LV7008886720	GeoB25202_R2	109.6305	state_03	OAP	281.986246749135	IG-D
1	LV7008886726	GeoB25202_R2	0.692	state_03	OAP	358.591832158161	IG-D
1	LV7008886730	GeoB25202_R1	75.351	state_03	OAP	385.091230762765	IG-D
1	LV7008886731	GeoB25202_R2	87.2825	state_03	OAP	337.657457528381	IG-D
1	LV7008886742	GeoB25202_R2	75.351	state_03	OAP	391.635694022236	IG-D
1	LV7008886743	GeoB25202_R1	81.6705	state_03	OAP	349.683114417479	IG-D
1	LV7008886744	GeoB25202_R1	105.5785	state_03	OAP	310.611708523415	IG-D
1	LV7008886754	GeoB25202_R1	71.8895	state_03	OAP	413.019507662354	IG-D
1	LV7008886755	GeoB25202_R2	81.6705	state_03	OAP	360.186460714879	IG-D
1	LV7008886756	GeoB25202_R2	105.5785	state_03	OAP	371.406908190864	IG-D
1	LV7008886766	GeoB25202_R2	71.8895	state_03	OAP	416.737628161581	IG-D
1	LV7008886768	GeoB25202_R1	102.2955	state_03	OAP	401.093252127431	IG-D
1	LV7008886778	GeoB25202_R1	68.149	state_03	OAP	383.034324581171	IG-D
1	LV7008886780	GeoB25202_R2	102.2955	state_03	OAP	385.476244169429	IG-D
1	LV3003046938	ST8	11.169	state_03	MGI	-13.8155105579643	IG-D
1	LV3003046939	ST8	2.42	state_03	MGI	-13.8155105579643	IG-D
1	LV3003046952	ST8	10.26	state_03	MGI	-13.8155105579643	IG-D
1	LV3003046953	ST8	1.5215	state_03	MGI	-13.8155105579643	IG-D
1	LV3003046980	ST8	8.056	state_03	MGI	-13.8155105579643	IG-D
1	LV3003046995	ST8	6.9705	state_03	MGI	-13.8155105579643	IG-D
1	LV3003047010	ST8	13.676	state_03	MGI	-13.8155105579643	IG-D
1	LV3003047013	ST8	5.885	state_03	MGI	-13.8155105579643	IG-D
1	LV3003047027	ST8	12.877	state_03	MGI	-13.8155105579643	IG-D
1	LV3003047045	ST8	3.5865	state_03	MGI	-13.8155105579643	IG-D
1	LV3003047079	ST8	97.52	state_03	MGI	-13.8155105579643	IG-D
1	LV3003047080	ST8	87.9935	state_03	MGI	-13.8155105579643	IG-D
1	LV3003047091	ST8	89.37525	state_03	MGI	-13.8155105579643	IG-D
1	LV3003047093	ST8	79.675	state_03	MGI	-13.8155105579643	IG-D
1	LV3003047100	ST8	86.61175	state_03	MGI	-13.8155105579643	IG-D
1	LV3003047101	ST8	85.23	state_03	MGI	-13.8155105579643	IG-D
1	LV3003047107	ST8	71.517	state_03	MGI	-13.8155105579643	IG-D
1	LV3003047133	ST8	70.162	state_03	MGI	-13.8155105579643	IG-D
1	LV3003047134	ST8	68.807	state_03	MGI	-13.8155105579643	IG-D
1	LV3003047136	ST8	67.8766	state_03	MGI	-13.8155105579643	IG-D
1	LV3003047137	ST8	66.9462	state_03	MGI	-13.8155105579643	IG-D
1	LV3003047138	ST8	66.0158	state_03	MGI	-13.8155105579643	IG-D
1	LV3003061474	ST13	77.7798	state_03	MGI	-13.8155105579643	IG-D
1	LV3003061485	ST13	75.7796	state_03	MGI	-13.8155105579643	IG-D
1	LV3003061500	ST13	148.086	state_03	MGI	-4.87653915106565	IG-D
1	LV3003061501	ST13	105.5872	state_03	MGI	-13.8155105579643	IG-D
1	LV3003061503	ST13	73.1472	state_03	MGI	-13.8155105579643	IG-D
1	LV3003061514	ST13	100.6726	state_03	MGI	-13.8155105579643	IG-D
1	LV3003061515	ST13	71.0012	state_03	MGI	-13.8155105579643	IG-D
1	LV3003061528	ST13	95.118	state_03	MGI	-13.8155105579643	IG-D
1	LV3003061529	ST13	66.015	state_03	MGI	-13.8155105579643	IG-D
1	LV3003061541	ST13	91.09	state_03	MGI	-13.8155105579643	IG-D
1	LV3003061543	ST13	62.293	state_03	MGI	-13.8155105579643	IG-D
1	LV3003061556	ST13	86.6174	state_03	MGI	-13.8155105579643	IG-D
1	LV3003061557	ST13	58.082	state_03	MGI	-13.8155105579643	IG-D
1	LV3003061569	ST13	81.6946	state_03	MGI	-13.8155105579643	IG-D
1	LV7001898088	ST13	6.031	state_03	MGI	-13.8155105579643	IG-D
1	LV7001898100	ST13	5.659	state_03	MGI	-13.8155105579643	IG-D
1	LV7008886229	GeoB25202_R2	68.149	state_03	MGI	-13.8155105579643	IG-D
1	LV7008886695	GeoB25202_R1	95.3875	state_03	MGI	-13.8155105579643	IG-D
1	LV7008886706	GeoB25202_R1	79.0255	state_03	MGI	-13.8155105579643	IG-D
1	LV7008886707	GeoB25202_R2	95.3875	state_03	MGI	-13.8155105579643	IG-D
1	LV7008886708	GeoB25202_R1	109.6305	state_03	MGI	-13.8155105579643	IG-D
1	LV7008886714	GeoB25202_R1	0.692	state_03	MGI	-13.8155105579643	IG-D
1	LV7008886718	GeoB25202_R2	79.0255	state_03	MGI	-13.8155105579643	IG-D
1	LV7008886719	GeoB25202_R1	87.2825	state_03	MGI	-13.8155105579643	IG-D
1	LV7008886720	GeoB25202_R2	109.6305	state_03	MGI	-13.8155105579643	IG-D
1	LV7008886726	GeoB25202_R2	0.692	state_03	MGI	-13.8155105579643	IG-D
1	LV7008886730	GeoB25202_R1	75.351	state_03	MGI	-13.8155105579643	IG-D
1	LV7008886731	GeoB25202_R2	87.2825	state_03	MGI	-13.8155105579643	IG-D
1	LV7008886742	GeoB25202_R2	75.351	state_03	MGI	-13.8155105579643	IG-D
1	LV7008886743	GeoB25202_R1	81.6705	state_03	MGI	-13.8155105579643	IG-D
1	LV7008886744	GeoB25202_R1	105.5785	state_03	MGI	-13.8155105579643	IG-D
1	LV7008886754	GeoB25202_R1	71.8895	state_03	MGI	-13.8155105579643	IG-D
1	LV7008886755	GeoB25202_R2	81.6705	state_03	MGI	-13.8155105579643	IG-D
1	LV7008886756	GeoB25202_R2	105.5785	state_03	MGI	-13.8155105579643	IG-D
1	LV7008886766	GeoB25202_R2	71.8895	state_03	MGI	-13.8155105579643	IG-D
1	LV7008886768	GeoB25202_R1	102.2955	state_03	MGI	-13.8155105579643	IG-D
1	LV7008886778	GeoB25202_R1	68.149	state_03	MGI	-13.8155105579643	IG-D
1	LV7008886780	GeoB25202_R2	102.2955	state_03	MGI	-13.8155105579643	IG-D
1	LV3003046938	ST8	11.169	state_03	MFI	0	IG-D
1	LV3003046939	ST8	2.42	state_03	MFI	0	IG-D
1	LV3003046952	ST8	10.26	state_03	MFI	0	IG-D
1	LV3003046953	ST8	1.5215	state_03	MFI	0	IG-D
1	LV3003046980	ST8	8.056	state_03	MFI	0	IG-D
1	LV3003046995	ST8	6.9705	state_03	MFI	0	IG-D
1	LV3003047010	ST8	13.676	state_03	MFI	0	IG-D
1	LV3003047013	ST8	5.885	state_03	MFI	0	IG-D
1	LV3003047027	ST8	12.877	state_03	MFI	5.46657755375462	IG-D
1	LV3003047045	ST8	3.5865	state_03	MFI	0	IG-D
1	LV3003047079	ST8	97.52	state_03	MFI	0	IG-D
1	LV3003047080	ST8	87.9935	state_03	MFI	0	IG-D
1	LV3003047091	ST8	89.37525	state_03	MFI	0	IG-D
1	LV3003047093	ST8	79.675	state_03	MFI	0	IG-D
1	LV3003047100	ST8	86.61175	state_03	MFI	0	IG-D
1	LV3003047101	ST8	85.23	state_03	MFI	0	IG-D
1	LV3003047107	ST8	71.517	state_03	MFI	0	IG-D
1	LV3003047133	ST8	70.162	state_03	MFI	0	IG-D
1	LV3003047134	ST8	68.807	state_03	MFI	0	IG-D
1	LV3003047136	ST8	67.8766	state_03	MFI	0	IG-D
1	LV3003047137	ST8	66.9462	state_03	MFI	0	IG-D
1	LV3003047138	ST8	66.0158	state_03	MFI	0	IG-D
1	LV3003061474	ST13	77.7798	state_03	MFI	0	IG-D
1	LV3003061485	ST13	75.7796	state_03	MFI	0	IG-D
1	LV3003061500	ST13	148.086	state_03	MFI	-8.93897140689863	IG-D
1	LV3003061501	ST13	105.5872	state_03	MFI	0	IG-D
1	LV3003061503	ST13	73.1472	state_03	MFI	0	IG-D
1	LV3003061514	ST13	100.6726	state_03	MFI	5.51244875115467	IG-D
1	LV3003061515	ST13	71.0012	state_03	MFI	4.62973672390513	IG-D
1	LV3003061528	ST13	95.118	state_03	MFI	5.39847563492075	IG-D
1	LV3003061529	ST13	66.015	state_03	MFI	5.12843224289291	IG-D
1	LV3003061541	ST13	91.09	state_03	MFI	0	IG-D
1	LV3003061543	ST13	62.293	state_03	MFI	0	IG-D
1	LV3003061556	ST13	86.6174	state_03	MFI	0	IG-D
1	LV3003061557	ST13	58.082	state_03	MFI	0	IG-D
1	LV3003061569	ST13	81.6946	state_03	MFI	0	IG-D
1	LV7001898088	ST13	6.031	state_03	MFI	0	IG-D
1	LV7001898100	ST13	5.659	state_03	MFI	0	IG-D
1	LV7008886229	GeoB25202_R2	68.149	state_03	MFI	0	IG-D
1	LV7008886695	GeoB25202_R1	95.3875	state_03	MFI	0	IG-D
1	LV7008886706	GeoB25202_R1	79.0255	state_03	MFI	0	IG-D
1	LV7008886707	GeoB25202_R2	95.3875	state_03	MFI	0	IG-D
1	LV7008886708	GeoB25202_R1	109.6305	state_03	MFI	0	IG-D
1	LV7008886714	GeoB25202_R1	0.692	state_03	MFI	0	IG-D
1	LV7008886718	GeoB25202_R2	79.0255	state_03	MFI	0	IG-D
1	LV7008886719	GeoB25202_R1	87.2825	state_03	MFI	0	IG-D
1	LV7008886720	GeoB25202_R2	109.6305	state_03	MFI	0	IG-D
1	LV7008886726	GeoB25202_R2	0.692	state_03	MFI	0	IG-D
1	LV7008886730	GeoB25202_R1	75.351	state_03	MFI	0	IG-D
1	LV7008886731	GeoB25202_R2	87.2825	state_03	MFI	0	IG-D
1	LV7008886742	GeoB25202_R2	75.351	state_03	MFI	0	IG-D
1	LV7008886743	GeoB25202_R1	81.6705	state_03	MFI	0	IG-D
1	LV7008886744	GeoB25202_R1	105.5785	state_03	MFI	0	IG-D
1	LV7008886754	GeoB25202_R1	71.8895	state_03	MFI	0	IG-D
1	LV7008886755	GeoB25202_R2	81.6705	state_03	MFI	0	IG-D
1	LV7008886756	GeoB25202_R2	105.5785	state_03	MFI	0	IG-D
1	LV7008886766	GeoB25202_R2	71.8895	state_03	MFI	0	IG-D
1	LV7008886768	GeoB25202_R1	102.2955	state_03	MFI	0	IG-D
1	LV7008886778	GeoB25202_R1	68.149	state_03	MFI	0	IG-D
1	LV7008886780	GeoB25202_R2	102.2955	state_03	MFI	0	IG-D
1	LV3003046938	ST8	11.169	state_03	DCI	-1.86146486316911	IG-D
1	LV3003046939	ST8	2.42	state_03	DCI	-2.6817095209115	IG-D
1	LV3003046952	ST8	10.26	state_03	DCI	-1.7506824740213	IG-D
1	LV3003046953	ST8	1.5215	state_03	DCI	-2.70847735758146	IG-D
1	LV3003046980	ST8	8.056	state_03	DCI	-1.5242993185514	IG-D
1	LV3003046995	ST8	6.9705	state_03	DCI	-1.51146228180204	IG-D
1	LV3003047010	ST8	13.676	state_03	DCI	-1.49540627741313	IG-D
1	LV3003047013	ST8	5.885	state_03	DCI	-1.68823372237422	IG-D
1	LV3003047027	ST8	12.877	state_03	DCI	-1.84650268350092	IG-D
1	LV3003047045	ST8	3.5865	state_03	DCI	-2.08433976056551	IG-D
1	LV3003047079	ST8	97.52	state_03	DCI	-1.50130704420071	IG-D
1	LV3003047080	ST8	87.9935	state_03	DCI	-1.90108512680339	IG-D
1	LV3003047091	ST8	89.37525	state_03	DCI	-1.34430950065039	IG-D
1	LV3003047093	ST8	79.675	state_03	DCI	-1.51861655345742	IG-D
1	LV3003047100	ST8	86.61175	state_03	DCI	-2.0759190392455	IG-D
1	LV3003047101	ST8	85.23	state_03	DCI	-2.19037646983834	IG-D
1	LV3003047107	ST8	71.517	state_03	DCI	-1.65633812910487	IG-D
1	LV3003047133	ST8	70.162	state_03	DCI	-1.96293591295924	IG-D
1	LV3003047134	ST8	68.807	state_03	DCI	-2.2161473831282	IG-D
1	LV3003047136	ST8	67.8766	state_03	DCI	-2.05916261049277	IG-D
1	LV3003047137	ST8	66.9462	state_03	DCI	-2.08482858496782	IG-D
1	LV3003047138	ST8	66.0158	state_03	DCI	-1.98422356601554	IG-D
1	LV3003061474	ST13	77.7798	state_03	DCI	-1.62622157199098	IG-D
1	LV3003061485	ST13	75.7796	state_03	DCI	-1.22030600921515	IG-D
1	LV3003061500	ST13	148.086	state_03	DCI	-1.74760647564405	IG-D
1	LV3003061501	ST13	105.5872	state_03	DCI	-1.48894543131583	IG-D
1	LV3003061503	ST13	73.1472	state_03	DCI	-1.41907990907759	IG-D
1	LV3003061514	ST13	100.6726	state_03	DCI	-1.38824151055289	IG-D
1	LV3003061515	ST13	71.0012	state_03	DCI	-1.58113430018658	IG-D
1	LV3003061528	ST13	95.118	state_03	DCI	-1.69641895701381	IG-D
1	LV3003061529	ST13	66.015	state_03	DCI	-1.36265386117953	IG-D
1	LV3003061541	ST13	91.09	state_03	DCI	-1.43329637838539	IG-D
1	LV3003061543	ST13	62.293	state_03	DCI	-1.06711377161529	IG-D
1	LV3003061556	ST13	86.6174	state_03	DCI	-1.48224348255796	IG-D
1	LV3003061557	ST13	58.082	state_03	DCI	-0.919857580664643	IG-D
1	LV3003061569	ST13	81.6946	state_03	DCI	-1.36379714272065	IG-D
1	LV7001898088	ST13	6.031	state_03	DCI	-1.95151567181392	IG-D
1	LV7001898100	ST13	5.659	state_03	DCI	-2.77697877639923	IG-D
1	LV7008886229	GeoB25202_R2	68.149	state_03	DCI	-1.67411145532002	IG-D
1	LV7008886695	GeoB25202_R1	95.3875	state_03	DCI	-1.55465912953719	IG-D
1	LV7008886706	GeoB25202_R1	79.0255	state_03	DCI	-1.29101499959218	IG-D
1	LV7008886707	GeoB25202_R2	95.3875	state_03	DCI	-1.57567047000976	IG-D
1	LV7008886708	GeoB25202_R1	109.6305	state_03	DCI	-1.45692400412694	IG-D
1	LV7008886714	GeoB25202_R1	0.692	state_03	DCI	-2.48686830445375	IG-D
1	LV7008886718	GeoB25202_R2	79.0255	state_03	DCI	-1.46401731146296	IG-D
1	LV7008886719	GeoB25202_R1	87.2825	state_03	DCI	-1.52132464947892	IG-D
1	LV7008886720	GeoB25202_R2	109.6305	state_03	DCI	-1.57060785124515	IG-D
1	LV7008886726	GeoB25202_R2	0.692	state_03	DCI	-4.32607110167299	IG-D
1	LV7008886730	GeoB25202_R1	75.351	state_03	DCI	-1.40219233194895	IG-D
1	LV7008886731	GeoB25202_R2	87.2825	state_03	DCI	-1.34170686729673	IG-D
1	LV7008886742	GeoB25202_R2	75.351	state_03	DCI	-1.45881670926275	IG-D
1	LV7008886743	GeoB25202_R1	81.6705	state_03	DCI	-1.46083775762208	IG-D
1	LV7008886744	GeoB25202_R1	105.5785	state_03	DCI	-1.69551108976676	IG-D
1	LV7008886754	GeoB25202_R1	71.8895	state_03	DCI	-2.02191185542728	IG-D
1	LV7008886755	GeoB25202_R2	81.6705	state_03	DCI	-1.24797026113797	IG-D
1	LV7008886756	GeoB25202_R2	105.5785	state_03	DCI	-1.73025909911512	IG-D
1	LV7008886766	GeoB25202_R2	71.8895	state_03	DCI	-1.9071856009253	IG-D
1	LV7008886768	GeoB25202_R1	102.2955	state_03	DCI	-1.50894504204895	IG-D
1	LV7008886778	GeoB25202_R1	68.149	state_03	DCI	-1.3662512881328	IG-D
1	LV7008886780	GeoB25202_R2	102.2955	state_03	DCI	-1.81666217902753	IG-D
1	LV3003046938	ST8	11.169	state_03	MII	-3.57504924087735	IG-D
1	LV3003046939	ST8	2.42	state_03	MII	-2.56119112113095	IG-D
1	LV3003046952	ST8	10.26	state_03	MII	-3.67990832395729	IG-D
1	LV3003046953	ST8	1.5215	state_03	MII	-2.70781539891923	IG-D
1	LV3003046980	ST8	8.056	state_03	MII	-3.42109741188596	IG-D
1	LV3003046995	ST8	6.9705	state_03	MII	-3.67904572797875	IG-D
1	LV3003047010	ST8	13.676	state_03	MII	-3.49361605035596	IG-D
1	LV3003047013	ST8	5.885	state_03	MII	-3.3001645724863	IG-D
1	LV3003047027	ST8	12.877	state_03	MII	-2.8566142430727	IG-D
1	LV3003047045	ST8	3.5865	state_03	MII	-3.0889314517774	IG-D
1	LV3003047079	ST8	97.52	state_03	MII	-2.71985917330694	IG-D
1	LV3003047080	ST8	87.9935	state_03	MII	-2.55944548711129	IG-D
1	LV3003047091	ST8	89.37525	state_03	MII	-3.01134101026293	IG-D
1	LV3003047093	ST8	79.675	state_03	MII	-2.74238351614389	IG-D
1	LV3003047100	ST8	86.61175	state_03	MII	-2.74545526690288	IG-D
1	LV3003047101	ST8	85.23	state_03	MII	-2.70277911521118	IG-D
1	LV3003047107	ST8	71.517	state_03	MII	-2.72211218362559	IG-D
1	LV3003047133	ST8	70.162	state_03	MII	-2.70780575343278	IG-D
1	LV3003047134	ST8	68.807	state_03	MII	-2.84321818038822	IG-D
1	LV3003047136	ST8	67.8766	state_03	MII	-3.12451651800739	IG-D
1	LV3003047137	ST8	66.9462	state_03	MII	-2.62380790666791	IG-D
1	LV3003047138	ST8	66.0158	state_03	MII	-3.02722194177871	IG-D
1	LV3003061474	ST13	77.7798	state_03	MII	-2.91332400788272	IG-D
1	LV3003061485	ST13	75.7796	state_03	MII	-2.70284014250419	IG-D
1	LV3003061500	ST13	148.086	state_03	MII	-2.38071225154358	IG-D
1	LV3003061501	ST13	105.5872	state_03	MII	-2.60659053681384	IG-D
1	LV3003061503	ST13	73.1472	state_03	MII	-2.73139896908409	IG-D
1	LV3003061514	ST13	100.6726	state_03	MII	-2.90861348702743	IG-D
1	LV3003061515	ST13	71.0012	state_03	MII	-3.14331920390242	IG-D
1	LV3003061528	ST13	95.118	state_03	MII	-2.96452667462008	IG-D
1	LV3003061529	ST13	66.015	state_03	MII	-2.79037965878138	IG-D
1	LV3003061541	ST13	91.09	state_03	MII	-2.18745113790502	IG-D
1	LV3003061543	ST13	62.293	state_03	MII	-3.06653893331648	IG-D
1	LV3003061556	ST13	86.6174	state_03	MII	-2.66657099235614	IG-D
1	LV3003061557	ST13	58.082	state_03	MII	-3.19300811555174	IG-D
1	LV3003061569	ST13	81.6946	state_03	MII	-2.99789043687046	IG-D
1	LV7001898088	ST13	6.031	state_03	MII	-2.55243436324969	IG-D
1	LV7001898100	ST13	5.659	state_03	MII	-2.59546736674347	IG-D
1	LV7008886229	GeoB25202_R2	68.149	state_03	MII	-2.19718478995995	IG-D
1	LV7008886695	GeoB25202_R1	95.3875	state_03	MII	-2.07756221030244	IG-D
1	LV7008886706	GeoB25202_R1	79.0255	state_03	MII	-2.59784606993015	IG-D
1	LV7008886707	GeoB25202_R2	95.3875	state_03	MII	-2.17541464044231	IG-D
1	LV7008886708	GeoB25202_R1	109.6305	state_03	MII	-1.99636055036876	IG-D
1	LV7008886714	GeoB25202_R1	0.692	state_03	MII	-1.93247531938739	IG-D
1	LV7008886718	GeoB25202_R2	79.0255	state_03	MII	-2.45821382075872	IG-D
1	LV7008886719	GeoB25202_R1	87.2825	state_03	MII	-2.45727576215755	IG-D
1	LV7008886720	GeoB25202_R2	109.6305	state_03	MII	-2.11540975652252	IG-D
1	LV7008886726	GeoB25202_R2	0.692	state_03	MII	-2.42758218057498	IG-D
1	LV7008886730	GeoB25202_R1	75.351	state_03	MII	-2.34321048479604	IG-D
1	LV7008886731	GeoB25202_R2	87.2825	state_03	MII	-2.0056536914751	IG-D
1	LV7008886742	GeoB25202_R2	75.351	state_03	MII	-2.45342301706957	IG-D
1	LV7008886743	GeoB25202_R1	81.6705	state_03	MII	-1.99415353655817	IG-D
1	LV7008886744	GeoB25202_R1	105.5785	state_03	MII	-1.98324282001802	IG-D
1	LV7008886754	GeoB25202_R1	71.8895	state_03	MII	-2.59897426208722	IG-D
1	LV7008886755	GeoB25202_R2	81.6705	state_03	MII	-2.50998032767217	IG-D
1	LV7008886756	GeoB25202_R2	105.5785	state_03	MII	-2.04714644743539	IG-D
1	LV7008886766	GeoB25202_R2	71.8895	state_03	MII	-2.57660206166188	IG-D
1	LV7008886768	GeoB25202_R1	102.2955	state_03	MII	-2.39113103374218	IG-D
1	LV7008886778	GeoB25202_R1	68.149	state_03	MII	-2.57674691557445	IG-D
1	LV7008886780	GeoB25202_R2	102.2955	state_03	MII	-2.31766208357202	IG-D
1	LV3003046938	ST8	11.169	state_03	SRPI	-1.23197808902813	IG-D
1	LV3003046939	ST8	2.42	state_03	SRPI	-0.729606102152921	IG-D
1	LV3003046952	ST8	10.26	state_03	SRPI	-1.09782816866365	IG-D
1	LV3003046953	ST8	1.5215	state_03	SRPI	-0.44096878504049	IG-D
1	LV3003046980	ST8	8.056	state_03	SRPI	-0.835380692736113	IG-D
1	LV3003046995	ST8	6.9705	state_03	SRPI	-1.02880791407971	IG-D
1	LV3003047010	ST8	13.676	state_03	SRPI	-1.00223013406697	IG-D
1	LV3003047013	ST8	5.885	state_03	SRPI	-0.794970336795206	IG-D
1	LV3003047027	ST8	12.877	state_03	SRPI	-1.06830882116451	IG-D
1	LV3003047045	ST8	3.5865	state_03	SRPI	-0.834723862103118	IG-D
1	LV3003047079	ST8	97.52	state_03	SRPI	-0.556262821185641	IG-D
1	LV3003047080	ST8	87.9935	state_03	SRPI	-0.637459380824394	IG-D
1	LV3003047091	ST8	89.37525	state_03	SRPI	-0.608923998332864	IG-D
1	LV3003047093	ST8	79.675	state_03	SRPI	-0.62997060117642	IG-D
1	LV3003047100	ST8	86.61175	state_03	SRPI	-0.628505553084165	IG-D
1	LV3003047101	ST8	85.23	state_03	SRPI	-0.59246421777835	IG-D
1	LV3003047107	ST8	71.517	state_03	SRPI	-0.725584727785854	IG-D
1	LV3003047133	ST8	70.162	state_03	SRPI	-0.67304514736088	IG-D
1	LV3003047134	ST8	68.807	state_03	SRPI	-0.827404861677594	IG-D
1	LV3003047136	ST8	67.8766	state_03	SRPI	-0.875009146805461	IG-D
1	LV3003047137	ST8	66.9462	state_03	SRPI	-0.611583757095957	IG-D
1	LV3003047138	ST8	66.0158	state_03	SRPI	-0.628887657405133	IG-D
1	LV3003061474	ST13	77.7798	state_03	SRPI	-0.678493895398262	IG-D
1	LV3003061485	ST13	75.7796	state_03	SRPI	-0.788016788352875	IG-D
1	LV3003061500	ST13	148.086	state_03	SRPI	-0.633930948744671	IG-D
1	LV3003061501	ST13	105.5872	state_03	SRPI	-0.370192271802219	IG-D
1	LV3003061503	ST13	73.1472	state_03	SRPI	-0.705364350878749	IG-D
1	LV3003061514	ST13	100.6726	state_03	SRPI	-0.791995472804124	IG-D
1	LV3003061515	ST13	71.0012	state_03	SRPI	-0.852043862611493	IG-D
1	LV3003061528	ST13	95.118	state_03	SRPI	-0.785715059809556	IG-D
1	LV3003061529	ST13	66.015	state_03	SRPI	-0.83241500374966	IG-D
1	LV3003061541	ST13	91.09	state_03	SRPI	-0.744213450384805	IG-D
1	LV3003061543	ST13	62.293	state_03	SRPI	-0.989512997248127	IG-D
1	LV3003061556	ST13	86.6174	state_03	SRPI	-0.728201653031137	IG-D
1	LV3003061557	ST13	58.082	state_03	SRPI	-0.834998537676803	IG-D
1	LV3003061569	ST13	81.6946	state_03	SRPI	-0.731699425585932	IG-D
1	LV7001898088	ST13	6.031	state_03	SRPI	-0.643194155209997	IG-D
1	LV7001898100	ST13	5.659	state_03	SRPI	-0.381406435198135	IG-D
1	LV7008886229	GeoB25202_R2	68.149	state_03	SRPI	-0.558128442864668	IG-D
1	LV7008886695	GeoB25202_R1	95.3875	state_03	SRPI	-0.443544619936838	IG-D
1	LV7008886706	GeoB25202_R1	79.0255	state_03	SRPI	-0.500844008686709	IG-D
1	LV7008886707	GeoB25202_R2	95.3875	state_03	SRPI	-0.416217104407856	IG-D
1	LV7008886708	GeoB25202_R1	109.6305	state_03	SRPI	-0.384129092357349	IG-D
1	LV7008886714	GeoB25202_R1	0.692	state_03	SRPI	-0.432886888686186	IG-D
1	LV7008886718	GeoB25202_R2	79.0255	state_03	SRPI	-0.500054461344044	IG-D
1	LV7008886719	GeoB25202_R1	87.2825	state_03	SRPI	-0.445969667433761	IG-D
1	LV7008886720	GeoB25202_R2	109.6305	state_03	SRPI	-0.467966355632879	IG-D
1	LV7008886726	GeoB25202_R2	0.692	state_03	SRPI	-0.384326836578991	IG-D
1	LV7008886730	GeoB25202_R1	75.351	state_03	SRPI	-0.582584417968997	IG-D
1	LV7008886731	GeoB25202_R2	87.2825	state_03	SRPI	-0.397762578805992	IG-D
1	LV7008886742	GeoB25202_R2	75.351	state_03	SRPI	-0.610644084960234	IG-D
1	LV7008886743	GeoB25202_R1	81.6705	state_03	SRPI	-0.381677832964252	IG-D
1	LV7008886744	GeoB25202_R1	105.5785	state_03	SRPI	-0.29907960798468	IG-D
1	LV7008886754	GeoB25202_R1	71.8895	state_03	SRPI	-0.642600692453862	IG-D
1	LV7008886755	GeoB25202_R2	81.6705	state_03	SRPI	-0.51011466542905	IG-D
1	LV7008886756	GeoB25202_R2	105.5785	state_03	SRPI	-0.421437441689854	IG-D
1	LV7008886766	GeoB25202_R2	71.8895	state_03	SRPI	-0.587955132438921	IG-D
1	LV7008886768	GeoB25202_R1	102.2955	state_03	SRPI	-0.537939709827588	IG-D
1	LV7008886778	GeoB25202_R1	68.149	state_03	SRPI	-0.665280895467204	IG-D
1	LV7008886780	GeoB25202_R2	102.2955	state_03	SRPI	-0.584159831670174	IG-D
2	LV3003047028	ST8	4.753	state_05	OAP	298.16364333163	IG-E
2	LV3003047059	ST8	107.683	state_05	OAP	204.816104671765	IG-E
2	LV3003047060	ST8	106.686	state_05	OAP	464.138214297913	IG-E
2	LV3003047061	ST8	105.689	state_05	OAP	242.511609484728	IG-E
2	LV3003047062	ST8	104.692	state_05	OAP	154.202159851686	IG-E
2	LV3003047063	ST8	103.695	state_05	OAP	60.6703553118014	IG-E
2	LV3003047064	ST8	96.283	state_05	OAP	171.611706205802	IG-E
2	LV3003047065	ST8	53.61018	state_05	OAP	380.855904425272	IG-E
2	LV3003047073	ST8	101.685	state_05	OAP	-35.6100603667914	IG-E
2	LV3003047074	ST8	100.672	state_05	OAP	-107.326652702767	IG-E
2	LV3003047077	ST8	99.7145	state_05	OAP	320.6870496653	IG-E
2	LV3003047078	ST8	98.757	state_05	OAP	102.573551396118	IG-E
2	LV3003047087	ST8	94.9015	state_05	OAP	372.358992341869	IG-E
2	LV3003047088	ST8	93.52	state_05	OAP	253.289484959074	IG-E
2	LV3003047089	ST8	92.1385	state_05	OAP	215.175012025222	IG-E
2	LV3003047090	ST8	90.757	state_05	OAP	204.324997942411	IG-E
2	LV3003047104	ST8	83.84125	state_05	OAP	174.869058336564	IG-E
2	LV3003047105	ST8	82.4525	state_05	OAP	220.3681958622	IG-E
2	LV3003047106	ST8	81.06375	state_05	OAP	253.508858307208	IG-E
2	LV3003047122	ST8	76.951	state_05	OAP	343.786694705115	IG-E
2	LV3003047123	ST8	75.589	state_05	OAP	317.552780974712	IG-E
2	LV3003047124	ST8	74.227	state_05	OAP	290.764392247117	IG-E
2	LV3003047125	ST8	72.872	state_05	OAP	335.300775257887	IG-E
2	LV3003047127	ST8	47.6248	state_05	OAP	412.121620178135	IG-E
2	LV3003047140	ST8	46.0948	state_05	OAP	440.053682798325	IG-E
2	LV3003047141	ST8	39.15347	state_05	OAP	249.786074587806	IG-E
2	LV3003047160	ST8	55.8911266666667	state_05	OAP	149.508528697228	IG-E
2	LV3003047161	ST8	54.98346	state_05	OAP	293.38228683755	IG-E
2	LV3003047162	ST8	102.698	state_05	OAP	24.3959885405776	IG-E
2	LV3003061473	ST13	117.088	state_05	OAP	123.862721899514	IG-E
2	LV3003061489	ST13	112.6068	state_05	OAP	204.663221351435	IG-E
2	LV3003061527	ST13	133.7754	state_05	OAP	265.651457084597	IG-E
2	LV3003061555	ST13	126.443	state_05	OAP	230.713190937884	IG-E
2	LV3003061568	ST13	121.6354	state_05	OAP	223.360686232224	IG-E
2	LV7008886228	GeoB25202_R2	120.0235	state_05	OAP	327.346761887905	IG-E
2	LV7008886741	GeoB25202_R1	58.997	state_05	OAP	320.592279105236	IG-E
2	LV7008886757	GeoB25202_R1	123.1195	state_05	OAP	355.130986366134	IG-E
2	LV7008886769	GeoB25202_R2	123.1195	state_05	OAP	467.454639633562	IG-E
2	LV7008886781	GeoB25202_R1	120.0235	state_05	OAP	356.838285911918	IG-E
2	LV3003047028	ST8	4.753	state_05	MGI	-13.8155105579643	IG-E
2	LV3003047059	ST8	107.683	state_05	MGI	-13.8155105579643	IG-E
2	LV3003047060	ST8	106.686	state_05	MGI	-13.8155105579643	IG-E
2	LV3003047061	ST8	105.689	state_05	MGI	-13.8155105579643	IG-E
2	LV3003047062	ST8	104.692	state_05	MGI	-13.8155105579643	IG-E
2	LV3003047063	ST8	103.695	state_05	MGI	-13.8155105579643	IG-E
2	LV3003047064	ST8	96.283	state_05	MGI	-13.8155105579643	IG-E
2	LV3003047065	ST8	53.61018	state_05	MGI	-13.8155105579643	IG-E
2	LV3003047073	ST8	101.685	state_05	MGI	-13.8155105579643	IG-E
2	LV3003047074	ST8	100.672	state_05	MGI	-13.8155105579643	IG-E
2	LV3003047077	ST8	99.7145	state_05	MGI	-13.8155105579643	IG-E
2	LV3003047078	ST8	98.757	state_05	MGI	-13.8155105579643	IG-E
2	LV3003047087	ST8	94.9015	state_05	MGI	-13.8155105579643	IG-E
2	LV3003047088	ST8	93.52	state_05	MGI	-13.8155105579643	IG-E
2	LV3003047089	ST8	92.1385	state_05	MGI	-13.8155105579643	IG-E
2	LV3003047090	ST8	90.757	state_05	MGI	-13.8155105579643	IG-E
2	LV3003047104	ST8	83.84125	state_05	MGI	-13.8155105579643	IG-E
2	LV3003047105	ST8	82.4525	state_05	MGI	-13.8155105579643	IG-E
2	LV3003047106	ST8	81.06375	state_05	MGI	-13.8155105579643	IG-E
2	LV3003047122	ST8	76.951	state_05	MGI	-13.8155105579643	IG-E
2	LV3003047123	ST8	75.589	state_05	MGI	-13.8155105579643	IG-E
2	LV3003047124	ST8	74.227	state_05	MGI	-13.8155105579643	IG-E
2	LV3003047125	ST8	72.872	state_05	MGI	-13.8155105579643	IG-E
2	LV3003047127	ST8	47.6248	state_05	MGI	-13.8155105579643	IG-E
2	LV3003047140	ST8	46.0948	state_05	MGI	-13.8155105579643	IG-E
2	LV3003047141	ST8	39.15347	state_05	MGI	-13.8155105579643	IG-E
2	LV3003047160	ST8	55.8911266666667	state_05	MGI	-13.8155105579643	IG-E
2	LV3003047161	ST8	54.98346	state_05	MGI	-13.8155105579643	IG-E
2	LV3003047162	ST8	102.698	state_05	MGI	-13.8155105579643	IG-E
2	LV3003061473	ST13	117.088	state_05	MGI	-13.8155105579643	IG-E
2	LV3003061489	ST13	112.6068	state_05	MGI	-13.8155105579643	IG-E
2	LV3003061527	ST13	133.7754	state_05	MGI	-13.8155105579643	IG-E
2	LV3003061555	ST13	126.443	state_05	MGI	-13.8155105579643	IG-E
2	LV3003061568	ST13	121.6354	state_05	MGI	-13.8155105579643	IG-E
2	LV7008886228	GeoB25202_R2	120.0235	state_05	MGI	-13.8155105579643	IG-E
2	LV7008886741	GeoB25202_R1	58.997	state_05	MGI	-13.8155105579643	IG-E
2	LV7008886757	GeoB25202_R1	123.1195	state_05	MGI	-13.8155105579643	IG-E
2	LV7008886769	GeoB25202_R2	123.1195	state_05	MGI	-13.8155105579643	IG-E
2	LV7008886781	GeoB25202_R1	120.0235	state_05	MGI	-13.8155105579643	IG-E
2	LV3003047028	ST8	4.753	state_05	MFI	0	IG-E
2	LV3003047059	ST8	107.683	state_05	MFI	0	IG-E
2	LV3003047060	ST8	106.686	state_05	MFI	0	IG-E
2	LV3003047061	ST8	105.689	state_05	MFI	0	IG-E
2	LV3003047062	ST8	104.692	state_05	MFI	0	IG-E
2	LV3003047063	ST8	103.695	state_05	MFI	0	IG-E
2	LV3003047064	ST8	96.283	state_05	MFI	0	IG-E
2	LV3003047065	ST8	53.61018	state_05	MFI	8.82815015923487	IG-E
2	LV3003047073	ST8	101.685	state_05	MFI	0	IG-E
2	LV3003047074	ST8	100.672	state_05	MFI	0	IG-E
2	LV3003047077	ST8	99.7145	state_05	MFI	0	IG-E
2	LV3003047078	ST8	98.757	state_05	MFI	0	IG-E
2	LV3003047087	ST8	94.9015	state_05	MFI	0	IG-E
2	LV3003047088	ST8	93.52	state_05	MFI	0	IG-E
2	LV3003047089	ST8	92.1385	state_05	MFI	0	IG-E
2	LV3003047090	ST8	90.757	state_05	MFI	0	IG-E
2	LV3003047104	ST8	83.84125	state_05	MFI	0	IG-E
2	LV3003047105	ST8	82.4525	state_05	MFI	0	IG-E
2	LV3003047106	ST8	81.06375	state_05	MFI	0	IG-E
2	LV3003047122	ST8	76.951	state_05	MFI	0	IG-E
2	LV3003047123	ST8	75.589	state_05	MFI	0	IG-E
2	LV3003047124	ST8	74.227	state_05	MFI	0	IG-E
2	LV3003047125	ST8	72.872	state_05	MFI	0	IG-E
2	LV3003047127	ST8	47.6248	state_05	MFI	0	IG-E
2	LV3003047140	ST8	46.0948	state_05	MFI	0	IG-E
2	LV3003047141	ST8	39.15347	state_05	MFI	0	IG-E
2	LV3003047160	ST8	55.8911266666667	state_05	MFI	0	IG-E
2	LV3003047161	ST8	54.98346	state_05	MFI	0	IG-E
2	LV3003047162	ST8	102.698	state_05	MFI	0	IG-E
2	LV3003061473	ST13	117.088	state_05	MFI	0	IG-E
2	LV3003061489	ST13	112.6068	state_05	MFI	0	IG-E
2	LV3003061527	ST13	133.7754	state_05	MFI	0	IG-E
2	LV3003061555	ST13	126.443	state_05	MFI	0	IG-E
2	LV3003061568	ST13	121.6354	state_05	MFI	0	IG-E
2	LV7008886228	GeoB25202_R2	120.0235	state_05	MFI	0	IG-E
2	LV7008886741	GeoB25202_R1	58.997	state_05	MFI	0	IG-E
2	LV7008886757	GeoB25202_R1	123.1195	state_05	MFI	0	IG-E
2	LV7008886769	GeoB25202_R2	123.1195	state_05	MFI	0	IG-E
2	LV7008886781	GeoB25202_R1	120.0235	state_05	MFI	0	IG-E
2	LV3003047028	ST8	4.753	state_05	DCI	-10.7183921365465	IG-E
2	LV3003047059	ST8	107.683	state_05	DCI	-2.8515319245799	IG-E
2	LV3003047060	ST8	106.686	state_05	DCI	-1.92463275060803	IG-E
2	LV3003047061	ST8	105.689	state_05	DCI	-0.709184353832944	IG-E
2	LV3003047062	ST8	104.692	state_05	DCI	-11.6063943218332	IG-E
2	LV3003047063	ST8	103.695	state_05	DCI	-8.32981647327124	IG-E
2	LV3003047064	ST8	96.283	state_05	DCI	-12.4717604643069	IG-E
2	LV3003047065	ST8	53.61018	state_05	DCI	-1.89950456188119	IG-E
2	LV3003047073	ST8	101.685	state_05	DCI	0	IG-E
2	LV3003047074	ST8	100.672	state_05	DCI	0	IG-E
2	LV3003047077	ST8	99.7145	state_05	DCI	-2.23603472221253	IG-E
2	LV3003047078	ST8	98.757	state_05	DCI	-1.1482427267174	IG-E
2	LV3003047087	ST8	94.9015	state_05	DCI	-0.86843854408959	IG-E
2	LV3003047088	ST8	93.52	state_05	DCI	-1.37345721435921	IG-E
2	LV3003047089	ST8	92.1385	state_05	DCI	-1.32280382777283	IG-E
2	LV3003047090	ST8	90.757	state_05	DCI	-1.90893114581423	IG-E
2	LV3003047104	ST8	83.84125	state_05	DCI	-3.10716701890092	IG-E
2	LV3003047105	ST8	82.4525	state_05	DCI	-11.4802270137152	IG-E
2	LV3003047106	ST8	81.06375	state_05	DCI	-1.85364987771016	IG-E
2	LV3003047122	ST8	76.951	state_05	DCI	-3.25235441763796	IG-E
2	LV3003047123	ST8	75.589	state_05	DCI	-11.4309895769915	IG-E
2	LV3003047124	ST8	74.227	state_05	DCI	-1.29585465422427	IG-E
2	LV3003047125	ST8	72.872	state_05	DCI	-1.97004163653563	IG-E
2	LV3003047127	ST8	47.6248	state_05	DCI	-1.89704975770091	IG-E
2	LV3003047140	ST8	46.0948	state_05	DCI	-11.2612350390092	IG-E
2	LV3003047141	ST8	39.15347	state_05	DCI	-12.4562738921749	IG-E
2	LV3003047160	ST8	55.8911266666667	state_05	DCI	1.18841517591904	IG-E
2	LV3003047161	ST8	54.98346	state_05	DCI	0.405446815709524	IG-E
2	LV3003047162	ST8	102.698	state_05	DCI	-11.2213764903763	IG-E
2	LV3003061473	ST13	117.088	state_05	DCI	-1.01115879244646	IG-E
2	LV3003061489	ST13	112.6068	state_05	DCI	-1.81350891288938	IG-E
2	LV3003061527	ST13	133.7754	state_05	DCI	0	IG-E
2	LV3003061555	ST13	126.443	state_05	DCI	-11.1112687692577	IG-E
2	LV3003061568	ST13	121.6354	state_05	DCI	-8.53161383028263	IG-E
2	LV7008886228	GeoB25202_R2	120.0235	state_05	DCI	-2.08477638516222	IG-E
2	LV7008886741	GeoB25202_R1	58.997	state_05	DCI	-0.774386078074295	IG-E
2	LV7008886757	GeoB25202_R1	123.1195	state_05	DCI	-1.68069401608489	IG-E
2	LV7008886769	GeoB25202_R2	123.1195	state_05	DCI	0.039763369858718	IG-E
2	LV7008886781	GeoB25202_R1	120.0235	state_05	DCI	-0.716407101243091	IG-E
2	LV3003047028	ST8	4.753	state_05	MII	-4.21034538389757	IG-E
2	LV3003047059	ST8	107.683	state_05	MII	-2.51246263812156	IG-E
2	LV3003047060	ST8	106.686	state_05	MII	-3.30388287973075	IG-E
2	LV3003047061	ST8	105.689	state_05	MII	-2.8499270287866	IG-E
2	LV3003047062	ST8	104.692	state_05	MII	-2.16675155247353	IG-E
2	LV3003047063	ST8	103.695	state_05	MII	-2.20814253669557	IG-E
2	LV3003047064	ST8	96.283	state_05	MII	-3.06612254221031	IG-E
2	LV3003047065	ST8	53.61018	state_05	MII	-2.39503884194253	IG-E
2	LV3003047073	ST8	101.685	state_05	MII	-1.62563259835408	IG-E
2	LV3003047074	ST8	100.672	state_05	MII	-1.13563246141026	IG-E
2	LV3003047077	ST8	99.7145	state_05	MII	-1.90556658710405	IG-E
2	LV3003047078	ST8	98.757	state_05	MII	-1.6314639745062	IG-E
2	LV3003047087	ST8	94.9015	state_05	MII	-2.32723259711465	IG-E
2	LV3003047088	ST8	93.52	state_05	MII	-2.50732514784344	IG-E
2	LV3003047089	ST8	92.1385	state_05	MII	-2.02797074736327	IG-E
2	LV3003047090	ST8	90.757	state_05	MII	-2.17401010142731	IG-E
2	LV3003047104	ST8	83.84125	state_05	MII	-2.15991486414297	IG-E
2	LV3003047105	ST8	82.4525	state_05	MII	-2.46633641548604	IG-E
2	LV3003047106	ST8	81.06375	state_05	MII	-2.61748337112471	IG-E
2	LV3003047122	ST8	76.951	state_05	MII	-2.64957583380648	IG-E
2	LV3003047123	ST8	75.589	state_05	MII	-3.12995826123462	IG-E
2	LV3003047124	ST8	74.227	state_05	MII	-2.60378507452099	IG-E
2	LV3003047125	ST8	72.872	state_05	MII	-2.74460319869998	IG-E
2	LV3003047127	ST8	47.6248	state_05	MII	-2.23784406630989	IG-E
2	LV3003047140	ST8	46.0948	state_05	MII	-2.57984037332289	IG-E
2	LV3003047141	ST8	39.15347	state_05	MII	-2.0093509129141	IG-E
2	LV3003047160	ST8	55.8911266666667	state_05	MII	-1.51970383473912	IG-E
2	LV3003047161	ST8	54.98346	state_05	MII	-2.75753233251432	IG-E
2	LV3003047162	ST8	102.698	state_05	MII	-1.45876408731931	IG-E
2	LV3003061473	ST13	117.088	state_05	MII	-2.3360126088072	IG-E
2	LV3003061489	ST13	112.6068	state_05	MII	-2.52976497037659	IG-E
2	LV3003061527	ST13	133.7754	state_05	MII	-2.74862401120835	IG-E
2	LV3003061555	ST13	126.443	state_05	MII	-2.5438479432132	IG-E
2	LV3003061568	ST13	121.6354	state_05	MII	-2.1456973374569	IG-E
2	LV7008886228	GeoB25202_R2	120.0235	state_05	MII	-2.71274065818797	IG-E
2	LV7008886741	GeoB25202_R1	58.997	state_05	MII	-1.81860909405818	IG-E
2	LV7008886757	GeoB25202_R1	123.1195	state_05	MII	-2.24676579067985	IG-E
2	LV7008886769	GeoB25202_R2	123.1195	state_05	MII	-2.23413096926833	IG-E
2	LV7008886781	GeoB25202_R1	120.0235	state_05	MII	-2.57004246633125	IG-E
2	LV3003047028	ST8	4.753	state_05	SRPI	-0.496785139410791	IG-E
2	LV3003047059	ST8	107.683	state_05	SRPI	-0.517176903616713	IG-E
2	LV3003047060	ST8	106.686	state_05	SRPI	-0.900779285116539	IG-E
2	LV3003047061	ST8	105.689	state_05	SRPI	-0.669900985099118	IG-E
2	LV3003047062	ST8	104.692	state_05	SRPI	-0.57419565885661	IG-E
2	LV3003047063	ST8	103.695	state_05	SRPI	-0.486183356168907	IG-E
2	LV3003047064	ST8	96.283	state_05	SRPI	-0.142819983428785	IG-E
2	LV3003047065	ST8	53.61018	state_05	SRPI	-0.689319613081508	IG-E
2	LV3003047073	ST8	101.685	state_05	SRPI	-0.344754976466979	IG-E
2	LV3003047074	ST8	100.672	state_05	SRPI	-0.382670735071292	IG-E
2	LV3003047077	ST8	99.7145	state_05	SRPI	-0.464583213377041	IG-E
2	LV3003047078	ST8	98.757	state_05	SRPI	-0.528576537318123	IG-E
2	LV3003047087	ST8	94.9015	state_05	SRPI	-0.804749171863534	IG-E
2	LV3003047088	ST8	93.52	state_05	SRPI	-0.623157940497298	IG-E
2	LV3003047089	ST8	92.1385	state_05	SRPI	-0.444049987002347	IG-E
2	LV3003047090	ST8	90.757	state_05	SRPI	-0.463015196393059	IG-E
2	LV3003047104	ST8	83.84125	state_05	SRPI	-0.442427496304038	IG-E
2	LV3003047105	ST8	82.4525	state_05	SRPI	-0.363617480256709	IG-E
2	LV3003047106	ST8	81.06375	state_05	SRPI	-0.522456132768747	IG-E
2	LV3003047122	ST8	76.951	state_05	SRPI	-0.512010135646267	IG-E
2	LV3003047123	ST8	75.589	state_05	SRPI	-0.423179047165626	IG-E
2	LV3003047124	ST8	74.227	state_05	SRPI	-0.253364469990552	IG-E
2	LV3003047125	ST8	72.872	state_05	SRPI	-0.580075071678723	IG-E
2	LV3003047127	ST8	47.6248	state_05	SRPI	-0.656746283684495	IG-E
2	LV3003047140	ST8	46.0948	state_05	SRPI	-0.774251344358791	IG-E
2	LV3003047141	ST8	39.15347	state_05	SRPI	-0.374167180679174	IG-E
2	LV3003047160	ST8	55.8911266666667	state_05	SRPI	-0.223137705942432	IG-E
2	LV3003047161	ST8	54.98346	state_05	SRPI	-0.734543833452688	IG-E
2	LV3003047162	ST8	102.698	state_05	SRPI	-0.376262189813035	IG-E
2	LV3003061473	ST13	117.088	state_05	SRPI	-0.560284051587328	IG-E
2	LV3003061489	ST13	112.6068	state_05	SRPI	-0.552002515441274	IG-E
2	LV3003061527	ST13	133.7754	state_05	SRPI	-0.479023033220935	IG-E
2	LV3003061555	ST13	126.443	state_05	SRPI	-0.670941584661002	IG-E
2	LV3003061568	ST13	121.6354	state_05	SRPI	-0.552544706949278	IG-E
2	LV7008886228	GeoB25202_R2	120.0235	state_05	SRPI	-0.30337134474715	IG-E
2	LV7008886741	GeoB25202_R1	58.997	state_05	SRPI	-0.831248229219872	IG-E
2	LV7008886757	GeoB25202_R1	123.1195	state_05	SRPI	-0.396829332563339	IG-E
2	LV7008886769	GeoB25202_R2	123.1195	state_05	SRPI	-0.804388465947676	IG-E
2	LV7008886781	GeoB25202_R1	120.0235	state_05	SRPI	-0.433503648499965	IG-E
3	LV3003046936	ST8	22.905	state_01	OAP	484.215775582579	IG-A
3	LV3003046937	ST8	18.598	state_01	OAP	425.114891091073	IG-A
3	LV3003046949	ST8	22.3686666666667	state_01	OAP	418.149164674683	IG-A
3	LV3003046950	ST8	18.099	state_01	OAP	528.480213255676	IG-A
3	LV3003046965	ST8	21.8323333333333	state_01	OAP	469.981715035836	IG-A
3	LV3003046966	ST8	17.373	state_01	OAP	514.782540077968	IG-A
3	LV3003046978	ST8	21.296	state_01	OAP	405.351381351911	IG-A
3	LV3003046979	ST8	16.461	state_01	OAP	399.101712436121	IG-A
3	LV3003046993	ST8	20.719	state_01	OAP	352.506212264959	IG-A
3	LV3003046994	ST8	15.549	state_01	OAP	296.605108814379	IG-A
3	LV3003047009	ST8	20.142	state_01	OAP	317.295802289288	IG-A
3	LV3003047026	ST8	19.565	state_01	OAP	379.176071573212	IG-A
3	LV3003047041	ST8	19.097	state_01	OAP	402.781613304046	IG-A
3	LV3003047099	ST8	25.058	state_01	OAP	486.916842449625	IG-A
3	LV3003047118	ST8	24.528	state_01	OAP	457.705643334595	IG-A
3	LV3003047132	ST8	23.987	state_01	OAP	464.106673223207	IG-A
3	LV3003047145	ST8	23.446	state_01	OAP	383.631913700189	IG-A
3	LV3003061477	ST13	16.726	state_01	OAP	437.284078938784	IG-A
3	LV3003061492	ST13	14.437	state_01	OAP	469.103165546668	IG-A
3	LV3003061506	ST13	11.95	state_01	OAP	430.472046504425	IG-A
3	LV3003061518	ST13	9.804	state_01	OAP	501.812194442165	IG-A
3	LV3003061533	ST13	7.912	state_01	OAP	317.85090308064	IG-A
3	LV3003061546	ST13	7.197	state_01	OAP	287.153652434994	IG-A
3	LV3003061572	ST13	19.099	state_01	OAP	488.488439490672	IG-A
3	LV7001898064	ST13	6.808	state_01	OAP	433.006125494634	IG-A
3	LV7001898076	ST13	6.429	state_01	OAP	438.601989902503	IG-A
3	LV7008886690	GeoB25202_R1	2.324	state_01	OAP	262.984431204014	IG-A
3	LV7008886702	GeoB25202_R2	2.324	state_01	OAP	343.483289802383	IG-A
3	LV7008886727	GeoB25202_R1	16.4375	state_01	OAP	535.752006573208	IG-A
3	LV7008886739	GeoB25202_R2	16.4375	state_01	OAP	526.92219918829	IG-A
3	LV7008886751	GeoB25202_R1	7.1335	state_01	OAP	355.301399540759	IG-A
3	LV7008886763	GeoB25202_R2	7.1335	state_01	OAP	296.187433215104	IG-A
3	LV3003046936	ST8	22.905	state_01	MGI	-5.20441076959169	IG-A
3	LV3003046937	ST8	18.598	state_01	MGI	-13.8155105579643	IG-A
3	LV3003046949	ST8	22.3686666666667	state_01	MGI	-13.8155105579643	IG-A
3	LV3003046950	ST8	18.099	state_01	MGI	-5.61183831656092	IG-A
3	LV3003046965	ST8	21.8323333333333	state_01	MGI	-5.27963762149041	IG-A
3	LV3003046966	ST8	17.373	state_01	MGI	-13.8155105579643	IG-A
3	LV3003046978	ST8	21.296	state_01	MGI	-13.8155105579643	IG-A
3	LV3003046979	ST8	16.461	state_01	MGI	-4.68409877137508	IG-A
3	LV3003046993	ST8	20.719	state_01	MGI	-3.31115355021988	IG-A
3	LV3003046994	ST8	15.549	state_01	MGI	-3.70456796294323	IG-A
3	LV3003047009	ST8	20.142	state_01	MGI	-3.48487153842641	IG-A
3	LV3003047026	ST8	19.565	state_01	MGI	-4.28126814820357	IG-A
3	LV3003047041	ST8	19.097	state_01	MGI	-5.16128491893725	IG-A
3	LV3003047099	ST8	25.058	state_01	MGI	-4.63009591344238	IG-A
3	LV3003047118	ST8	24.528	state_01	MGI	-6.13590587844805	IG-A
3	LV3003047132	ST8	23.987	state_01	MGI	-6.31027938779155	IG-A
3	LV3003047145	ST8	23.446	state_01	MGI	-4.43851548146073	IG-A
3	LV3003061477	ST13	16.726	state_01	MGI	-5.41631933378388	IG-A
3	LV3003061492	ST13	14.437	state_01	MGI	-5.19362313589731	IG-A
3	LV3003061506	ST13	11.95	state_01	MGI	-5.10554341411197	IG-A
3	LV3003061518	ST13	9.804	state_01	MGI	-13.8155105579643	IG-A
3	LV3003061533	ST13	7.912	state_01	MGI	-4.25448527659869	IG-A
3	LV3003061546	ST13	7.197	state_01	MGI	-3.85012192689667	IG-A
3	LV3003061572	ST13	19.099	state_01	MGI	-5.58246461847447	IG-A
3	LV7001898064	ST13	6.808	state_01	MGI	-5.15391162463789	IG-A
3	LV7001898076	ST13	6.429	state_01	MGI	-6.21572253642707	IG-A
3	LV7008886690	GeoB25202_R1	2.324	state_01	MGI	-5.26123415603982	IG-A
3	LV7008886702	GeoB25202_R2	2.324	state_01	MGI	-5.52803595070276	IG-A
3	LV7008886727	GeoB25202_R1	16.4375	state_01	MGI	-6.10249147826736	IG-A
3	LV7008886739	GeoB25202_R2	16.4375	state_01	MGI	-13.8155105579643	IG-A
3	LV7008886751	GeoB25202_R1	7.1335	state_01	MGI	-5.04233846926393	IG-A
3	LV7008886763	GeoB25202_R2	7.1335	state_01	MGI	-4.7369705214489	IG-A
3	LV3003046936	ST8	22.905	state_01	MFI	-2.76449151200716	IG-A
3	LV3003046937	ST8	18.598	state_01	MFI	0	IG-A
3	LV3003046949	ST8	22.3686666666667	state_01	MFI	5.44044279627771	IG-A
3	LV3003046950	ST8	18.099	state_01	MFI	-2.4908768167745	IG-A
3	LV3003046965	ST8	21.8323333333333	state_01	MFI	-2.74710257825644	IG-A
3	LV3003046966	ST8	17.373	state_01	MFI	5.95536314046577	IG-A
3	LV3003046978	ST8	21.296	state_01	MFI	5.40818066701658	IG-A
3	LV3003046979	ST8	16.461	state_01	MFI	-9.13141178658919	IG-A
3	LV3003046993	ST8	20.719	state_01	MFI	-2.96413887201396	IG-A
3	LV3003046994	ST8	15.549	state_01	MFI	-3.69523372489854	IG-A
3	LV3003047009	ST8	20.142	state_01	MFI	-3.15959825774851	IG-A
3	LV3003047026	ST8	19.565	state_01	MFI	-2.58019151345709	IG-A
3	LV3003047041	ST8	19.097	state_01	MFI	-2.68604105961042	IG-A
3	LV3003047099	ST8	25.058	state_01	MFI	-9.18541464452189	IG-A
3	LV3003047118	ST8	24.528	state_01	MFI	-7.67960467951622	IG-A
3	LV3003047132	ST8	23.987	state_01	MFI	-7.50523117017273	IG-A
3	LV3003047145	ST8	23.446	state_01	MFI	-3.49453789370343	IG-A
3	LV3003061477	ST13	16.726	state_01	MFI	-3.55937882010041	IG-A
3	LV3003061492	ST13	14.437	state_01	MFI	-2.88178801420477	IG-A
3	LV3003061506	ST13	11.95	state_01	MFI	-2.74441784527308	IG-A
3	LV3003061518	ST13	9.804	state_01	MFI	4.75994986618361	IG-A
3	LV3003061533	ST13	7.912	state_01	MFI	-2.63323320132927	IG-A
3	LV3003061546	ST13	7.197	state_01	MFI	-4.05386334126112	IG-A
3	LV3003061572	ST13	19.099	state_01	MFI	-2.92228257017722	IG-A
3	LV7001898064	ST13	6.808	state_01	MFI	-3.21805916496164	IG-A
3	LV7001898076	ST13	6.429	state_01	MFI	-1.33677929659251	IG-A
3	LV7008886690	GeoB25202_R1	2.324	state_01	MFI	-8.55427640192445	IG-A
3	LV7008886702	GeoB25202_R2	2.324	state_01	MFI	-8.28747460726151	IG-A
3	LV7008886727	GeoB25202_R1	16.4375	state_01	MFI	-1.57933988127682	IG-A
3	LV7008886739	GeoB25202_R2	16.4375	state_01	MFI	6.32952897257522	IG-A
3	LV7008886751	GeoB25202_R1	7.1335	state_01	MFI	-1.92768263529605	IG-A
3	LV7008886763	GeoB25202_R2	7.1335	state_01	MFI	-1.9429663730113	IG-A
3	LV3003046936	ST8	22.905	state_01	DCI	-1.28002378475341	IG-A
3	LV3003046937	ST8	18.598	state_01	DCI	-1.4800425079701	IG-A
3	LV3003046949	ST8	22.3686666666667	state_01	DCI	-1.41583861666784	IG-A
3	LV3003046950	ST8	18.099	state_01	DCI	-1.32682351544258	IG-A
3	LV3003046965	ST8	21.8323333333333	state_01	DCI	-1.35257888955771	IG-A
3	LV3003046966	ST8	17.373	state_01	DCI	-1.66550266953036	IG-A
3	LV3003046978	ST8	21.296	state_01	DCI	-1.60595082394208	IG-A
3	LV3003046979	ST8	16.461	state_01	DCI	-1.41908135948705	IG-A
3	LV3003046993	ST8	20.719	state_01	DCI	-2.19604960589746	IG-A
3	LV3003046994	ST8	15.549	state_01	DCI	-2.27445926396009	IG-A
3	LV3003047009	ST8	20.142	state_01	DCI	-2.27905299136376	IG-A
3	LV3003047026	ST8	19.565	state_01	DCI	-2.38633240753582	IG-A
3	LV3003047041	ST8	19.097	state_01	DCI	-1.62648785047	IG-A
3	LV3003047099	ST8	25.058	state_01	DCI	-1.74771840441028	IG-A
3	LV3003047118	ST8	24.528	state_01	DCI	-2.12428591242996	IG-A
3	LV3003047132	ST8	23.987	state_01	DCI	-1.41348465466211	IG-A
3	LV3003047145	ST8	23.446	state_01	DCI	-1.68032221629882	IG-A
3	LV3003061477	ST13	16.726	state_01	DCI	-1.48320974283081	IG-A
3	LV3003061492	ST13	14.437	state_01	DCI	-1.47282342783772	IG-A
3	LV3003061506	ST13	11.95	state_01	DCI	-3.12378770189361	IG-A
3	LV3003061518	ST13	9.804	state_01	DCI	-1.84221279140721	IG-A
3	LV3003061533	ST13	7.912	state_01	DCI	-2.65425442795602	IG-A
3	LV3003061546	ST13	7.197	state_01	DCI	-2.56922587595627	IG-A
3	LV3003061572	ST13	19.099	state_01	DCI	-0.838303279451375	IG-A
3	LV7001898064	ST13	6.808	state_01	DCI	-2.30164011066961	IG-A
3	LV7001898076	ST13	6.429	state_01	DCI	-1.45838066318438	IG-A
3	LV7008886690	GeoB25202_R1	2.324	state_01	DCI	-3.09756932646232	IG-A
3	LV7008886702	GeoB25202_R2	2.324	state_01	DCI	-1.95451952174898	IG-A
3	LV7008886727	GeoB25202_R1	16.4375	state_01	DCI	-1.65093641406563	IG-A
3	LV7008886739	GeoB25202_R2	16.4375	state_01	DCI	-1.52972835487068	IG-A
3	LV7008886751	GeoB25202_R1	7.1335	state_01	DCI	-3.01849869815567	IG-A
3	LV7008886763	GeoB25202_R2	7.1335	state_01	DCI	-2.52300058580588	IG-A
3	LV3003046936	ST8	22.905	state_01	MII	-2.5389331568371	IG-A
3	LV3003046937	ST8	18.598	state_01	MII	-2.85954812238232	IG-A
3	LV3003046949	ST8	22.3686666666667	state_01	MII	-2.47151722441396	IG-A
3	LV3003046950	ST8	18.099	state_01	MII	-2.78826298134855	IG-A
3	LV3003046965	ST8	21.8323333333333	state_01	MII	-2.50150352408169	IG-A
3	LV3003046966	ST8	17.373	state_01	MII	-2.49943899626228	IG-A
3	LV3003046978	ST8	21.296	state_01	MII	-2.32448923380546	IG-A
3	LV3003046979	ST8	16.461	state_01	MII	-2.30427355499991	IG-A
3	LV3003046993	ST8	20.719	state_01	MII	-2.47120255864518	IG-A
3	LV3003046994	ST8	15.549	state_01	MII	-2.30226567672456	IG-A
3	LV3003047009	ST8	20.142	state_01	MII	-2.29055823720069	IG-A
3	LV3003047026	ST8	19.565	state_01	MII	-2.35929217107837	IG-A
3	LV3003047041	ST8	19.097	state_01	MII	-2.6617911816772	IG-A
3	LV3003047099	ST8	25.058	state_01	MII	-2.60407703881962	IG-A
3	LV3003047118	ST8	24.528	state_01	MII	-2.71613672460182	IG-A
3	LV3003047132	ST8	23.987	state_01	MII	-2.57545714103351	IG-A
3	LV3003047145	ST8	23.446	state_01	MII	-2.45209093124706	IG-A
3	LV3003061477	ST13	16.726	state_01	MII	-2.6337662143677	IG-A
3	LV3003061492	ST13	14.437	state_01	MII	-2.86831145837266	IG-A
3	LV3003061506	ST13	11.95	state_01	MII	-2.13478798971144	IG-A
3	LV3003061518	ST13	9.804	state_01	MII	-2.88685071832292	IG-A
3	LV3003061533	ST13	7.912	state_01	MII	-1.44850306223633	IG-A
3	LV3003061546	ST13	7.197	state_01	MII	-1.3999913297373	IG-A
3	LV3003061572	ST13	19.099	state_01	MII	-2.5718641427921	IG-A
3	LV7001898064	ST13	6.808	state_01	MII	-2.09400505466333	IG-A
3	LV7001898076	ST13	6.429	state_01	MII	-2.15162713287137	IG-A
3	LV7008886690	GeoB25202_R1	2.324	state_01	MII	-0.833874812886706	IG-A
3	LV7008886702	GeoB25202_R2	2.324	state_01	MII	-1.87577659472766	IG-A
3	LV7008886727	GeoB25202_R1	16.4375	state_01	MII	-2.62713094418909	IG-A
3	LV7008886739	GeoB25202_R2	16.4375	state_01	MII	-2.67740702381411	IG-A
3	LV7008886751	GeoB25202_R1	7.1335	state_01	MII	-1.68035455110348	IG-A
3	LV7008886763	GeoB25202_R2	7.1335	state_01	MII	-0.977018042798636	IG-A
3	LV3003046936	ST8	22.905	state_01	SRPI	-0.854547723495929	IG-A
3	LV3003046937	ST8	18.598	state_01	SRPI	-0.797079147965833	IG-A
3	LV3003046949	ST8	22.3686666666667	state_01	SRPI	-0.740147478535715	IG-A
3	LV3003046950	ST8	18.099	state_01	SRPI	-1.01062515705551	IG-A
3	LV3003046965	ST8	21.8323333333333	state_01	SRPI	-0.870863612214332	IG-A
3	LV3003046966	ST8	17.373	state_01	SRPI	-0.948268115511757	IG-A
3	LV3003046978	ST8	21.296	state_01	SRPI	-0.624404840406384	IG-A
3	LV3003046979	ST8	16.461	state_01	SRPI	-0.800890027000851	IG-A
3	LV3003046993	ST8	20.719	state_01	SRPI	-0.616662961682804	IG-A
3	LV3003046994	ST8	15.549	state_01	SRPI	-0.43725678377392	IG-A
3	LV3003047009	ST8	20.142	state_01	SRPI	-0.294931655855642	IG-A
3	LV3003047026	ST8	19.565	state_01	SRPI	-0.464141109008329	IG-A
3	LV3003047041	ST8	19.097	state_01	SRPI	-0.764041158051843	IG-A
3	LV3003047099	ST8	25.058	state_01	SRPI	-0.729309932119383	IG-A
3	LV3003047118	ST8	24.528	state_01	SRPI	-0.72129674148623	IG-A
3	LV3003047132	ST8	23.987	state_01	SRPI	-0.910236601400379	IG-A
3	LV3003047145	ST8	23.446	state_01	SRPI	-0.532558201454464	IG-A
3	LV3003061477	ST13	16.726	state_01	SRPI	-0.89089546265773	IG-A
3	LV3003061492	ST13	14.437	state_01	SRPI	-0.905084546203968	IG-A
3	LV3003061506	ST13	11.95	state_01	SRPI	-0.823254816211393	IG-A
3	LV3003061518	ST13	9.804	state_01	SRPI	-1.09430986679887	IG-A
3	LV3003061533	ST13	7.912	state_01	SRPI	-0.619454672224085	IG-A
3	LV3003061546	ST13	7.197	state_01	SRPI	-0.542745828892502	IG-A
3	LV3003061572	ST13	19.099	state_01	SRPI	-0.941828467215292	IG-A
3	LV7001898064	ST13	6.808	state_01	SRPI	-0.752991059058528	IG-A
3	LV7001898076	ST13	6.429	state_01	SRPI	-0.809503388797667	IG-A
3	LV7008886690	GeoB25202_R1	2.324	state_01	SRPI	-0.246643119129245	IG-A
3	LV7008886702	GeoB25202_R2	2.324	state_01	SRPI	-0.577239691614116	IG-A
3	LV7008886727	GeoB25202_R1	16.4375	state_01	SRPI	-0.98234364004233	IG-A
3	LV7008886739	GeoB25202_R2	16.4375	state_01	SRPI	-1.02103762994544	IG-A
3	LV7008886751	GeoB25202_R1	7.1335	state_01	SRPI	-0.349185238509975	IG-A
3	LV7008886763	GeoB25202_R2	7.1335	state_01	SRPI	-0.589819676449209	IG-A
4	LV3003047067	ST8	42.86602	state_02	OAP	469.553674257843	IG-B
4	LV3003047068	ST8	37.78969	state_02	OAP	426.804534921821	IG-B
4	LV3003047069	ST8	33.7436870748299	state_02	OAP	504.888446700997	IG-B
4	LV3003047081	ST8	52.20718	state_02	OAP	457.524278939976	IG-B
4	LV3003047082	ST8	41.9168333333333	state_02	OAP	433.02050035531	IG-B
4	LV3003047083	ST8	37.30319	state_02	OAP	452.66964392164	IG-B
4	LV3003047094	ST8	50.6848	state_02	OAP	345.81845129469	IG-B
4	LV3003047095	ST8	40.9751666666667	state_02	OAP	328.45084413654	IG-B
4	LV3003047110	ST8	49.1548	state_02	OAP	422.92485937827	IG-B
4	LV3003047112	ST8	40.0335	state_02	OAP	502.756485894367	IG-B
4	LV3003047126	ST8	64.210824	state_02	OAP	454.349407136929	IG-B
4	LV3003047139	ST8	58.6141266666667	state_02	OAP	467.707727279735	IG-B
4	LV3003047142	ST8	35.5823	state_02	OAP	518.367428669781	IG-B
4	LV3003047146	ST8	63.2667	state_02	OAP	501.734776432917	IG-B
4	LV3003047147	ST8	62.3217	state_02	OAP	444.210825772122	IG-B
4	LV3003047148	ST8	61.3767	state_02	OAP	380.566701304332	IG-B
4	LV3003047149	ST8	60.4317	state_02	OAP	406.571721317252	IG-B
4	LV3003047150	ST8	59.5217933333333	state_02	OAP	443.231358306225	IG-B
4	LV3003047152	ST8	45.00002	state_02	OAP	474.970675088406	IG-B
4	LV3003047153	ST8	38.71393	state_02	OAP	412.661218676076	IG-B
4	LV3003047154	ST8	35.13012	state_02	OAP	482.538903641451	IG-B
4	LV3003047158	ST8	57.70646	state_02	OAP	475.075506402758	IG-B
4	LV3003047159	ST8	56.7987933333333	state_02	OAP	525.71974348595	IG-B
4	LV3003047164	ST8	43.93302	state_02	OAP	478.11077102578	IG-B
4	LV3003047166	ST8	38.27343	state_02	OAP	424.056219175443	IG-B
4	LV3003047167	ST8	34.67812	state_02	OAP	493.54584866359	IG-B
4	LV3003061475	ST13	53.844	state_02	OAP	429.977396366003	IG-B
4	LV3003061486	ST13	52.105	state_02	OAP	426.562974654481	IG-B
4	LV3003061504	ST13	50.268	state_02	OAP	395.833145947036	IG-B
4	LV3003061513	ST13	138.493	state_02	OAP	464.228352127494	IG-B
4	LV3003061516	ST13	48.537	state_02	OAP	366.771060402477	IG-B
4	LV3003061530	ST13	47.046	state_02	OAP	258.445820289202	IG-B
4	LV3003061539	ST13	130.0556	state_02	OAP	400.366536508939	IG-B
4	LV3003061544	ST13	45.122	state_02	OAP	512.016461620744	IG-B
4	LV3003061570	ST13	55.466	state_02	OAP	440.294857989319	IG-B
4	LV7008886221	GeoB25202_R1	50.3555	state_02	OAP	306.90122456496	IG-B
4	LV7008886222	GeoB25202_R1	136.2775	state_02	OAP	376.172408720504	IG-B
4	LV7008886226	GeoB25202_R2	36.607	state_02	OAP	310.983577047026	IG-B
4	LV7008886692	GeoB25202_R1	53.875	state_02	OAP	288.295684598179	IG-B
4	LV7008886704	GeoB25202_R2	53.875	state_02	OAP	295.13543268343	IG-B
4	LV7008886705	GeoB25202_R1	59.738	state_02	OAP	415.087923306121	IG-B
4	LV7008886709	GeoB25202_R1	147.206	state_02	OAP	457.508771661532	IG-B
4	LV7008886717	GeoB25202_R2	59.738	state_02	OAP	439.200351806878	IG-B
4	LV7008886721	GeoB25202_R2	147.206	state_02	OAP	457.860789364411	IG-B
4	LV7008886740	GeoB25202_R1	43.105	state_02	OAP	403.589610672155	IG-B
4	LV7008886745	GeoB25202_R2	136.2775	state_02	OAP	376.899171756065	IG-B
4	LV7008886753	GeoB25202_R2	58.997	state_02	OAP	466.927520483875	IG-B
4	LV7008886765	GeoB25202_R1	58.181	state_02	OAP	402.459881668536	IG-B
4	LV3003047067	ST8	42.86602	state_02	MGI	-13.8155105579643	IG-B
4	LV3003047068	ST8	37.78969	state_02	MGI	-13.8155105579643	IG-B
4	LV3003047069	ST8	33.7436870748299	state_02	MGI	-13.8155105579643	IG-B
4	LV3003047081	ST8	52.20718	state_02	MGI	-13.8155105579643	IG-B
4	LV3003047082	ST8	41.9168333333333	state_02	MGI	-13.8155105579643	IG-B
4	LV3003047083	ST8	37.30319	state_02	MGI	-13.8155105579643	IG-B
4	LV3003047094	ST8	50.6848	state_02	MGI	-13.8155105579643	IG-B
4	LV3003047095	ST8	40.9751666666667	state_02	MGI	-13.8155105579643	IG-B
4	LV3003047110	ST8	49.1548	state_02	MGI	-13.8155105579643	IG-B
4	LV3003047112	ST8	40.0335	state_02	MGI	-13.8155105579643	IG-B
4	LV3003047126	ST8	64.210824	state_02	MGI	-13.8155105579643	IG-B
4	LV3003047139	ST8	58.6141266666667	state_02	MGI	-13.8155105579643	IG-B
4	LV3003047142	ST8	35.5823	state_02	MGI	-13.8155105579643	IG-B
4	LV3003047146	ST8	63.2667	state_02	MGI	-13.8155105579643	IG-B
4	LV3003047147	ST8	62.3217	state_02	MGI	-13.8155105579643	IG-B
4	LV3003047148	ST8	61.3767	state_02	MGI	-13.8155105579643	IG-B
4	LV3003047149	ST8	60.4317	state_02	MGI	-13.8155105579643	IG-B
4	LV3003047150	ST8	59.5217933333333	state_02	MGI	-13.8155105579643	IG-B
4	LV3003047152	ST8	45.00002	state_02	MGI	-13.8155105579643	IG-B
4	LV3003047153	ST8	38.71393	state_02	MGI	-13.8155105579643	IG-B
4	LV3003047154	ST8	35.13012	state_02	MGI	-13.8155105579643	IG-B
4	LV3003047158	ST8	57.70646	state_02	MGI	-13.8155105579643	IG-B
4	LV3003047159	ST8	56.7987933333333	state_02	MGI	-13.8155105579643	IG-B
4	LV3003047164	ST8	43.93302	state_02	MGI	-13.8155105579643	IG-B
4	LV3003047166	ST8	38.27343	state_02	MGI	-13.8155105579643	IG-B
4	LV3003047167	ST8	34.67812	state_02	MGI	-13.8155105579643	IG-B
4	LV3003061475	ST13	53.844	state_02	MGI	-13.8155105579643	IG-B
4	LV3003061486	ST13	52.105	state_02	MGI	-13.8155105579643	IG-B
4	LV3003061504	ST13	50.268	state_02	MGI	-13.8155105579643	IG-B
4	LV3003061513	ST13	138.493	state_02	MGI	-13.8155105579643	IG-B
4	LV3003061516	ST13	48.537	state_02	MGI	-13.8155105579643	IG-B
4	LV3003061530	ST13	47.046	state_02	MGI	-13.8155105579643	IG-B
4	LV3003061539	ST13	130.0556	state_02	MGI	-13.8155105579643	IG-B
4	LV3003061544	ST13	45.122	state_02	MGI	-13.8155105579643	IG-B
4	LV3003061570	ST13	55.466	state_02	MGI	-13.8155105579643	IG-B
4	LV7008886221	GeoB25202_R1	50.3555	state_02	MGI	-13.8155105579643	IG-B
4	LV7008886222	GeoB25202_R1	136.2775	state_02	MGI	-13.8155105579643	IG-B
4	LV7008886226	GeoB25202_R2	36.607	state_02	MGI	-13.8155105579643	IG-B
4	LV7008886692	GeoB25202_R1	53.875	state_02	MGI	-13.8155105579643	IG-B
4	LV7008886704	GeoB25202_R2	53.875	state_02	MGI	-13.8155105579643	IG-B
4	LV7008886705	GeoB25202_R1	59.738	state_02	MGI	-13.8155105579643	IG-B
4	LV7008886709	GeoB25202_R1	147.206	state_02	MGI	-13.8155105579643	IG-B
4	LV7008886717	GeoB25202_R2	59.738	state_02	MGI	-13.8155105579643	IG-B
4	LV7008886721	GeoB25202_R2	147.206	state_02	MGI	-13.8155105579643	IG-B
4	LV7008886740	GeoB25202_R1	43.105	state_02	MGI	-13.8155105579643	IG-B
4	LV7008886745	GeoB25202_R2	136.2775	state_02	MGI	-13.8155105579643	IG-B
4	LV7008886753	GeoB25202_R2	58.997	state_02	MGI	-13.8155105579643	IG-B
4	LV7008886765	GeoB25202_R1	58.181	state_02	MGI	-13.8155105579643	IG-B
4	LV3003047067	ST8	42.86602	state_02	MFI	7.16099494826466	IG-B
4	LV3003047068	ST8	37.78969	state_02	MFI	0	IG-B
4	LV3003047069	ST8	33.7436870748299	state_02	MFI	0	IG-B
4	LV3003047081	ST8	52.20718	state_02	MFI	0	IG-B
4	LV3003047082	ST8	41.9168333333333	state_02	MFI	0	IG-B
4	LV3003047083	ST8	37.30319	state_02	MFI	0	IG-B
4	LV3003047094	ST8	50.6848	state_02	MFI	0	IG-B
4	LV3003047095	ST8	40.9751666666667	state_02	MFI	0	IG-B
4	LV3003047110	ST8	49.1548	state_02	MFI	0	IG-B
4	LV3003047112	ST8	40.0335	state_02	MFI	0	IG-B
4	LV3003047126	ST8	64.210824	state_02	MFI	0	IG-B
4	LV3003047139	ST8	58.6141266666667	state_02	MFI	0	IG-B
4	LV3003047142	ST8	35.5823	state_02	MFI	6.60982094106601	IG-B
4	LV3003047146	ST8	63.2667	state_02	MFI	0	IG-B
4	LV3003047147	ST8	62.3217	state_02	MFI	0	IG-B
4	LV3003047148	ST8	61.3767	state_02	MFI	0	IG-B
4	LV3003047149	ST8	60.4317	state_02	MFI	0	IG-B
4	LV3003047150	ST8	59.5217933333333	state_02	MFI	0	IG-B
4	LV3003047152	ST8	45.00002	state_02	MFI	0	IG-B
4	LV3003047153	ST8	38.71393	state_02	MFI	0	IG-B
4	LV3003047154	ST8	35.13012	state_02	MFI	7.0993532485117	IG-B
4	LV3003047158	ST8	57.70646	state_02	MFI	0	IG-B
4	LV3003047159	ST8	56.7987933333333	state_02	MFI	0	IG-B
4	LV3003047164	ST8	43.93302	state_02	MFI	0	IG-B
4	LV3003047166	ST8	38.27343	state_02	MFI	0	IG-B
4	LV3003047167	ST8	34.67812	state_02	MFI	0	IG-B
4	LV3003061475	ST13	53.844	state_02	MFI	0	IG-B
4	LV3003061486	ST13	52.105	state_02	MFI	0	IG-B
4	LV3003061504	ST13	50.268	state_02	MFI	0	IG-B
4	LV3003061513	ST13	138.493	state_02	MFI	0	IG-B
4	LV3003061516	ST13	48.537	state_02	MFI	0	IG-B
4	LV3003061530	ST13	47.046	state_02	MFI	0	IG-B
4	LV3003061539	ST13	130.0556	state_02	MFI	0	IG-B
4	LV3003061544	ST13	45.122	state_02	MFI	0	IG-B
4	LV3003061570	ST13	55.466	state_02	MFI	6.07667741343887	IG-B
4	LV7008886221	GeoB25202_R1	50.3555	state_02	MFI	0	IG-B
4	LV7008886222	GeoB25202_R1	136.2775	state_02	MFI	0	IG-B
4	LV7008886226	GeoB25202_R2	36.607	state_02	MFI	0	IG-B
4	LV7008886692	GeoB25202_R1	53.875	state_02	MFI	0	IG-B
4	LV7008886704	GeoB25202_R2	53.875	state_02	MFI	0	IG-B
4	LV7008886705	GeoB25202_R1	59.738	state_02	MFI	0	IG-B
4	LV7008886709	GeoB25202_R1	147.206	state_02	MFI	0	IG-B
4	LV7008886717	GeoB25202_R2	59.738	state_02	MFI	0	IG-B
4	LV7008886721	GeoB25202_R2	147.206	state_02	MFI	0	IG-B
4	LV7008886740	GeoB25202_R1	43.105	state_02	MFI	0	IG-B
4	LV7008886745	GeoB25202_R2	136.2775	state_02	MFI	0	IG-B
4	LV7008886753	GeoB25202_R2	58.997	state_02	MFI	0	IG-B
4	LV7008886765	GeoB25202_R1	58.181	state_02	MFI	0	IG-B
4	LV3003047067	ST8	42.86602	state_02	DCI	-1.78835382441717	IG-B
4	LV3003047068	ST8	37.78969	state_02	DCI	-2.11606895303881	IG-B
4	LV3003047069	ST8	33.7436870748299	state_02	DCI	-1.71377702496677	IG-B
4	LV3003047081	ST8	52.20718	state_02	DCI	-1.48457602218159	IG-B
4	LV3003047082	ST8	41.9168333333333	state_02	DCI	-2.00368819670565	IG-B
4	LV3003047083	ST8	37.30319	state_02	DCI	-2.07376223529962	IG-B
4	LV3003047094	ST8	50.6848	state_02	DCI	-1.55755489652833	IG-B
4	LV3003047095	ST8	40.9751666666667	state_02	DCI	-2.04362440443047	IG-B
4	LV3003047110	ST8	49.1548	state_02	DCI	-1.9679671966268	IG-B
4	LV3003047112	ST8	40.0335	state_02	DCI	-1.65793839412569	IG-B
4	LV3003047126	ST8	64.210824	state_02	DCI	-2.00650052675916	IG-B
4	LV3003047139	ST8	58.6141266666667	state_02	DCI	-1.97320511058351	IG-B
4	LV3003047142	ST8	35.5823	state_02	DCI	-1.12982548455569	IG-B
4	LV3003047146	ST8	63.2667	state_02	DCI	-1.97348098146082	IG-B
4	LV3003047147	ST8	62.3217	state_02	DCI	-1.9199443601076	IG-B
4	LV3003047148	ST8	61.3767	state_02	DCI	-1.97040667241014	IG-B
4	LV3003047149	ST8	60.4317	state_02	DCI	-2.12308241109274	IG-B
4	LV3003047150	ST8	59.5217933333333	state_02	DCI	-1.7141416573021	IG-B
4	LV3003047152	ST8	45.00002	state_02	DCI	-1.70495165776766	IG-B
4	LV3003047153	ST8	38.71393	state_02	DCI	-1.9503108576083	IG-B
4	LV3003047154	ST8	35.13012	state_02	DCI	-1.70459934504184	IG-B
4	LV3003047158	ST8	57.70646	state_02	DCI	-1.22500545608482	IG-B
4	LV3003047159	ST8	56.7987933333333	state_02	DCI	-1.46343526271111	IG-B
4	LV3003047164	ST8	43.93302	state_02	DCI	-1.55741887671233	IG-B
4	LV3003047166	ST8	38.27343	state_02	DCI	-1.69828795754911	IG-B
4	LV3003047167	ST8	34.67812	state_02	DCI	-2.0366779304929	IG-B
4	LV3003061475	ST13	53.844	state_02	DCI	-1.66505943335831	IG-B
4	LV3003061486	ST13	52.105	state_02	DCI	-1.70827346731267	IG-B
4	LV3003061504	ST13	50.268	state_02	DCI	-1.12945630762102	IG-B
4	LV3003061513	ST13	138.493	state_02	DCI	-0.890820254240019	IG-B
4	LV3003061516	ST13	48.537	state_02	DCI	-1.47352905903067	IG-B
4	LV3003061530	ST13	47.046	state_02	DCI	-2.07828584331685	IG-B
4	LV3003061539	ST13	130.0556	state_02	DCI	-1.53515563315078	IG-B
4	LV3003061544	ST13	45.122	state_02	DCI	-1.39039086206936	IG-B
4	LV3003061570	ST13	55.466	state_02	DCI	-1.23583797708103	IG-B
4	LV7008886221	GeoB25202_R1	50.3555	state_02	DCI	-2.06264109360982	IG-B
4	LV7008886222	GeoB25202_R1	136.2775	state_02	DCI	-1.40206103562249	IG-B
4	LV7008886226	GeoB25202_R2	36.607	state_02	DCI	-2.36228146820155	IG-B
4	LV7008886692	GeoB25202_R1	53.875	state_02	DCI	-1.95587055891106	IG-B
4	LV7008886704	GeoB25202_R2	53.875	state_02	DCI	-1.92963823830764	IG-B
4	LV7008886705	GeoB25202_R1	59.738	state_02	DCI	-1.65111728282047	IG-B
4	LV7008886709	GeoB25202_R1	147.206	state_02	DCI	-1.5326443449582	IG-B
4	LV7008886717	GeoB25202_R2	59.738	state_02	DCI	-1.72058319076016	IG-B
4	LV7008886721	GeoB25202_R2	147.206	state_02	DCI	-1.81117571885992	IG-B
4	LV7008886740	GeoB25202_R1	43.105	state_02	DCI	-1.87606657568805	IG-B
4	LV7008886745	GeoB25202_R2	136.2775	state_02	DCI	-3.02262995870268	IG-B
4	LV7008886753	GeoB25202_R2	58.997	state_02	DCI	-1.0383426128266	IG-B
4	LV7008886765	GeoB25202_R1	58.181	state_02	DCI	-2.10149401232503	IG-B
4	LV3003047067	ST8	42.86602	state_02	MII	-2.38938143216429	IG-B
4	LV3003047068	ST8	37.78969	state_02	MII	-2.57262700955149	IG-B
4	LV3003047069	ST8	33.7436870748299	state_02	MII	-2.80924011785499	IG-B
4	LV3003047081	ST8	52.20718	state_02	MII	-2.51588159334422	IG-B
4	LV3003047082	ST8	41.9168333333333	state_02	MII	-2.68889269696263	IG-B
4	LV3003047083	ST8	37.30319	state_02	MII	-2.4335523920046	IG-B
4	LV3003047094	ST8	50.6848	state_02	MII	-2.28888341346158	IG-B
4	LV3003047095	ST8	40.9751666666667	state_02	MII	-2.61514955919668	IG-B
4	LV3003047110	ST8	49.1548	state_02	MII	-2.3612089815101	IG-B
4	LV3003047112	ST8	40.0335	state_02	MII	-2.90449701089583	IG-B
4	LV3003047126	ST8	64.210824	state_02	MII	-2.92457554104988	IG-B
4	LV3003047139	ST8	58.6141266666667	state_02	MII	-2.98302623082547	IG-B
4	LV3003047142	ST8	35.5823	state_02	MII	-2.46406832033646	IG-B
4	LV3003047146	ST8	63.2667	state_02	MII	-2.80161036800776	IG-B
4	LV3003047147	ST8	62.3217	state_02	MII	-2.83375783507624	IG-B
4	LV3003047148	ST8	61.3767	state_02	MII	-2.44703933728662	IG-B
4	LV3003047149	ST8	60.4317	state_02	MII	-2.78835481062844	IG-B
4	LV3003047150	ST8	59.5217933333333	state_02	MII	-3.05172870662795	IG-B
4	LV3003047152	ST8	45.00002	state_02	MII	-2.52699891829759	IG-B
4	LV3003047153	ST8	38.71393	state_02	MII	-2.29368135142171	IG-B
4	LV3003047154	ST8	35.13012	state_02	MII	-2.60243439760596	IG-B
4	LV3003047158	ST8	57.70646	state_02	MII	-2.73860481482386	IG-B
4	LV3003047159	ST8	56.7987933333333	state_02	MII	-2.99101436194032	IG-B
4	LV3003047164	ST8	43.93302	state_02	MII	-2.31321923523341	IG-B
4	LV3003047166	ST8	38.27343	state_02	MII	-2.55106948797088	IG-B
4	LV3003047167	ST8	34.67812	state_02	MII	-2.53596939210915	IG-B
4	LV3003061475	ST13	53.844	state_02	MII	-2.8628025270731	IG-B
4	LV3003061486	ST13	52.105	state_02	MII	-3.00886482675983	IG-B
4	LV3003061504	ST13	50.268	state_02	MII	-2.66565509800713	IG-B
4	LV3003061513	ST13	138.493	state_02	MII	-2.4918312250307	IG-B
4	LV3003061516	ST13	48.537	state_02	MII	-2.54043601292359	IG-B
4	LV3003061530	ST13	47.046	state_02	MII	-1.70420208294142	IG-B
4	LV3003061539	ST13	130.0556	state_02	MII	-2.73183128519131	IG-B
4	LV3003061544	ST13	45.122	state_02	MII	-2.46643625458862	IG-B
4	LV3003061570	ST13	55.466	state_02	MII	-2.77946241946382	IG-B
4	LV7008886221	GeoB25202_R1	50.3555	state_02	MII	-2.54523272262969	IG-B
4	LV7008886222	GeoB25202_R1	136.2775	state_02	MII	-2.62276610740358	IG-B
4	LV7008886226	GeoB25202_R2	36.607	state_02	MII	-1.85836688989872	IG-B
4	LV7008886692	GeoB25202_R1	53.875	state_02	MII	-2.81625467507601	IG-B
4	LV7008886704	GeoB25202_R2	53.875	state_02	MII	-2.73113265249696	IG-B
4	LV7008886705	GeoB25202_R1	59.738	state_02	MII	-2.31438646772041	IG-B
4	LV7008886709	GeoB25202_R1	147.206	state_02	MII	-2.78282288486971	IG-B
4	LV7008886717	GeoB25202_R2	59.738	state_02	MII	-2.52494430514571	IG-B
4	LV7008886721	GeoB25202_R2	147.206	state_02	MII	-3.01696106085442	IG-B
4	LV7008886740	GeoB25202_R1	43.105	state_02	MII	-2.73771555484858	IG-B
4	LV7008886745	GeoB25202_R2	136.2775	state_02	MII	-2.83479502344477	IG-B
4	LV7008886753	GeoB25202_R2	58.997	state_02	MII	-3.21732440897077	IG-B
4	LV7008886765	GeoB25202_R1	58.181	state_02	MII	-2.76102588476099	IG-B
4	LV3003047067	ST8	42.86602	state_02	SRPI	-0.876035930364991	IG-B
4	LV3003047068	ST8	37.78969	state_02	SRPI	-0.795477052417075	IG-B
4	LV3003047069	ST8	33.7436870748299	state_02	SRPI	-0.930444283913222	IG-B
4	LV3003047081	ST8	52.20718	state_02	SRPI	-0.762954743387749	IG-B
4	LV3003047082	ST8	41.9168333333333	state_02	SRPI	-0.740560590160003	IG-B
4	LV3003047083	ST8	37.30319	state_02	SRPI	-0.82961882071328	IG-B
4	LV3003047094	ST8	50.6848	state_02	SRPI	-0.672902277423505	IG-B
4	LV3003047095	ST8	40.9751666666667	state_02	SRPI	-0.666963925486338	IG-B
4	LV3003047110	ST8	49.1548	state_02	SRPI	-0.724626518068574	IG-B
4	LV3003047112	ST8	40.0335	state_02	SRPI	-0.969563946512092	IG-B
4	LV3003047126	ST8	64.210824	state_02	SRPI	-0.788814536889874	IG-B
4	LV3003047139	ST8	58.6141266666667	state_02	SRPI	-0.830866484283799	IG-B
4	LV3003047142	ST8	35.5823	state_02	SRPI	-1.0060154633117	IG-B
4	LV3003047146	ST8	63.2667	state_02	SRPI	-0.861026715912001	IG-B
4	LV3003047147	ST8	62.3217	state_02	SRPI	-0.761555985743779	IG-B
4	LV3003047148	ST8	61.3767	state_02	SRPI	-0.674624209921604	IG-B
4	LV3003047149	ST8	60.4317	state_02	SRPI	-0.712167644722437	IG-B
4	LV3003047150	ST8	59.5217933333333	state_02	SRPI	-0.769324709071846	IG-B
4	LV3003047152	ST8	45.00002	state_02	SRPI	-0.856863675405108	IG-B
4	LV3003047153	ST8	38.71393	state_02	SRPI	-0.725213533987747	IG-B
4	LV3003047154	ST8	35.13012	state_02	SRPI	-0.817944244125094	IG-B
4	LV3003047158	ST8	57.70646	state_02	SRPI	-0.800363211935566	IG-B
4	LV3003047159	ST8	56.7987933333333	state_02	SRPI	-0.898490883146562	IG-B
4	LV3003047164	ST8	43.93302	state_02	SRPI	-0.851446388550462	IG-B
4	LV3003047166	ST8	38.27343	state_02	SRPI	-0.745628744810621	IG-B
4	LV3003047167	ST8	34.67812	state_02	SRPI	-0.826523990295002	IG-B
4	LV3003061475	ST13	53.844	state_02	SRPI	-0.877118190184062	IG-B
4	LV3003061486	ST13	52.105	state_02	SRPI	-0.48638065573048	IG-B
4	LV3003061504	ST13	50.268	state_02	SRPI	-0.890636232594163	IG-B
4	LV3003061513	ST13	138.493	state_02	SRPI	-0.99599192274952	IG-B
4	LV3003061516	ST13	48.537	state_02	SRPI	-0.820742042857296	IG-B
4	LV3003061530	ST13	47.046	state_02	SRPI	-0.683110019137912	IG-B
4	LV3003061539	ST13	130.0556	state_02	SRPI	-0.994358680320517	IG-B
4	LV3003061544	ST13	45.122	state_02	SRPI	-1.07939143930415	IG-B
4	LV3003061570	ST13	55.466	state_02	SRPI	-0.855618821315391	IG-B
4	LV7008886221	GeoB25202_R1	50.3555	state_02	SRPI	-0.555899069666366	IG-B
4	LV7008886222	GeoB25202_R1	136.2775	state_02	SRPI	-0.681834437298865	IG-B
4	LV7008886226	GeoB25202_R2	36.607	state_02	SRPI	-0.420605118297009	IG-B
4	LV7008886692	GeoB25202_R1	53.875	state_02	SRPI	-0.822991128612686	IG-B
4	LV7008886704	GeoB25202_R2	53.875	state_02	SRPI	-0.929183732245919	IG-B
4	LV7008886705	GeoB25202_R1	59.738	state_02	SRPI	-0.831287539379244	IG-B
4	LV7008886709	GeoB25202_R1	147.206	state_02	SRPI	-0.785246215322384	IG-B
4	LV7008886717	GeoB25202_R2	59.738	state_02	SRPI	-0.828939789509769	IG-B
4	LV7008886721	GeoB25202_R2	147.206	state_02	SRPI	-0.785163074145866	IG-B
4	LV7008886740	GeoB25202_R1	43.105	state_02	SRPI	-0.48759198930554	IG-B
4	LV7008886745	GeoB25202_R2	136.2775	state_02	SRPI	-0.519826704493726	IG-B
4	LV7008886753	GeoB25202_R2	58.997	state_02	SRPI	-0.808023794220988	IG-B
4	LV7008886765	GeoB25202_R1	58.181	state_02	SRPI	-0.712635301020384	IG-B
5	LV3003047044	ST8	12.078	state_04	OAP	513.257779267218	G-A
5	LV3003047070	ST8	30.128	state_04	OAP	418.2986083543	G-A
5	LV3003047071	ST8	26.141	state_04	OAP	503.884883056924	G-A
5	LV3003047084	ST8	33.276	state_04	OAP	511.311918880376	G-A
5	LV3003047085	ST8	29.703	state_04	OAP	472.309613851617	G-A
5	LV3003047096	ST8	36.89377	state_04	OAP	329.898377013337	G-A
5	LV3003047097	ST8	32.835	state_04	OAP	466.603457311279	G-A
5	LV3003047098	ST8	29.278	state_04	OAP	444.052918782162	G-A
5	LV3003047113	ST8	36.48927	state_04	OAP	391.31251469008	G-A
5	LV3003047114	ST8	32.3855	state_04	OAP	521.457123216669	G-A
5	LV3003047117	ST8	28.7616666666667	state_04	OAP	491.512581467265	G-A
5	LV3003047128	ST8	39.57797	state_04	OAP	439.764968442372	G-A
5	LV3003047129	ST8	36.0373	state_04	OAP	469.877949442605	G-A
5	LV3003047130	ST8	31.936	state_04	OAP	483.100502627062	G-A
5	LV3003047131	ST8	28.2453333333333	state_04	OAP	471.962803624513	G-A
5	LV3003047143	ST8	31.398	state_04	OAP	445.240571595969	G-A
5	LV3003047144	ST8	27.729	state_04	OAP	519.733359206706	G-A
5	LV3003047155	ST8	30.9475	state_04	OAP	395.040569875752	G-A
5	LV3003047156	ST8	27.1996666666667	state_04	OAP	517.600659569889	G-A
5	LV3003047168	ST8	30.497	state_04	OAP	478.357795400345	G-A
5	LV3003047169	ST8	26.6703333333333	state_04	OAP	495.569516517491	G-A
5	LV3003061476	ST13	37.16	state_04	OAP	436.883106980921	G-A
5	LV3003061488	ST13	35.041	state_04	OAP	435.836592330087	G-A
5	LV3003061505	ST13	32.81	state_04	OAP	410.878767624376	G-A
5	LV3003061517	ST13	30.678	state_04	OAP	434.423600006369	G-A
5	LV3003061531	ST13	28.445	state_04	OAP	403.355773497175	G-A
5	LV3003061545	ST13	23.172	state_04	OAP	440.07383056796	G-A
5	LV3003061558	ST13	42.626	state_04	OAP	429.695693518945	G-A
5	LV3003061559	ST13	21.069	state_04	OAP	460.116312985196	G-A
5	LV3003061571	ST13	40.457	state_04	OAP	321.033989218674	G-A
5	LV7008886703	GeoB25202_R1	27.6855	state_04	OAP	461.769951511324	G-A
5	LV7008886715	GeoB25202_R2	27.6855	state_04	OAP	379.095844900918	G-A
5	LV7008886728	GeoB25202_R2	50.3555	state_04	OAP	326.234486835815	G-A
5	LV7008886752	GeoB25202_R2	43.105	state_04	OAP	356.78217846986	G-A
5	LV7008886776	GeoB25202_R1	36.607	state_04	OAP	454.812586550568	G-A
5	LV3003047044	ST8	12.078	state_04	MGI	-13.8155105579643	G-A
5	LV3003047070	ST8	30.128	state_04	MGI	-13.8155105579643	G-A
5	LV3003047071	ST8	26.141	state_04	MGI	-13.8155105579643	G-A
5	LV3003047084	ST8	33.276	state_04	MGI	-13.8155105579643	G-A
5	LV3003047085	ST8	29.703	state_04	MGI	-13.8155105579643	G-A
5	LV3003047096	ST8	36.89377	state_04	MGI	-13.8155105579643	G-A
5	LV3003047097	ST8	32.835	state_04	MGI	-13.8155105579643	G-A
5	LV3003047098	ST8	29.278	state_04	MGI	-13.8155105579643	G-A
5	LV3003047113	ST8	36.48927	state_04	MGI	-13.8155105579643	G-A
5	LV3003047114	ST8	32.3855	state_04	MGI	-13.8155105579643	G-A
5	LV3003047117	ST8	28.7616666666667	state_04	MGI	-13.8155105579643	G-A
5	LV3003047128	ST8	39.57797	state_04	MGI	-4.36680979299676	G-A
5	LV3003047129	ST8	36.0373	state_04	MGI	-5.20393438833838	G-A
5	LV3003047130	ST8	31.936	state_04	MGI	-13.8155105579643	G-A
5	LV3003047131	ST8	28.2453333333333	state_04	MGI	-13.8155105579643	G-A
5	LV3003047143	ST8	31.398	state_04	MGI	-13.8155105579643	G-A
5	LV3003047144	ST8	27.729	state_04	MGI	-13.8155105579643	G-A
5	LV3003047155	ST8	30.9475	state_04	MGI	-13.8155105579643	G-A
5	LV3003047156	ST8	27.1996666666667	state_04	MGI	-13.8155105579643	G-A
5	LV3003047168	ST8	30.497	state_04	MGI	-13.8155105579643	G-A
5	LV3003047169	ST8	26.6703333333333	state_04	MGI	-13.8155105579643	G-A
5	LV3003061476	ST13	37.16	state_04	MGI	-13.8155105579643	G-A
5	LV3003061488	ST13	35.041	state_04	MGI	-5.50141340621541	G-A
5	LV3003061505	ST13	32.81	state_04	MGI	-13.8155105579643	G-A
5	LV3003061517	ST13	30.678	state_04	MGI	-5.29855820778433	G-A
5	LV3003061531	ST13	28.445	state_04	MGI	-5.9476282139265	G-A
5	LV3003061545	ST13	23.172	state_04	MGI	-13.8155105579643	G-A
5	LV3003061558	ST13	42.626	state_04	MGI	-13.8155105579643	G-A
5	LV3003061559	ST13	21.069	state_04	MGI	-5.49904784283198	G-A
5	LV3003061571	ST13	40.457	state_04	MGI	-13.8155105579643	G-A
5	LV7008886703	GeoB25202_R1	27.6855	state_04	MGI	-13.8155105579643	G-A
5	LV7008886715	GeoB25202_R2	27.6855	state_04	MGI	-13.8155105579643	G-A
5	LV7008886728	GeoB25202_R2	50.3555	state_04	MGI	-13.8155105579643	G-A
5	LV7008886752	GeoB25202_R2	43.105	state_04	MGI	-13.8155105579643	G-A
5	LV7008886776	GeoB25202_R1	36.607	state_04	MGI	-13.8155105579643	G-A
5	LV3003047044	ST8	12.078	state_04	MFI	0	G-A
5	LV3003047070	ST8	30.128	state_04	MFI	0	G-A
5	LV3003047071	ST8	26.141	state_04	MFI	0	G-A
5	LV3003047084	ST8	33.276	state_04	MFI	0	G-A
5	LV3003047085	ST8	29.703	state_04	MFI	0	G-A
5	LV3003047096	ST8	36.89377	state_04	MFI	0	G-A
5	LV3003047097	ST8	32.835	state_04	MFI	0	G-A
5	LV3003047098	ST8	29.278	state_04	MFI	0	G-A
5	LV3003047113	ST8	36.48927	state_04	MFI	0	G-A
5	LV3003047114	ST8	32.3855	state_04	MFI	0	G-A
5	LV3003047117	ST8	28.7616666666667	state_04	MFI	0	G-A
5	LV3003047128	ST8	39.57797	state_04	MFI	-9.44870076496751	G-A
5	LV3003047129	ST8	36.0373	state_04	MFI	-8.6115761696259	G-A
5	LV3003047130	ST8	31.936	state_04	MFI	0	G-A
5	LV3003047131	ST8	28.2453333333333	state_04	MFI	0	G-A
5	LV3003047143	ST8	31.398	state_04	MFI	0	G-A
5	LV3003047144	ST8	27.729	state_04	MFI	0	G-A
5	LV3003047155	ST8	30.9475	state_04	MFI	0	G-A
5	LV3003047156	ST8	27.1996666666667	state_04	MFI	0	G-A
5	LV3003047168	ST8	30.497	state_04	MFI	6.359499406167	G-A
5	LV3003047169	ST8	26.6703333333333	state_04	MFI	0	G-A
5	LV3003061476	ST13	37.16	state_04	MFI	0	G-A
5	LV3003061488	ST13	35.041	state_04	MFI	-8.31409715174886	G-A
5	LV3003061505	ST13	32.81	state_04	MFI	0	G-A
5	LV3003061517	ST13	30.678	state_04	MFI	-8.51695235017995	G-A
5	LV3003061531	ST13	28.445	state_04	MFI	-1.95235611336114	G-A
5	LV3003061545	ST13	23.172	state_04	MFI	5.56069586535107	G-A
5	LV3003061558	ST13	42.626	state_04	MFI	0	G-A
5	LV3003061559	ST13	21.069	state_04	MFI	-8.3164627151323	G-A
5	LV3003061571	ST13	40.457	state_04	MFI	0	G-A
5	LV7008886703	GeoB25202_R1	27.6855	state_04	MFI	0	G-A
5	LV7008886715	GeoB25202_R2	27.6855	state_04	MFI	0	G-A
5	LV7008886728	GeoB25202_R2	50.3555	state_04	MFI	0	G-A
5	LV7008886752	GeoB25202_R2	43.105	state_04	MFI	0	G-A
5	LV7008886776	GeoB25202_R1	36.607	state_04	MFI	0	G-A
5	LV3003047044	ST8	12.078	state_04	DCI	-1.86206162142393	G-A
5	LV3003047070	ST8	30.128	state_04	DCI	-2.31890545073956	G-A
5	LV3003047071	ST8	26.141	state_04	DCI	-1.55944364930173	G-A
5	LV3003047084	ST8	33.276	state_04	DCI	-2.00445584715916	G-A
5	LV3003047085	ST8	29.703	state_04	DCI	-2.28128837115748	G-A
5	LV3003047096	ST8	36.89377	state_04	DCI	-1.63132438169253	G-A
5	LV3003047097	ST8	32.835	state_04	DCI	-2.12058788762296	G-A
5	LV3003047098	ST8	29.278	state_04	DCI	-2.38881046455257	G-A
5	LV3003047113	ST8	36.48927	state_04	DCI	-1.67099150177892	G-A
5	LV3003047114	ST8	32.3855	state_04	DCI	-1.76052402593273	G-A
5	LV3003047117	ST8	28.7616666666667	state_04	DCI	-2.03529827623816	G-A
5	LV3003047128	ST8	39.57797	state_04	DCI	-1.74700730564018	G-A
5	LV3003047129	ST8	36.0373	state_04	DCI	-1.52054807632062	G-A
5	LV3003047130	ST8	31.936	state_04	DCI	-1.96143869286375	G-A
5	LV3003047131	ST8	28.2453333333333	state_04	DCI	-1.62406660230675	G-A
5	LV3003047143	ST8	31.398	state_04	DCI	-2.24835592786469	G-A
5	LV3003047144	ST8	27.729	state_04	DCI	-1.56243481133032	G-A
5	LV3003047155	ST8	30.9475	state_04	DCI	-3.13049373508895	G-A
5	LV3003047156	ST8	27.1996666666667	state_04	DCI	-1.5145891414528	G-A
5	LV3003047168	ST8	30.497	state_04	DCI	-2.57108258796158	G-A
5	LV3003047169	ST8	26.6703333333333	state_04	DCI	-1.97411062101454	G-A
5	LV3003061476	ST13	37.16	state_04	DCI	-1.61466707796146	G-A
5	LV3003061488	ST13	35.041	state_04	DCI	-1.5031293153291	G-A
5	LV3003061505	ST13	32.81	state_04	DCI	-1.75618173743817	G-A
5	LV3003061517	ST13	30.678	state_04	DCI	-2.01887493066393	G-A
5	LV3003061531	ST13	28.445	state_04	DCI	-1.8347358529332	G-A
5	LV3003061545	ST13	23.172	state_04	DCI	-1.5971219307398	G-A
5	LV3003061558	ST13	42.626	state_04	DCI	-1.52766824507835	G-A
5	LV3003061559	ST13	21.069	state_04	DCI	-1.80741536630061	G-A
5	LV3003061571	ST13	40.457	state_04	DCI	-2.3430919859301	G-A
5	LV7008886703	GeoB25202_R1	27.6855	state_04	DCI	-1.72565175607285	G-A
5	LV7008886715	GeoB25202_R2	27.6855	state_04	DCI	-1.81729438776033	G-A
5	LV7008886728	GeoB25202_R2	50.3555	state_04	DCI	-1.59668582524026	G-A
5	LV7008886752	GeoB25202_R2	43.105	state_04	DCI	-2.17106827710112	G-A
5	LV7008886776	GeoB25202_R1	36.607	state_04	DCI	-1.79423369729441	G-A
5	LV3003047044	ST8	12.078	state_04	MII	-2.41127860014024	G-A
5	LV3003047070	ST8	30.128	state_04	MII	-2.40764465229501	G-A
5	LV3003047071	ST8	26.141	state_04	MII	-2.26641939382549	G-A
5	LV3003047084	ST8	33.276	state_04	MII	-2.89728129252532	G-A
5	LV3003047085	ST8	29.703	state_04	MII	-2.35837085009709	G-A
5	LV3003047096	ST8	36.89377	state_04	MII	-2.25901171697296	G-A
5	LV3003047097	ST8	32.835	state_04	MII	-2.60940096573813	G-A
5	LV3003047098	ST8	29.278	state_04	MII	-2.22435982454801	G-A
5	LV3003047113	ST8	36.48927	state_04	MII	-2.31452997258822	G-A
5	LV3003047114	ST8	32.3855	state_04	MII	-2.95823478990408	G-A
5	LV3003047117	ST8	28.7616666666667	state_04	MII	-2.63193312082737	G-A
5	LV3003047128	ST8	39.57797	state_04	MII	-2.37469696115794	G-A
5	LV3003047129	ST8	36.0373	state_04	MII	-2.34172322349198	G-A
5	LV3003047130	ST8	31.936	state_04	MII	-2.67980421426866	G-A
5	LV3003047131	ST8	28.2453333333333	state_04	MII	-2.4098622818825	G-A
5	LV3003047143	ST8	31.398	state_04	MII	-2.64069531181862	G-A
5	LV3003047144	ST8	27.729	state_04	MII	-2.34169830374918	G-A
5	LV3003047155	ST8	30.9475	state_04	MII	-1.94044772967763	G-A
5	LV3003047156	ST8	27.1996666666667	state_04	MII	-2.51372312469219	G-A
5	LV3003047168	ST8	30.497	state_04	MII	-2.14306705809354	G-A
5	LV3003047169	ST8	26.6703333333333	state_04	MII	-2.29035936127935	G-A
5	LV3003061476	ST13	37.16	state_04	MII	-2.69356386289588	G-A
5	LV3003061488	ST13	35.041	state_04	MII	-2.56326255632779	G-A
5	LV3003061505	ST13	32.81	state_04	MII	-2.26290213903962	G-A
5	LV3003061517	ST13	30.678	state_04	MII	-2.41016081751478	G-A
5	LV3003061531	ST13	28.445	state_04	MII	-2.37648848380016	G-A
5	LV3003061545	ST13	23.172	state_04	MII	-2.44519827697731	G-A
5	LV3003061558	ST13	42.626	state_04	MII	-2.48194540846583	G-A
5	LV3003061559	ST13	21.069	state_04	MII	-2.53159578886043	G-A
5	LV3003061571	ST13	40.457	state_04	MII	-2.11616408802228	G-A
5	LV7008886703	GeoB25202_R1	27.6855	state_04	MII	-2.34781123822127	G-A
5	LV7008886715	GeoB25202_R2	27.6855	state_04	MII	-2.07223878202205	G-A
5	LV7008886728	GeoB25202_R2	50.3555	state_04	MII	-2.51284076577714	G-A
5	LV7008886752	GeoB25202_R2	43.105	state_04	MII	-2.59036187648741	G-A
5	LV7008886776	GeoB25202_R1	36.607	state_04	MII	-2.62758962853707	G-A
5	LV3003047044	ST8	12.078	state_04	SRPI	-1.0702427250312	G-A
5	LV3003047070	ST8	30.128	state_04	SRPI	-0.68338466884736	G-A
5	LV3003047071	ST8	26.141	state_04	SRPI	-0.858134981743321	G-A
5	LV3003047084	ST8	33.276	state_04	SRPI	-0.905077446643353	G-A
5	LV3003047085	ST8	29.703	state_04	SRPI	-0.76495737782271	G-A
5	LV3003047096	ST8	36.89377	state_04	SRPI	-0.628044746772718	G-A
5	LV3003047097	ST8	32.835	state_04	SRPI	-0.806165445907951	G-A
5	LV3003047098	ST8	29.278	state_04	SRPI	-0.689352336827342	G-A
5	LV3003047113	ST8	36.48927	state_04	SRPI	-0.711589646345751	G-A
5	LV3003047114	ST8	32.3855	state_04	SRPI	-0.95223127239043	G-A
5	LV3003047117	ST8	28.7616666666667	state_04	SRPI	-0.848220780974077	G-A
5	LV3003047128	ST8	39.57797	state_04	SRPI	-0.74964229703238	G-A
5	LV3003047129	ST8	36.0373	state_04	SRPI	-0.836515961793103	G-A
5	LV3003047130	ST8	31.936	state_04	SRPI	-0.905876802204597	G-A
5	LV3003047131	ST8	28.2453333333333	state_04	SRPI	-0.779288418488446	G-A
5	LV3003047143	ST8	31.398	state_04	SRPI	-0.739308539338594	G-A
5	LV3003047144	ST8	27.729	state_04	SRPI	-0.866040675895935	G-A
5	LV3003047155	ST8	30.9475	state_04	SRPI	-0.505192839094628	G-A
5	LV3003047156	ST8	27.1996666666667	state_04	SRPI	-0.914548005923147	G-A
5	LV3003047168	ST8	30.497	state_04	SRPI	-0.753051748241801	G-A
5	LV3003047169	ST8	26.6703333333333	state_04	SRPI	-0.810345665470399	G-A
5	LV3003061476	ST13	37.16	state_04	SRPI	-0.882947696386316	G-A
5	LV3003061488	ST13	35.041	state_04	SRPI	-0.900187651493649	G-A
5	LV3003061505	ST13	32.81	state_04	SRPI	-0.858105674450898	G-A
5	LV3003061517	ST13	30.678	state_04	SRPI	-0.84291892026322	G-A
5	LV3003061531	ST13	28.445	state_04	SRPI	-0.780006183321284	G-A
5	LV3003061545	ST13	23.172	state_04	SRPI	-0.804390495884477	G-A
5	LV3003061558	ST13	42.626	state_04	SRPI	-0.922000228132684	G-A
5	LV3003061559	ST13	21.069	state_04	SRPI	-0.776339059280332	G-A
5	LV3003061571	ST13	40.457	state_04	SRPI	-0.669205403165552	G-A
5	LV7008886703	GeoB25202_R1	27.6855	state_04	SRPI	-0.70094972154551	G-A
5	LV7008886715	GeoB25202_R2	27.6855	state_04	SRPI	-0.724213576433727	G-A
5	LV7008886728	GeoB25202_R2	50.3555	state_04	SRPI	-0.917662312632418	G-A
5	LV7008886752	GeoB25202_R2	43.105	state_04	SRPI	-0.652730978906389	G-A
5	LV7008886776	GeoB25202_R1	36.607	state_04	SRPI	-0.927835878928865	G-A
