sample	OAP	MGI	MFI	DCI	MII	SRPI	tea_mode	n_taxa_input	n_taxa_with_comp	n_taxa_with_ko	n_taxa_with_oap	weight_supported_comp	weight_supported_ko	weight_supported_oap	nondmg_total_reads	nondmg_n_taxa	core	age_kyr	state	state_label
LV3003046936	-113.669996008418	-13.8155105579643	6.89144304053209	-3.64600280508002	-0.791884995893366	-0.459067914541006	ko	294	218	138	177	0.945377200315931	0.557364101190284	0.854138279839079	866012	294	ST8	22.905	3	IG-A
LV3003046937	79.97242407173	-13.8155105579643	6.9638033978875	-2.53875576062083	-1.53899671348799	-0.398434596719464	ko	205	186	125	157	0.979592495808428	0.697345651934044	0.901380325583523	371579	205	ST8	18.598	3	IG-A
LV3003046938	1.77687353892481	-13.8155105579643	7.43575955468177	-2.58001659771022	0.155500774140632	0.0859138237051002	ko	389	264	201	227	0.939480188393899	0.779091301905544	0.913360411355485	2314300	389	ST8	11.169	1	IG-D
LV3003046939	-4.25867854282421	-13.8155105579643	8.83185644471123	-1.69265267506388	1.01338715409267	0.0225319950858374	ko	782	510	438	428	0.963701391078474	0.772942004281952	0.909281581202451	3326987	782	ST8	2.42	1	IG-D
LV3003046949	-119.485767707936	-5.17612020941174	-1.60081185771433	-3.05076827317091	-0.961444937070873	-0.356914603661464	ko	296	227	145	180	0.951382403624876	0.587651677484217	0.838822909690422	643553	296	ST8	22.3686666666667	3	IG-A
LV3003046950	-16.1721567732881	-13.8155105579643	6.77605303018906	-2.32746141935887	-1.46960130789973	-0.5771973939123	ko	229	196	132	165	0.87256298398526	0.543026769869198	0.817454119135658	559547	229	ST8	18.099	3	IG-A
LV3003046952	-52.2440472333114	-13.8155105579643	7.52770018062027	-2.37866700972871	-1.21679667889551	-0.147304581181277	ko	343	262	191	215	0.933930409236354	0.691831178308789	0.884604984936659	2137640	343	ST8	10.26	1	IG-D
LV3003046953	107.113702546429	-13.8155105579643	8.51670679524992	-1.92595011220956	0.739139070504544	0.134199599287074	ko	826	523	465	438	0.968717322226725	0.867541591836652	0.934521927622677	4443961	826	ST8	1.5215	1	IG-D
LV3003046965	-76.1832094166095	-13.8155105579643	7.24346720581533	-2.72368584083958	-1.49548477260285	-0.374419397148126	ko	333	261	175	211	0.959312900857441	0.59469661058429	0.864246988815127	907118	333	ST8	21.8323333333333	3	IG-A
LV3003046966	-75.077732716585	-3.57108840560494	-1.29331790466179	-1.93637491590431	-1.40482791957893	-0.492341166675393	ko	261	212	148	176	0.952086955824966	0.553672305066547	0.878666896369362	499196	261	ST8	17.373	3	IG-A
LV3003046978	-60.8104632492369	-5.12425456986276	-1.49322104781046	-2.21797494569372	-1.50004559623573	-0.405505363570414	ko	347	263	169	200	0.93610732405069	0.580298873566815	0.835760621773238	715888	347	ST8	21.296	3	IG-A
LV3003046979	-38.0093312610552	-3.2661144475429	-3.16812326214535	-2.41566636474804	-1.50545881513262	-0.417506151505282	ko	291	236	162	188	0.952420189079586	0.670521735267426	0.872271853204178	945422	291	ST8	16.461	3	IG-A
LV3003046980	-40.0532311327027	-13.8155105579643	0	-2.5375320013326	-0.252620676082389	-0.149038485624652	ko	412	308	238	254	0.976512646319468	0.719142445997856	0.847228615739419	2413469	412	ST8	8.056	1	IG-D
LV3003046993	-19.0580818109111	-4.52542319486553	1.30845057754009	-2.12646759320909	-1.38740169559575	-0.126881869074301	ko	423	250	170	197	0.920931285582185	0.613234915737565	0.815227686662165	1780034	423	ST8	20.719	3	IG-A
LV3003046994	45.5437298824123	-13.8155105579643	8.73211326312378	-1.69573211301883	-1.46191692923709	-0.664078701307022	ko	302	236	166	194	0.905652830051455	0.611894242232976	0.83370346993322	384993	302	ST8	15.549	3	IG-A
LV3003046995	-40.3108896422216	-13.8155105579643	9.16771554718943	-0.872219007222467	-1.74810725780794	-0.41422728594625	ko	961	468	382	399	0.898858829525345	0.67838674602	0.862741527798544	7952449	961	ST8	6.9705	1	IG-D
LV3003047009	-96.3580351328727	-4.26135506941541	-1.90796147688712	-2.76929462294653	-1.22237819898487	-0.840558872189168	ko	250	186	116	148	0.901310808800436	0.512898160239351	0.797775096285766	604970	250	ST8	20.142	3	IG-A
LV3003047010	-90.3091582257458	-1.93827328871552	-2.80856578170152	-1.4285177105123	-1.57664086379425	-0.539198253556978	ko	609	355	273	301	0.91664766851997	0.683843188656266	0.881507048358203	5461059	609	ST8	13.676	1	IG-D
LV3003047013	-20.4196571503774	-13.8155105579643	6.80738033724206	-2.25083226753695	-0.921120431108132	-0.336299427163766	ko	566	406	310	326	0.961096463698203	0.645124742594239	0.818358519989291	2917087	566	ST8	5.885	1	IG-D
LV3003047026	-77.242022740679	-13.8155105579643	7.42263134825954	-3.25625803198516	-1.51204022132619	-0.608098217141984	ko	416	191	116	140	0.852908548954538	0.514502283879909	0.77202997405789	1272834	416	ST8	19.565	3	IG-A
LV3003047027	-105.132095821375	-2.35355807303283	-3.35528190781626	-2.80681090182497	-1.51982358877274	-0.51512486438919	ko	503	340	245	284	0.913155659399419	0.642952654258104	0.859386629298786	5363608	503	ST8	12.877	1	IG-D
LV3003047028	-35.1592424994729	-13.8155105579643	9.05684648640096	-1.11337951595032	-0.184738114709163	-0.0896942777488926	ko	76	75	53	67	0.998850232519941	0.701963843919065	0.86542587592777	97411	76	ST8	4.753	2	IG-E
LV3003047041	30.5650456327139	-13.8155105579643	7.6234473410353	-2.47406395082428	-1.3700105099825	-0.365109178711806	ko	247	205	139	163	0.980024169474434	0.661180782866884	0.89158149994798	624755	247	ST8	19.097	3	IG-A
LV3003047044	-84.0925362062877	-5.81484293095999	0.824945653627407	-2.30936601691354	-1.49198568908122	-0.667106120362425	ko	239	194	125	156	0.941280249385271	0.552549615038362	0.881254450908993	744230	239	ST8	12.078	5	G-A
LV3003047045	-41.8014051064418	-13.8155105579643	8.523976930311	-1.02920352239654	0.0799375334089634	-0.347108342412058	ko	820	539	455	450	0.949138506190243	0.700002985438847	0.846248168714505	4622436	820	ST8	3.5865	1	IG-D
LV3003047059	-31.0593601759787	-13.8155105579643	0	-2.23449142127994	-1.74032529390092	-0.690777006659039	ko	71	63	38	52	0.964756047560476	0.672439524395244	0.872488724887249	60975	71	ST8	107.683	2	IG-E
LV3003047060	-72.3194114054444	-13.8155105579643	0	-11.0855274113061	-1.58428452675242	-0.653491797967627	ko	68	66	40	57	0.966386297130425	0.603667785080664	0.905379111703513	65271	68	ST8	106.686	2	IG-E
LV3003047061	-97.6080706102225	-13.8155105579643	0	-11.2164032714381	-1.70910397411207	-1.16588003153317	ko	55	52	25	40	0.914266997066279	0.382522999800621	0.76985958016463	35109	55	ST8	105.689	2	IG-E
LV3003047062	169.266574186044	-13.8155105579643	0	-2.14125897270305	-2.06189265939144	-0.860431216123107	ko	44	41	22	32	0.949636782423813	0.574016654854713	0.744950389794472	22576	44	ST8	104.692	2	IG-E
LV3003047063	52.3861731717221	-13.8155105579643	0	-2.68399506643902	-1.63763974484044	-0.852787651576395	ko	44	42	22	31	0.970771653543307	0.580787401574803	0.807937007874016	15875	44	ST8	103.695	2	IG-E
LV3003047064	144.807136424979	-13.8155105579643	0	-11.1740327987515	-1.77009345416364	-0.913182767170541	ko	35	31	18	25	0.932612111688626	0.579838027317781	0.74640396470446	16546	35	ST8	96.283	2	IG-E
LV3003047065	-49.4036764362349	-13.8155105579643	0	-3.635301423619	-1.50931363865474	-0.579287496013679	ko	127	109	71	88	0.954455687129709	0.596544335745385	0.832234057965489	131147	127	ST8	53.61018	2	IG-E
LV3003047067	-31.2245204073517	-13.8155105579643	7.25251542416844	-2.83202063883196	-1.60825912807931	-0.474979919188055	ko	262	224	147	171	0.974273229123629	0.631178843593628	0.862170327778543	697056	262	ST8	42.86602	4	IG-B
LV3003047068	-25.4836166437715	-13.8155105579643	6.49737698421341	-2.55319380494362	-1.5464989855302	-0.476359990706416	ko	154	145	89	119	0.99163832456129	0.666438205589106	0.870816899222801	386645	154	ST8	37.78969	4	IG-B
LV3003047069	-85.7346828603349	-13.8155105579643	6.16561553737801	-2.00764680199271	-1.31960177978562	-0.704580262669539	ko	252	225	142	175	0.957850384151162	0.555977456143288	0.799313958584181	686839	252	ST8	33.7436870748299	4	IG-B
LV3003047070	-99.3196346308892	-13.8155105579643	6.98195442338309	-3.60458485488769	-1.28681260857833	-0.645454653786894	ko	250	213	128	166	0.961130359462971	0.561270543183424	0.847627134097696	526452	250	ST8	30.128	5	G-A
LV3003047071	-143.777045763119	-13.8155105579643	6.93844980098436	-2.54350266896479	-0.700512080004232	-0.484086896507777	ko	231	201	124	159	0.967545484010149	0.58084520882492	0.828916538157436	484401	231	ST8	26.141	5	G-A
LV3003047073	-6.41217350705413	-13.8155105579643	0	-11.6334581791695	-1.72412621725714	-1.33831792300335	ko	34	26	12	21	0.781901121933177	0.361607693256072	0.609296017753668	8111	34	ST8	101.685	2	IG-E
LV3003047074	52.8455371130175	-13.8155105579643	0	-11.9294345980313	-2.43575212052071	-0.849287647488015	ko	27	25	13	21	0.977578001057642	0.599048122686409	0.810153358011634	9455	27	ST8	100.672	2	IG-E
LV3003047077	-86.3200745716176	-13.8155105579643	0	-10.4941231188189	-1.93548865613016	-0.952469379285824	ko	69	62	32	48	0.950091312999155	0.491700057240985	0.796753618447952	73374	69	ST8	99.7145	2	IG-E
LV3003047078	-57.4099912304695	-13.8155105579643	0	-10.4756782868591	-2.0598224292898	-0.829544443756049	ko	61	49	24	39	0.861208817764412	0.563327336680719	0.748355395644819	37243	61	ST8	98.757	2	IG-E
LV3003047079	-28.9844518773743	-13.8155105579643	0	-3.90433923977676	-2.34803920784835	-0.805118139216298	ko	93	86	43	66	0.98275140547028	0.584916461373255	0.832081833112248	253296	93	ST8	97.52	1	IG-D
LV3003047080	-166.939032514962	-13.8155105579643	0	-8.7594283523678	-1.21728995023885	-0.812825804807206	ko	85	77	35	54	0.987920477054128	0.488935226604192	0.753455892335595	287263	85	ST8	87.9935	1	IG-D
LV3003047081	-74.7593895930648	-13.8155105579643	6.73059855214116	-2.2016570037965	-1.42441363398264	-0.555238305563432	ko	156	134	84	109	0.957961045114563	0.593892780992994	0.83605780620706	236376	156	ST8	52.20718	4	IG-B
LV3003047082	-84.2214744582793	-13.8155105579643	6.59419403071875	-1.86561392128728	-1.14314469202738	-0.532274538964526	ko	257	226	146	180	0.976286112560862	0.610033891138756	0.862689687976904	605468	257	ST8	41.9168333333333	4	IG-B
LV3003047083	25.5779127224612	-13.8155105579643	5.99638705948346	-3.72097424637725	-1.56325063597111	-0.47532039629211	ko	199	184	105	138	0.988062213829157	0.693779663891233	0.899043846554854	477643	199	ST8	37.30319	4	IG-B
LV3003047084	-71.9585879446482	-13.8155105579643	6.84067340108979	-2.38098564403356	-1.33860281222763	-0.569996408678166	ko	277	240	162	192	0.974350344960216	0.573467310912923	0.808825532665048	623985	277	ST8	33.276	5	G-A
LV3003047085	-139.753828757871	-13.8155105579643	5.85169664201768	-2.19847078425453	-1.0109691042763	-0.606375561076108	ko	279	236	155	190	0.954494018752021	0.575822984740795	0.861845627090257	754692	279	ST8	29.703	5	G-A
LV3003047087	-84.6271102481542	-13.8155105579643	0	-11.3293123907752	-1.76733710576635	-0.85545112297323	ko	67	62	33	52	0.972273624955293	0.537577557653133	0.8088544015426	64307	67	ST8	94.9015	2	IG-E
LV3003047088	-102.42091826708	-13.8155105579643	0	-11.1535514640623	-1.67930706510873	-0.90016101092066	ko	66	58	29	47	0.962745098039216	0.492915279319275	0.793636699963004	54060	66	ST8	93.52	2	IG-E
LV3003047089	-132.2761125039	-13.8155105579643	0	-1.94480678367932	-2.01892178013718	-0.857327497144962	ko	80	74	40	59	0.988559545427919	0.552064905395115	0.84698611680628	170710	80	ST8	92.1385	2	IG-E
LV3003047090	-127.469443920894	-13.8155105579643	0	-3.30800740162458	-0.453937953903643	-0.760687153820199	ko	76	72	38	55	0.994361111258187	0.608428153144806	0.886062679028099	188867	76	ST8	90.757	2	IG-E
LV3003047091	-174.969891478365	-13.8155105579643	0	-10.5173636917896	-0.580112942886543	-0.994781993790775	ko	76	69	33	55	0.979658487155612	0.42902722243523	0.782432765514597	146056	76	ST8	89.37525	1	IG-D
LV3003047093	-163.603970904593	-13.8155105579643	0	-10.9513173610207	-1.30546127345828	-0.86401420174238	ko	128	118	63	91	0.987201619345492	0.494435192331126	0.841633155963551	295428	128	ST8	79.675	1	IG-D
LV3003047094	-27.6656153292867	-13.8155105579643	6.50942046941298	-3.62932656171188	-1.66025012771723	-0.575746460871972	ko	207	170	108	134	0.969669275738944	0.640980049611748	0.86119279572767	482547	207	ST8	50.6848	4	IG-B
LV3003047095	-45.3392174557812	-13.8155105579643	7.05943561668749	-3.16888399335921	-1.57941887099832	-0.609585821840671	ko	181	156	89	119	0.983657791643673	0.587224010097092	0.846450992498211	366046	181	ST8	40.9751666666667	4	IG-B
LV3003047096	33.5722301902188	-13.8155105579643	6.84634432015269	-1.86125145510169	-1.54342382634492	-0.411438621928468	ko	247	221	139	171	0.986861854862769	0.705502312052506	0.877738570256563	429056	247	ST8	36.89377	5	G-A
LV3003047097	-111.794456327798	-13.8155105579643	5.97689753983261	-2.42112757429164	-0.384121985816372	-0.839499194807958	ko	234	194	125	153	0.840892366618066	0.51435858292693	0.723480156680638	437578	234	ST8	32.835	5	G-A
LV3003047098	-119.982864296102	-13.8155105579643	6.09530066663175	-1.99517197905065	-0.399970059807471	-0.81059958805978	ko	198	165	105	133	0.847053041824166	0.517332603093414	0.746597782874244	408998	198	ST8	29.278	5	G-A
LV3003047099	-102.2274152274	-13.8155105579643	6.96484393991911	-2.28787121744991	-1.05806347770815	-0.43496747484874	ko	192	176	110	141	0.983906380294139	0.593205887772534	0.87947431048537	320189	192	ST8	25.058	3	IG-A
LV3003047100	-132.296153868073	-13.8155105579643	0	-10.1491620269034	-1.00150669090618	-0.748022041974726	ko	130	112	58	81	0.986796855677309	0.582093275837966	0.826234232684181	464965	130	ST8	86.61175	1	IG-D
LV3003047101	-162.181878327199	-13.8155105579643	0	-10.4834975413143	-1.03917265180578	-0.919507604492969	ko	86	78	39	63	0.961439503068353	0.47517423416072	0.75723789936468	120097	86	ST8	85.23	1	IG-D
LV3003047104	-141.796237689555	-13.8155105579643	0	-9.6296508869064	-0.889124108692004	-0.778194109930255	ko	59	57	28	44	0.991896556373541	0.564679233071758	0.825324272577731	74166	59	ST8	83.84125	2	IG-E
LV3003047105	-169.677762504754	-13.8155105579643	0	-2.31047925983108	-1.12547593093766	-0.821418404425527	ko	80	65	32	51	0.952114315809899	0.495474768194481	0.802095605050519	72151	80	ST8	82.4525	2	IG-E
LV3003047106	-164.740961114764	-13.8155105579643	0	-2.21167307023915	-0.9113579507685	-0.857985689875982	ko	105	97	50	74	0.989356229752211	0.490231809824008	0.796558970317836	182736	105	ST8	81.06375	2	IG-E
LV3003047107	-161.859461633476	-13.8155105579643	0	-2.19771537489208	-1.11304111752863	-0.916014891679534	ko	122	118	65	86	0.992433928545484	0.459627035901608	0.799853255263196	275308	122	ST8	71.517	1	IG-D
LV3003047110	-25.5413286790719	-13.8155105579643	0	-3.11859274704424	-1.64415309608305	-0.615156579929269	ko	174	153	95	109	0.975901704701017	0.614753901502961	0.832964277651557	416378	174	ST8	49.1548	4	IG-B
LV3003047112	-51.9036915551811	-13.8155105579643	0	-2.29282234923544	-1.62522304381549	-0.452321171434533	ko	133	122	71	94	0.985991668572224	0.660959936901199	0.870087390513307	301749	133	ST8	40.0335	4	IG-B
LV3003047113	1.2231291412746	-13.8155105579643	6.495604101686	-1.57823073557758	-1.53982972545056	-0.380037827553252	ko	211	190	122	152	0.983540560683118	0.704484109898612	0.881855276702605	457549	211	ST8	36.48927	5	G-A
LV3003047114	-81.7468195391171	-13.8155105579643	6.68804715787145	-4.47579929064856	-1.36408026367892	-0.484869121340902	ko	170	146	88	120	0.962416252870604	0.626442076454609	0.858796751051708	295234	170	ST8	32.3855	5	G-A
LV3003047117	-116.941146989234	-13.8155105579643	6.17029620070445	-2.81268317944166	-1.11429022502959	-0.575614804459684	ko	185	156	99	126	0.949517819037977	0.606184778016056	0.846443500190002	376311	185	ST8	28.7616666666667	5	G-A
LV3003047118	-87.9742454320738	-13.8155105579643	7.49225154010922	-2.13245321128419	-0.981450891294173	-0.280861979233092	ko	313	248	166	197	0.972284955676794	0.580981502242976	0.8420027947203	680569	313	ST8	24.528	3	IG-A
LV3003047122	-191.036006497552	-13.8155105579643	0	-9.09668998809796	-0.914668671502287	-0.933590013281533	ko	50	47	22	38	0.984212501340195	0.431301597512598	0.860512490618634	37308	50	ST8	76.951	2	IG-E
LV3003047123	-171.321028689324	-13.8155105579643	0	-9.91532546084471	-1.00951046425844	-0.926051308375222	ko	43	42	19	36	0.995072446764827	0.484542734792046	0.863319059071977	34094	43	ST8	75.589	2	IG-E
LV3003047124	-161.049293787822	-13.8155105579643	0	-2.56423019166283	-1.11327513868251	-0.855257412541237	ko	60	59	31	49	0.983815466061637	0.472981660049159	0.8819814709775	52890	60	ST8	74.227	2	IG-E
LV3003047125	-146.386262451319	-13.8155105579643	0	-1.12415838109581	-1.14073802112287	-0.898849506527573	ko	95	85	43	58	0.974971017853002	0.494389056341294	0.769719452817065	86260	95	ST8	72.872	2	IG-E
LV3003047126	-98.4979967439493	-13.8155105579643	0	-0.862529554982703	-1.26939806319603	-0.793722276292319	ko	83	79	44	64	0.957875532682542	0.556263529796185	0.829786654685564	146898	83	ST8	64.210824	4	IG-B
LV3003047127	-86.394923139978	-13.8155105579643	6.53426637415784	-2.89174893146552	-1.53148431927915	-0.658777230085605	ko	132	127	76	102	0.971201095207321	0.564479183795215	0.840919607040837	261503	132	ST8	47.6248	2	IG-E
LV3003047128	13.632887506339	-13.8155105579643	0	-1.98715125044292	-1.43371604910877	-0.515993799497789	ko	207	181	118	146	0.962584316642061	0.633735537128924	0.861126836650497	270261	207	ST8	39.57797	5	G-A
LV3003047129	-44.1444758759016	-13.8155105579643	6.57932813804576	-4.62735224151407	-1.56213587052545	-0.461168736283652	ko	167	150	91	122	0.979093776444342	0.644264943457189	0.873562581737057	324975	167	ST8	36.0373	5	G-A
LV3003047130	-105.312721823906	-13.8155105579643	6.38972725253406	-2.21856404034921	-1.28969940270635	-0.54840491290103	ko	175	158	102	131	0.986934678090207	0.585634255582135	0.837628127100204	425554	175	ST8	31.936	5	G-A
LV3003047131	-131.566287450962	-13.8155105579643	5.99675599966017	-3.84702215521073	-0.585818160329447	-0.738301033123376	ko	220	181	108	144	0.892843492956522	0.550458183820559	0.780051841158112	552071	220	ST8	28.2453333333333	5	G-A
LV3003047132	-88.2289103822481	-13.8155105579643	7.41264171760253	-3.37283322143247	-0.478045483426492	-0.211040867852553	ko	255	211	125	160	0.983157690450833	0.620586216356412	0.86376405672165	834743	255	ST8	23.987	3	IG-A
LV3003047133	-144.568283220825	-13.8155105579643	0	-1.95589870693882	-1.1017885011776	-0.878880256037369	ko	112	100	49	73	0.98204306135655	0.4821705198345	0.797174343588839	203988	112	ST8	70.162	1	IG-D
LV3003047134	-135.907828718999	-13.8155105579643	0	-2.70445279360956	-1.08249152996682	-0.902607495619233	ko	123	105	58	75	0.990150050630581	0.462369971462764	0.78025637485041	434520	123	ST8	68.807	1	IG-D
LV3003047136	-147.986103143434	-13.8155105579643	0	-1.91294502603028	-1.2196639031457	-0.894574086883753	ko	108	95	54	71	0.983847540089814	0.465499660802504	0.76572065941658	240273	108	ST8	67.8766	1	IG-D
LV3003047137	-134.419340338207	-13.8155105579643	0	-1.58045037556085	-0.724263132568024	-0.738913330418926	ko	85	82	39	64	0.995180892077514	0.591594965149233	0.898990221359818	156668	85	ST8	66.9462	1	IG-D
LV3003047138	-148.196557311356	-13.8155105579643	0	-2.27171706404506	-0.604934396062897	-0.882604394373857	ko	109	98	53	76	0.973773485300863	0.527247708803905	0.825436387396042	231102	109	ST8	66.0158	1	IG-D
LV3003047139	-120.277099993892	-13.8155105579643	0	-9.37696464017914	-0.628914634746741	-0.830633051951746	ko	85	80	44	68	0.951920563016557	0.620678799908227	0.85223483211414	187419	85	ST8	58.6141266666667	4	IG-B
LV3003047140	-93.0932700789999	-13.8155105579643	0	-10.6624311290038	-1.62142062661675	-0.435885273348047	ko	58	56	34	49	0.982656542313195	0.636601738747662	0.893672279080004	45435	58	ST8	46.0948	2	IG-E
LV3003047141	10.5336515572745	-13.8155105579643	0	-10.0165719666045	-1.69517864122227	-0.482048381721816	ko	44	43	21	35	0.992342515892892	0.644240030822578	0.907965709882489	20764	44	ST8	39.15347	2	IG-E
LV3003047142	-1.18632428567411	-13.8155105579643	6.38170243010738	-2.88960962976313	-1.54061555041674	-0.582959840238278	ko	181	158	101	125	0.947046874519098	0.612572712443446	0.818956018589763	324910	181	ST8	35.5823	4	IG-B
LV3003047143	-94.3952644963441	-13.8155105579643	6.32910035897111	-2.46068444527672	-1.29589049878977	-0.56730034579694	ko	241	209	136	162	0.983606211048907	0.616206904957301	0.857651274467584	615355	241	ST8	31.398	5	G-A
LV3003047144	-143.462647854409	-13.8155105579643	6.38712552416521	-1.92194611179586	-0.967007815589792	-0.595915012377156	ko	228	198	120	152	0.982921285588962	0.578279767126565	0.866516468617912	752340	228	ST8	27.729	5	G-A
LV3003047145	-40.9378093779475	-13.8155105579643	0	-3.31343069450015	-0.799243563713821	-0.76896106075881	ko	144	131	73	102	0.979545190117136	0.570310124943233	0.871029608806452	266441	144	ST8	23.446	3	IG-A
LV3003047146	-132.201327414167	-13.8155105579643	6.14844261203696	-4.25130308774176	-0.805857702395801	-0.731037180059771	ko	141	127	78	106	0.948340695249511	0.529598187162351	0.774706207545827	365394	141	ST8	63.2667	4	IG-B
LV3003047147	-109.889286613273	-13.8155105579643	0	-3.36153212526972	-1.09284349470895	-0.800414389841375	ko	102	96	57	81	0.935113568533819	0.548911438534762	0.794081241556973	159155	102	ST8	62.3217	4	IG-B
LV3003047148	-70.0009876880609	-13.8155105579643	0	-1.35200528764126	-1.39984402393105	-0.744189500367025	ko	109	103	54	83	0.949420285535453	0.622979089403339	0.851011466551987	234857	109	ST8	61.3767	4	IG-B
LV3003047149	-30.6384840601653	-13.8155105579643	0	-2.59264528785079	-1.45785985988292	-0.877205737497605	ko	118	89	54	75	0.78619453752097	0.52428526768613	0.699444769784204	227113	118	ST8	60.4317	4	IG-B
LV3003047150	-104.341106886809	-13.8155105579643	0	-3.39960881897702	-0.662686222548875	-1.1058266753824	ko	120	101	58	84	0.790308667217876	0.476680566292859	0.682118434366801	335021	120	ST8	59.5217933333333	4	IG-B
LV3003047152	-101.766712891898	-13.8155105579643	6.86257642770532	-3.0270737279928	-1.3915519175326	-0.696487695281026	ko	210	181	112	141	0.971679214348088	0.517354116717732	0.775360638828075	720319	210	ST8	45.00002	4	IG-B
LV3003047153	-80.2817205343759	-13.8155105579643	6.35018340254852	-2.62522683509527	-1.32831804189787	-0.633179936576561	ko	210	186	114	147	0.980543796151174	0.552794115270888	0.764550243177301	495112	210	ST8	38.71393	4	IG-B
LV3003047154	-3.5271833072097	-13.8155105579643	6.68742020289246	-3.66059410878661	-1.53761139662407	-0.597366727580787	ko	156	149	90	116	0.992494142302039	0.629640679347431	0.900026195916348	274852	156	ST8	35.13012	4	IG-B
LV3003047155	-81.1960145378295	-13.8155105579643	6.43617476866711	-2.1823017827163	-0.993550221941351	-0.540578200433693	ko	276	225	142	170	0.966183574879227	0.562079114730399	0.864900703577167	384606	276	ST8	30.9475	5	G-A
LV3003047156	-134.317119837248	-13.8155105579643	6.9402784706877	-2.11973440335505	-1.20132193905211	-0.512290569547878	ko	231	203	135	164	0.961340529966529	0.566324333055159	0.869307525955438	445764	231	ST8	27.1996666666667	5	G-A
LV3003047158	-105.916369966031	-13.8155105579643	0	-9.99644843874091	-1.30857715713032	-0.915971244922959	ko	86	81	45	67	0.951408957117143	0.495790324669814	0.746459182898669	223889	86	ST8	57.70646	4	IG-B
LV3003047159	-62.3918683964483	-13.8155105579643	6.13223733354723	-3.87678761761653	-1.56853599750911	-0.687186582249889	ko	103	98	53	77	0.993456277547972	0.598945023010471	0.804197396324976	390909	103	ST8	56.7987933333333	4	IG-B
LV3003047160	-39.0533434739735	-13.8155105579643	0	-11.6409406711929	-3.11550209343408	-0.972644433432211	ko	31	30	16	26	0.991210523125417	0.445959871491786	0.750439473843729	16497	31	ST8	55.8911266666667	2	IG-E
LV3003047161	-7.7295880882983	-13.8155105579643	0	-11.5845705175045	-2.43238861550455	-0.771672678859131	ko	27	26	15	23	0.99100488306348	0.523772809046518	0.776835432193952	11673	27	ST8	54.98346	2	IG-E
LV3003047162	0.633058593209202	-13.8155105579643	0	-2.46224279021079	-2.49231859809611	-0.857759741853923	ko	65	49	29	41	0.765273389450327	0.542702780926654	0.695810520730325	41461	65	ST8	102.698	2	IG-E
LV3003047164	-105.654411341223	-13.8155105579643	6.27004764320906	-3.89750369410369	-1.48094825770413	-0.730213689416413	ko	167	152	93	120	0.987949371572916	0.492119632185324	0.784576966915162	519392	167	ST8	43.93302	4	IG-B
LV3003047166	-36.8177233391872	-13.8155105579643	6.24186846565896	-2.57380355202777	-1.48903482846433	-0.536810174116256	ko	141	130	78	101	0.989189679317328	0.645526260112637	0.839732546151237	297771	141	ST8	38.27343	4	IG-B
LV3003047167	5.8632154586112	-13.8155105579643	6.53634499099964	-3.38175334851652	-1.56417874144796	-0.57450974762483	ko	179	166	105	131	0.958340847068441	0.600804270205936	0.834839085848932	332724	179	ST8	34.67812	4	IG-B
LV3003047168	-88.8557397902591	-13.8155105579643	6.90306321605991	-2.72571290562197	-1.19201402003123	-0.533644065874315	ko	320	274	182	217	0.982492474033445	0.624010591517329	0.897933708449572	634470	320	ST8	30.497	5	G-A
LV3003047169	-141.972818949706	-13.8155105579643	7.29461777902579	-2.239685323927	-0.859017207347123	-0.636861302646041	ko	277	238	158	193	0.973056156099272	0.527273381936932	0.8495318368184	638773	277	ST8	26.6703333333333	5	G-A
LV3003061473	235.324970498568	-13.8155105579643	0	-1.37033101228247	-2.19014017058396	-0.382858041666899	ko	92	80	64	70	0.970643654659531	0.722603082967507	0.900414937759336	99774	92	ST13	117.088	2	IG-E
LV3003061474	113.327279103705	-13.8155105579643	6.18784156356392	-1.71353591838278	-1.43007290573373	-0.312417599804503	ko	190	160	122	132	0.883463000255953	0.62291796454322	0.715509322979297	1035345	190	ST13	77.7798	1	IG-D
LV3003061475	102.244012126338	-13.8155105579643	6.67428981999774	-1.74124979443331	-0.943149993676994	-0.0194518193197549	ko	244	211	166	178	0.990261905820623	0.83726524365317	0.946386692275363	697159	244	ST13	53.844	4	IG-B
LV3003061476	173.667887438281	-13.8155105579643	6.98519698076189	-1.6577835157541	-1.23780706484139	-0.0710927557147725	ko	206	163	119	132	0.973017084598336	0.816063842058889	0.902688228782922	814886	206	ST13	37.16	5	G-A
LV3003061477	417.173594876504	-13.8155105579643	5.7284879951313	0.341661764468977	-0.888994262259427	-1.03607293831528	ko	360	271	203	223	0.829071410708989	0.768329078195667	0.809294713354929	4126776	360	ST13	16.726	3	IG-A
LV3003061485	36.4046698990461	-13.8155105579643	5.41684373396259	-1.41519361281455	-0.909331177144796	-0.245994806366019	ko	343	245	192	208	0.824751725240283	0.640178465943444	0.731490760495646	1438930	343	ST13	75.7796	1	IG-D
LV3003061486	82.0764479600251	-13.8155105579643	6.6991240623176	-2.33217928864488	-1.00505168207307	-0.0737528206172646	ko	176	162	110	125	0.9898141420322	0.788269149871888	0.931188573176794	522980	176	ST13	52.105	4	IG-B
LV3003061488	268.675214897454	-13.8155105579643	5.5023827061894	0.390071946220382	-1.33710997274921	-1.17565409648409	ko	280	200	160	168	0.356737833769998	0.321831019937938	0.345694111526098	2690850	280	ST13	35.041	5	G-A
LV3003061489	227.830892146192	-13.8155105579643	0	-0.888991323807601	-2.10714917112658	-0.415529354810596	ko	204	170	129	134	0.975048209606027	0.655024329140212	0.713654169100802	546053	204	ST13	112.6068	2	IG-E
LV3003061492	20.7898158390839	-13.8155105579643	6.38821006347035	-1.11026438140391	-0.532653260101728	0.0475446307414615	ko	323	242	169	191	0.968834682036314	0.769279644243135	0.924397674327317	1503049	323	ST13	14.437	3	IG-A
LV3003061500	377.211360171297	-13.8155105579643	4.17788394138568	0.320974388606748	-1.45877250608347	-3.87042197840851	ko	293	217	171	183	0.0262238052300347	0.0230200036978619	0.024924239918582	9221545	293	ST13	148.086	1	IG-D
LV3003061501	110.432085014044	-13.8155105579643	6.05546406442228	-1.81863325217215	-1.89472827825883	-0.62828090230577	ko	264	213	162	177	0.984887123723728	0.553744241518559	0.713341499218464	946213	264	ST13	105.5872	1	IG-D
LV3003061503	59.8587083981625	-13.8155105579643	6.35132065152186	-1.52106776187016	-0.978916090423701	-0.190846198546672	ko	313	255	211	218	0.98563070234154	0.648452340032925	0.724435569947718	1326648	313	ST13	73.1472	1	IG-D
LV3003061504	93.508307939354	-13.8155105579643	0	-1.26324565438291	-0.968649856813795	0.0262530215407507	ko	263	226	167	190	0.986319058675994	0.802765776092643	0.917351987381085	1020690	263	ST13	50.268	4	IG-B
LV3003061505	159.518360058001	-13.8155105579643	4.98148933401843	-0.764961103319891	-0.887146931164724	-1.28484621311435	ko	157	109	84	95	0.255037198735281	0.231649555411221	0.250918777018664	1842939	157	ST13	32.81	5	G-A
LV3003061506	153.137772534902	-13.8155105579643	5.07716301130806	-0.732954546561594	-0.704695105040896	-1.36704204190057	ko	607	357	286	301	0.286271131934609	0.238616668769465	0.264137996675366	3162453	607	ST13	11.95	3	IG-A
LV3003061513	620.917840444628	-13.8155105579643	0	-0.0324492432753129	-2.69411811962421	-2.00144926236479	ko	149	116	98	103	0.523457803898134	0.488468326321967	0.513139594623353	465197	149	ST13	138.493	4	IG-B
LV3003061514	52.0580651299177	-13.8155105579643	5.98163450218341	-1.85455537237885	-1.8243980293058	-0.268632357812329	ko	249	193	137	155	0.912525354473634	0.668924852958723	0.804325077114764	1022502	249	ST13	100.6726	1	IG-D
LV3003061515	80.8746543633636	-13.8155105579643	6.23800290290995	-1.50918025911382	-0.615082240106618	0.0178437277286589	ko	316	238	190	196	0.991750155678572	0.838145058082667	0.913533806516548	1339298	316	ST13	71.0012	1	IG-D
LV3003061516	107.430868749993	-13.8155105579643	6.59530023624954	-2.16914730818732	-1.16248795619992	-0.0324482424944991	ko	231	188	149	157	0.988461381222713	0.794784572507214	0.928495806765846	709357	231	ST13	48.537	4	IG-B
LV3003061517	320.435714773912	-13.8155105579643	6.25258042446836	0.291402066261874	-1.03797646878012	-0.913589096554982	ko	215	151	114	128	0.70277847220759	0.62883242209589	0.68655500994569	1756037	215	ST13	30.678	5	G-A
LV3003061518	39.1265736106574	-13.8155105579643	7.04215418801649	-3.14917650593386	-0.365437289980501	0.0116891873485325	ko	330	252	178	198	0.97587665248968	0.742278668023276	0.919724128052107	1424139	330	ST13	9.804	3	IG-A
LV3003061527	313.839207055047	-13.8155105579643	0	0	-2.4752159291501	-0.353639740511027	ko	16	14	12	13	0.958790744806621	0.856105387603445	0.934977199797332	5921	16	ST13	133.7754	2	IG-E
LV3003061528	106.658481051097	-13.8155105579643	5.81603684567924	-2.41408670870055	-0.672075972732852	-0.884815977319487	ko	327	259	205	214	0.589407280001294	0.473628192616476	0.533575245191867	1854670	327	ST13	95.118	1	IG-D
LV3003061529	148.896383775249	-13.8155105579643	5.26730181416107	-0.338794160819047	-0.960997555831201	-1.94092716494281	ko	169	140	112	119	0.124490478662876	0.108487485745873	0.118061702533308	4169845	169	ST13	66.015	1	IG-D
LV3003061530	96.614505540073	-13.8155105579643	6.07553062388246	-0.684600119981487	-1.02419659163685	-0.172361014906687	ko	199	163	121	133	0.898366119637416	0.726375798636045	0.803499276184583	1137721	199	ST13	47.046	4	IG-B
LV3003061531	87.5788246679053	-13.8155105579643	6.30847441175908	-2.623615849672	-0.850505690635721	-0.133316441777582	ko	183	146	104	119	0.842300386053067	0.693432501991544	0.787419572277713	652760	183	ST13	28.445	5	G-A
LV3003061533	116.581048916693	-13.8155105579643	5.47186462708729	-1.55883973023636	-0.274527169782702	-0.488859474710549	ko	407	270	201	219	0.626922732563345	0.50054679406009	0.590414796055408	1563660	407	ST13	7.912	3	IG-A
LV3003061539	266.762941470417	-13.8155105579643	0	-0.690563344937178	-2.15180146876189	-0.409535988937586	ko	164	137	119	121	0.958563175621246	0.769861058898445	0.927038659536761	130343	164	ST13	130.0556	4	IG-B
LV3003061541	92.7709724163278	-13.8155105579643	6.55322936682098	-3.08676450942426	-1.71862935090457	-0.198563233929926	ko	187	162	116	125	0.995290970926644	0.771081793875434	0.900541710058353	990013	187	ST13	91.09	1	IG-D
LV3003061543	83.6930380698018	-13.8155105579643	6.86767061327904	-3.06375008465285	-0.873034784119023	0.104839874954839	ko	152	128	91	104	0.994931038661048	0.882601278251454	0.962098671164717	1039858	152	ST13	62.293	1	IG-D
LV3003061544	59.8569387785494	-13.8155105579643	6.54403961834034	-2.01927302021338	-0.74413468827818	-0.348055711994586	ko	198	175	132	147	0.776586597853241	0.578896972026244	0.675856919318088	910675	198	ST13	45.122	4	IG-B
LV3003061545	352.16026888365	-13.8155105579643	4.01986514827006	0.327225217454314	-1.66266564971017	-2.37270262094677	ko	258	131	101	112	0.146907950374202	0.137174659921821	0.144672460225157	7487396	258	ST13	23.172	5	G-A
LV3003061546	125.473884878285	-13.8155105579643	5.99141061597802	-1.4700906460844	-0.273803560641986	-0.1445982192727	ko	300	219	169	175	0.840317226336857	0.695429160374871	0.794491982454879	667536	300	ST13	7.197	3	IG-A
LV3003061555	235.880779068932	-13.8155105579643	0	-11.3905777001617	-2.63345237294988	-0.423615950488265	ko	56	42	33	40	0.884426568876797	0.72360560714497	0.860590288046371	16907	56	ST13	126.443	2	IG-E
LV3003061556	94.6295417164363	-13.8155105579643	0	-2.2530171243453	-1.55785396286738	-0.246170486912001	ko	183	160	121	133	0.996140633647905	0.774305071033351	0.850645736352675	1275598	183	ST13	86.6174	1	IG-D
LV3003061557	140.309261694371	-13.8155105579643	0	-3.65860233934803	-0.952596032397058	-0.321140935537619	ko	212	161	127	136	0.69687903854803	0.606952138046467	0.661808073964851	702604	212	ST13	58.082	1	IG-D
LV3003061558	252.963795306146	-13.8155105579643	0	0.199708081222646	-1.04181955128953	-0.734006881428462	ko	186	152	118	127	0.553004542399998	0.503015248619975	0.539586080028658	1485118	186	ST13	42.626	5	G-A
LV3003061559	539.142557939061	-13.8155105579643	4.58001138043994	0.356758486000801	-0.995110036888498	-2.37748469126888	ko	293	216	172	184	0.479484131043324	0.464116749010881	0.475806668813335	7537263	293	ST13	21.069	5	G-A
LV3003061568	217.84481121127	-13.8155105579643	0	-0.320224142431976	-2.31350498310807	-0.330075528202747	ko	32	28	22	27	0.912170336317445	0.76207758690217	0.896120654891524	12399	32	ST13	121.6354	2	IG-E
LV3003061569	83.2696075821084	-13.8155105579643	6.80884304989264	-2.42093131088974	-1.60018139440982	-0.106487638877203	ko	186	162	117	136	0.995890636075285	0.781137514701049	0.883044988179763	1010132	186	ST13	81.6946	1	IG-D
LV3003061570	101.557192233345	-13.8155105579643	5.91676269650093	-2.37120500504357	-1.00993184962807	-0.115907208566651	ko	218	172	128	140	0.970462337755834	0.771356836677455	0.893527031445447	666742	218	ST13	55.466	4	IG-B
LV3003061571	354.789322386708	-13.8155105579643	5.39846373071944	0.3094911372346	-1.01010764601688	-1.83780739522878	ko	244	178	136	146	0.283731959137221	0.254591046484846	0.275139554926491	2809109	244	ST13	40.457	5	G-A
LV3003061572	292.924801739552	-13.8155105579643	5.51291102289686	0.439900600665931	-1.15477619667262	-1.19199281301746	ko	331	233	172	191	0.468187197299446	0.413009521169977	0.449985881463434	3449366	331	ST13	19.099	3	IG-A
LV7001898064	259.560991925762	-13.8155105579643	6.89779957301307	-1.55473295019352	-1.09118831604795	-0.1838540284892	ko	600	454	371	393	0.945094413657058	0.807139209752584	0.891696005762109	930215	600	ST13	6.808	3	IG-A
LV7001898076	307.422314427601	-6.66794104346454	-0.24750753667865	-1.55006304665742	-1.12262422682381	-0.163150780741498	ko	772	484	395	409	0.95858855855195	0.858733826976326	0.913920060547934	1458679	772	ST13	6.429	3	IG-A
LV7001898088	336.530143255661	-6.87062379429977	-0.48537540929359	-1.39632258204274	-0.645311821995663	-0.173978967780547	ko	1129	775	697	680	0.937685523011816	0.897156669740088	0.872325720140781	1364386	1129	ST13	6.031	1	IG-D
LV7001898100	286.011896838095	-13.8155105579643	4.0110048638387	-1.51538669386024	-0.0300442125995086	-0.049002060518394	ko	1016	591	556	530	0.891345226958673	0.880901008599689	0.857353066874338	3369424	1016	ST13	5.659	1	IG-D
LV7008886221	44.9186302456693	-13.8155105579643	7.06987193192919	-1.35256634291992	-1.13404713465639	-0.254626546035746	ko	608	494	386	417	0.97524287518906	0.720957792115832	0.907698931065932	882655	608	GeoB25202_R1	50.3555	4	IG-B
LV7008886222	194.63715324555	-13.8155105579643	0	-1.46972895148693	-1.80874136455456	-0.47144414714473	ko	251	218	187	194	0.960377200100736	0.812008562554216	0.924259171167138	142948	251	GeoB25202_R1	136.2775	4	IG-B
LV7008886226	157.649533777092	-13.8155105579643	6.35599919200256	-0.98232071088115	-1.27251365734813	-0.28245579974331	ko	548	409	323	350	0.832844708370617	0.711372325713821	0.783668754575775	614650	548	GeoB25202_R2	36.607	4	IG-B
LV7008886228	308.270829410985	-13.8155105579643	0	-0.549875508686644	-1.7920129867855	-0.365888368486792	ko	60	52	44	49	0.949310657970775	0.841781557004871	0.926442664905473	24226	60	GeoB25202_R2	120.0235	2	IG-E
LV7008886229	40.3055997112084	-13.8155105579643	7.26847335200663	-0.776369066134064	-0.69680556753131	-0.486242227622551	ko	585	398	287	314	0.919876073844467	0.622524133109749	0.824373786415242	649419	585	GeoB25202_R2	68.149	1	IG-D
LV7008886690	333.9872429132	-13.8155105579643	0	-1.83771880988839	-1.59400902621893	-0.182629500360044	ko	703	458	387	397	0.861094618375938	0.784090483602655	0.803587571074774	747804	703	GeoB25202_R1	2.324	3	IG-A
LV7008886692	180.276193134519	-13.8155105579643	5.95441572598886	0.0993387318091085	-0.482279853782914	-0.544582593565681	ko	363	314	250	262	0.783525198680664	0.661857419269296	0.746412718378592	852247	363	GeoB25202_R1	53.875	4	IG-B
LV7008886695	96.961950347516	-13.8155105579643	6.28211992434163	-0.867928045344056	-1.9420904390905	-0.903013491983992	ko	559	394	279	308	0.927337288355779	0.548865074978157	0.82045233977192	392581	559	GeoB25202_R1	95.3875	1	IG-D
LV7008886702	284.780360092494	-13.8155105579643	5.95975461183244	-0.969692593513942	-0.831067713507044	-0.291376907389087	ko	710	449	366	379	0.845863216547827	0.751355263659125	0.80100012813276	1443815	710	GeoB25202_R2	2.324	3	IG-A
LV7008886703	103.244210849546	-13.8155105579643	6.40709069319801	-1.84477736505237	-1.20301833048125	-0.0719271282074249	ko	313	270	209	223	0.959130940189865	0.855285488915336	0.921588663474579	903275	313	GeoB25202_R1	27.6855	5	G-A
LV7008886704	116.551723775545	-13.8155105579643	6.79173796829482	-0.970204277568567	-1.06712642435223	-0.166814141172786	ko	313	286	231	244	0.953555546232589	0.793184678637355	0.905351149521732	476720	313	GeoB25202_R2	53.875	4	IG-B
LV7008886705	150.794736349238	-13.8155105579643	7.11954743188405	-1.34430200811912	-0.854667150813077	-0.831959491044676	ko	392	329	268	283	0.608121288394227	0.47902819837181	0.552530774373697	508540	392	GeoB25202_R1	59.738	4	IG-B
LV7008886706	127.693883525836	-13.8155105579643	6.6693649406881	-1.5490130784113	-0.866698652754124	-0.792911699210345	ko	770	495	382	408	0.787705697642907	0.587026831332903	0.72644659316467	955711	770	GeoB25202_R1	79.0255	1	IG-D
LV7008886707	49.6873374527392	-13.8155105579643	6.08120171361082	-0.980273039370153	-1.61650788243298	-0.88394473343699	ko	479	363	259	289	0.945668208526066	0.564337208817769	0.847803197621925	359955	479	GeoB25202_R2	95.3875	1	IG-D
LV7008886708	29.2544382852848	-13.8155105579643	0	-0.98870806422008	-1.55448238982416	-1.06663387918136	ko	432	326	232	257	0.946838493341666	0.462925460314408	0.849319143310418	332816	432	GeoB25202_R1	109.6305	1	IG-D
LV7008886709	412.14689089439	-13.8155105579643	0	0.381776111333376	-0.893572354812787	-1.36769079630327	ko	155	140	101	112	0.97982164013674	0.908168773105478	0.95543719213913	294573	155	GeoB25202_R1	147.206	4	IG-B
LV7008886714	440.460724563884	-13.8155105579643	6.09781382691924	-1.00518468324771	-0.887454749984466	-0.378609661852391	ko	1074	584	553	522	0.850219861666223	0.836258708039127	0.78627313335207	3216568	1074	GeoB25202_R1	0.692	1	IG-D
LV7008886715	163.229089209959	-6.16128046571376	-0.464181196494302	-2.50522091690092	-1.54332238090928	-0.0817548939333412	ko	359	279	213	226	0.97220757256712	0.779099026963492	0.90004401312438	779313	359	GeoB25202_R2	27.6855	5	G-A
LV7008886717	100.260178405845	-13.8155105579643	6.99044585175303	-1.41757679656463	-0.936500470016147	-0.657678669029204	ko	561	465	359	392	0.716008897684628	0.52571153471724	0.650593845768132	749858	561	GeoB25202_R2	59.738	4	IG-B
LV7008886718	83.6948895671456	-13.8155105579643	5.48980076513438	-1.51868135919416	-0.69088765662354	-0.605807406470931	ko	628	477	370	394	0.956995491187321	0.691928852674856	0.884054888273361	644072	628	GeoB25202_R2	79.0255	1	IG-D
LV7008886719	48.0113242674356	-13.8155105579643	6.73599859368463	-1.27075992469924	-1.06588585043948	-0.658069817054696	ko	592	424	317	343	0.939118173736617	0.625734252646712	0.82601880877743	470206	592	GeoB25202_R1	87.2825	1	IG-D
LV7008886720	130.008631761306	-13.8155105579643	0	-0.835677871809735	-1.48409052683201	-1.05090576909214	ko	662	389	267	299	0.854386200792144	0.4968067763567	0.641849156596808	357006	662	GeoB25202_R2	109.6305	1	IG-D
LV7008886721	44.2167191238555	-13.8155105579643	0	-1.31994217917373	-1.55720127794115	-0.459312298981935	ko	188	170	128	138	0.969996987847694	0.791805958136021	0.915872067472212	202513	188	GeoB25202_R2	147.206	4	IG-B
LV7008886726	437.460405314721	-13.8155105579643	0	-1.01836708645584	-0.88962046492304	-0.619396376059549	ko	849	534	512	476	0.677039467189042	0.66884906838342	0.631063782335615	2815858	849	GeoB25202_R2	0.692	1	IG-D
LV7008886727	54.244856460425	-13.8155105579643	6.49675504594031	-2.3130207673855	-0.724278238999777	-0.0402083020193704	ko	500	394	290	327	0.952155176460647	0.777107889903751	0.895708857806669	1384643	500	GeoB25202_R1	16.4375	3	IG-A
LV7008886728	45.9896194042648	-13.8155105579643	5.77775084935279	-1.96159782457072	-1.23894361724549	0.021703141513519	ko	319	289	224	241	0.993397321126854	0.824924769095247	0.905906098543035	872979	319	GeoB25202_R2	50.3555	5	G-A
LV7008886730	32.0040701880115	-13.8155105579643	7.17029020477761	-1.32923377418865	-0.633358589266292	-0.556670042244099	ko	514	380	276	304	0.950102098683175	0.621404714005093	0.858741566346894	463767	514	GeoB25202_R1	75.351	1	IG-D
LV7008886731	70.9264158146924	-13.8155105579643	7.14057160986258	-1.3317555003593	-1.5247419301212	-0.802915371179813	ko	579	414	295	323	0.904019688269073	0.574479481896535	0.792948411083298	474191	579	GeoB25202_R2	87.2825	1	IG-D
LV7008886739	50.4778026277032	-13.8155105579643	6.52313401474684	-1.97093246851453	-0.706544524173574	0.0919639255474031	ko	492	364	274	301	0.983110777226832	0.828629337602387	0.935535548013999	1828977	492	GeoB25202_R2	16.4375	3	IG-A
LV7008886740	85.2867917932813	-13.8155105579643	6.81771537296155	-1.62794815853032	-1.45451628036642	-0.0249145968508438	ko	451	386	293	316	0.970278184012381	0.811055995756461	0.913356816237928	938839	451	GeoB25202_R1	43.105	4	IG-B
LV7008886741	397.708734627015	-5.137072135356	-1.38629436111989	-0.661483906717868	-1.17141763413283	-1.59364219321285	ko	191	137	109	119	0.445739090701394	0.399983384219162	0.428372632622119	337029	191	GeoB25202_R1	58.997	2	IG-E
LV7008886742	53.8471038122839	-13.8155105579643	7.26512820008918	-1.19335729238162	-0.729515759561441	-0.558821763060472	ko	601	441	324	352	0.951620602780312	0.655129884360363	0.857814381989641	588639	601	GeoB25202_R2	75.351	1	IG-D
LV7008886743	7.59854047088378	-13.8155105579643	5.89425640267879	-1.1756774059881	-1.46061019748893	-0.620172740303157	ko	508	372	262	296	0.945530053627724	0.578630340960646	0.840096320509987	429815	508	GeoB25202_R1	81.6705	1	IG-D
LV7008886744	140.118427273409	-13.8155105579643	0	-0.85421975483075	-1.43092986097821	-1.10503554239751	ko	423	314	209	235	0.942666048445507	0.54225268880747	0.796871922152622	329979	423	GeoB25202_R1	105.5785	1	IG-D
LV7008886745	180.740969226211	-13.8155105579643	0	-2.08759825962673	-1.58697003298147	-0.575386380679747	ko	152	134	109	116	0.920383028988594	0.729265506090122	0.8786913498964	103282	152	GeoB25202_R2	136.2775	4	IG-B
LV7008886751	136.306833448277	-13.8155105579643	6.33054284322096	-1.5886311809457	-0.826895784953393	-0.30365566541825	ko	586	391	296	318	0.857031159022475	0.68938891621928	0.789560741200208	841554	586	GeoB25202_R1	7.1335	3	IG-A
LV7008886752	24.7619159369993	-13.8155105579643	5.97575152860208	-1.68881733443451	-0.885534591041848	-0.18884019371962	ko	295	266	202	221	0.991957283355351	0.754528285019802	0.894635871254099	704737	295	GeoB25202_R2	43.105	5	G-A
LV7008886753	117.018904839075	-13.8155105579643	0	-1.99663498158621	-1.17367003301439	-0.982161599739726	ko	249	220	174	190	0.543245760248661	0.41502405343362	0.504988640610263	337166	249	GeoB25202_R2	58.997	4	IG-B
LV7008886754	87.2330084891465	-13.8155105579643	6.71492367059159	-0.72054130161597	-0.410194394733646	-0.702994944075695	ko	706	479	365	388	0.70690865361017	0.527499631865705	0.632063270014235	814920	706	GeoB25202_R1	71.8895	1	IG-D
LV7008886755	24.5865279359948	-13.8155105579643	6.92010336354883	-1.02290689282421	-0.966555206262619	-0.43296447356348	ko	454	354	258	283	0.958499437541868	0.615809497326744	0.86323040560183	395585	454	GeoB25202_R2	81.6705	1	IG-D
LV7008886756	26.720449340447	-13.8155105579643	0	-1.08374403220127	-1.63105060297995	-0.96863242153363	ko	384	298	199	225	0.944748319317607	0.500333325301398	0.817277495321398	249006	384	GeoB25202_R2	105.5785	1	IG-D
LV7008886757	200.127715053915	-13.8155105579643	0	-1.98338032917029	-1.77910927430691	-0.713370119711233	ko	61	54	43	49	0.965651252257203	0.710371359032739	0.93346156865824	25474	61	GeoB25202_R1	123.1195	2	IG-E
LV7008886763	180.396113603492	-13.8155105579643	6.87802668053255	-1.74751698345882	-1.13748027601707	-0.874956937433626	ko	615	390	307	337	0.473088355429573	0.38357644117676	0.448606148889611	1219212	615	GeoB25202_R2	7.1335	3	IG-A
LV7008886765	114.558300099419	-13.8155105579643	4.99125986801195	-0.680621135093978	-0.992529863482623	-0.662568058606035	ko	498	390	301	325	0.64406195655604	0.522171021041383	0.60579667871785	1172499	498	GeoB25202_R1	58.181	4	IG-B
LV7008886766	68.9495114461452	-13.8155105579643	5.73916356859079	-1.08417133776125	-0.736757566214211	-0.571551233958812	ko	683	483	368	392	0.935964594206089	0.632749064349448	0.839785221253836	617752	683	GeoB25202_R2	71.8895	1	IG-D
LV7008886768	38.8877236637665	-13.8155105579643	0	-1.21397416990825	-1.70454978816866	-0.753611708675293	ko	441	351	260	287	0.935274804803568	0.597574680654518	0.844698953264649	339914	441	GeoB25202_R1	102.2955	1	IG-D
LV7008886769	188.248446763673	-13.8155105579643	0	-1.62995732834186	-1.75858400689326	-0.706076817502044	ko	92	85	70	74	0.980144308330526	0.672505185526619	0.917527966387151	56407	92	GeoB25202_R2	123.1195	2	IG-E
LV7008886776	101.023013750523	-13.8155105579643	6.54621664549953	-1.51200207758912	-0.370015540112736	0.0942950300528272	ko	433	344	264	279	0.948327752531292	0.798201187913577	0.897022243482421	1003440	433	GeoB25202_R1	36.607	5	G-A
LV7008886778	75.3834700797662	-13.8155105579643	0	-1.16119522387224	-0.864802405236011	-0.200843237024672	ko	496	382	287	317	0.964505484346802	0.739096620163264	0.898154735348615	497598	496	GeoB25202_R1	68.149	1	IG-D
LV7008886780	63.628097664951	-13.8155105579643	6.51576920733877	-0.932825699093026	-1.70663727807604	-0.787621553561956	ko	601	437	321	348	0.941475506259978	0.588650346842936	0.844788953309246	428436	601	GeoB25202_R2	102.2955	1	IG-D
LV7008886781	168.984328678373	-13.8155105579643	0	-11.7444895704017	-1.66899569583496	-0.363562924495359	ko	30	29	23	28	0.979862261354721	0.77421323337111	0.950571005143405	11471	30	GeoB25202_R1	120.0235	2	IG-E
